id_student,total_clicks,final_result
6516,2791,Pass
8462,656,Withdrawn
8462,656,Withdrawn
11391,934,Pass
23629,161,Fail
23698,910,Pass
23798,590,Distinction
24186,184,Pass
24213,1992,Withdrawn
24213,1992,Pass
24391,712,Distinction
24734,499,Pass
25107,2562,Pass
25150,2103,Pass
25261,997,Withdrawn
25572,113,Withdrawn
25629,16,Withdrawn
25629,16,Withdrawn
25997,13,Withdrawn
26023,786,Pass
26192,2223,Distinction
26211,15205,Pass
26247,478,Fail
26315,2451,Pass
26734,210,Fail
26915,61,Fail
27116,1847,Distinction
27189,2638,Fail
27417,510,Withdrawn
27417,510,Withdrawn
27683,2129,Pass
27759,366,Fail
27780,553,Pass
27891,348,Withdrawn
27891,348,Fail
27935,813,Fail
28046,661,Fail
28061,1590,Pass
28400,1435,Pass
28418,328,Fail
28787,645,Pass
28808,232,Fail
28897,3367,Distinction
28952,105,Withdrawn
29144,1914,Fail
29335,8840,Distinction
29411,1170,Withdrawn
29411,1170,Pass
29420,816,Pass
29639,10503,Pass
29639,10503,Pass
29764,2867,Distinction
29769,1608,Fail
29820,2502,Pass
29820,2502,Pass
29985,760,Pass
30091,1332,Pass
30096,714,Distinction
30268,281,Withdrawn
30531,1548,Fail
30549,137,Fail
30850,2258,Distinction
31014,531,Withdrawn
31107,3873,Pass
31161,2932,Distinction
31173,858,Fail
31205,381,Fail
31269,859,Withdrawn
31269,859,Withdrawn
31296,1280,Fail
31600,429,Pass
31604,2158,Pass
31663,5906,Pass
31849,1179,Pass
32221,1133,Fail
32239,620,Pass
32327,699,Withdrawn
32885,1034,Pass
32930,438,Pass
33387,248,Withdrawn
33387,248,Fail
33600,481,Withdrawn
33600,481,Withdrawn
33666,1208,Withdrawn
33681,464,Withdrawn
33681,464,Fail
33796,351,Pass
33897,322,Withdrawn
33897,322,Withdrawn
33915,4121,Distinction
33930,544,Pass
34068,613,Withdrawn
34087,425,Withdrawn
34087,425,Fail
34229,706,Pass
34293,921,Withdrawn
34353,391,Fail
34431,192,Withdrawn
34431,192,Withdrawn
34653,213,Fail
34662,218,Withdrawn
34731,681,Withdrawn
34756,129,Withdrawn
34863,198,Pass
35001,77,Fail
35340,1812,Pass
35355,3358,Withdrawn
35355,3358,Pass
35502,545,Withdrawn
35508,3412,Pass
35508,3412,Distinction
35544,2107,Pass
35747,653,Withdrawn
35796,602,Fail
35812,19,Fail
35860,2215,Pass
36347,2161,Pass
36385,1355,Withdrawn
36385,1355,Withdrawn
37298,2097,Pass
37622,470,Pass
37652,885,Distinction
38053,2445,Pass
38234,94,Fail
38711,169,Withdrawn
39208,2067,Pass
39208,2067,Withdrawn
39411,164,Fail
39427,93,Withdrawn
39655,432,Distinction
39660,630,Fail
39882,1761,Withdrawn
39882,1761,Pass
40184,1876,Distinction
40333,174,Withdrawn
40419,704,Withdrawn
40419,704,Pass
40508,91,Withdrawn
40563,584,Pass
40604,465,Pass
40857,304,Withdrawn
40878,2455,Distinction
41060,411,Fail
41414,965,Pass
41489,53,Fail
41547,1007,Pass
42552,5079,Pass
42616,4093,Pass
42638,11845,Pass
42638,11845,Pass
42668,2839,Pass
42746,10673,Distinction
42746,10673,Distinction
42818,200,Fail
43273,1862,Pass
43284,847,Withdrawn
43430,5693,Pass
43564,2334,Pass
43958,3318,Withdrawn
43958,3318,Fail
45423,4383,Fail
45462,1492,Pass
45642,1428,Pass
45664,1445,Withdrawn
45664,1445,Pass
46016,389,Withdrawn
46048,12,Withdrawn
46148,3724,Pass
46605,3427,Distinction
46705,1149,Fail
46753,1779,Pass
46812,141,Withdrawn
46844,340,Pass
47061,347,Pass
47063,137,Withdrawn
47855,12,Withdrawn
47861,8757,Pass
47891,118,Fail
47924,34,Fail
48040,1829,Pass
48152,528,Pass
48503,434,Pass
48635,4998,Withdrawn
48635,4998,Pass
49119,2268,Distinction
49119,2268,Withdrawn
49123,1362,Pass
49670,33,Withdrawn
50069,531,Fail
50263,6288,Withdrawn
50263,6288,Pass
50476,568,Distinction
50487,5021,Pass
50610,13,Fail
50993,176,Fail
51030,804,Pass
51033,913,Pass
51153,1179,Pass
51163,1167,Pass
51301,670,Withdrawn
51485,2750,Distinction
51576,6101,Withdrawn
51576,6101,Withdrawn
51576,6101,Distinction
51955,405,Fail
52014,349,Fail
52130,1894,Pass
52275,91,Fail
52426,68,Fail
52702,323,Pass
52765,4938,Pass
52797,1117,Pass
52899,2468,Withdrawn
52899,2468,Pass
53025,3158,Pass
53136,3493,Pass
53166,2861,Pass
53197,60,Fail
53236,43,Withdrawn
53300,1957,Distinction
53360,22,Withdrawn
53488,1426,Pass
53626,39,Fail
53632,583,Withdrawn
53632,583,Fail
53709,2910,Withdrawn
53709,2910,Pass
53895,65,Withdrawn
54062,1624,Withdrawn
54062,1624,Distinction
54388,42,Withdrawn
54391,179,Withdrawn
54810,701,Withdrawn
54810,701,Pass
54867,604,Fail
54882,498,Fail
55013,604,Fail
55026,283,Pass
55104,1480,Pass
55242,13,Fail
55419,275,Withdrawn
55450,1195,Fail
55968,578,Fail
56340,4,Fail
56637,5440,Distinction
56667,853,Fail
56789,379,Pass
57079,776,Fail
57227,1425,Pass
57285,283,Pass
57340,1090,Pass
57359,217,Withdrawn
57506,1319,Pass
57818,3037,Pass
57844,1972,Pass
58071,3648,Pass
58077,37,Fail
58089,102,Fail
58316,1295,Pass
58549,2481,Distinction
58617,834,Fail
58640,1784,Pass
58653,383,Pass
58731,177,Pass
58873,1732,Pass
58884,5248,Distinction
59185,1102,Pass
59272,1425,Pass
59275,522,Fail
59370,2057,Pass
59541,441,Withdrawn
59725,859,Distinction
60135,2750,Pass
60162,764,Pass
60405,852,Distinction
60416,4983,Pass
60519,3198,Withdrawn
60809,4941,Pass
60809,4941,Pass
60830,1365,Pass
61227,4642,Pass
61236,506,Withdrawn
61297,94,Withdrawn
61352,181,Withdrawn
61911,448,Fail
62034,1889,Pass
62155,3388,Pass
62278,1037,Fail
62487,683,Pass
62631,525,Fail
62975,274,Fail
63015,694,Fail
63044,231,Fail
63112,3519,Pass
63112,3519,Withdrawn
63165,912,Pass
63295,1210,Pass
63371,3344,Pass
63400,2737,Pass
63467,712,Pass
63566,1232,Fail
63721,771,Distinction
63827,108,Withdrawn
63856,965,Pass
63949,432,Pass
63958,110,Fail
64275,199,Pass
64296,1239,Fail
64296,1239,Fail
64388,4596,Fail
64427,5640,Distinction
64450,3327,Pass
64767,206,Withdrawn
64901,827,Pass
65002,176,Withdrawn
65002,176,Fail
65656,1776,Pass
66047,52,Withdrawn
66254,2149,Fail
66451,1161,Pass
66577,143,Fail
66579,681,Fail
66713,1850,Pass
66892,329,Withdrawn
67182,354,Pass
67471,1113,Pass
67505,1246,Fail
67539,1438,Pass
67602,797,Pass
67685,2314,Withdrawn
67685,2314,Pass
67781,1771,Distinction
67785,1351,Pass
67986,660,Withdrawn
68011,360,Withdrawn
68107,4255,Pass
68208,7467,Fail
68376,1085,Pass
68417,1270,Pass
68556,98,Fail
69346,1458,Withdrawn
69439,293,Withdrawn
69489,215,Withdrawn
69489,215,Withdrawn
69489,215,Fail
69491,373,Pass
69494,2049,Withdrawn
69494,2049,Withdrawn
69703,695,Pass
70011,6396,Pass
70214,3509,Withdrawn
70214,3509,Pass
70381,755,Pass
70464,1053,Pass
70495,7252,Pass
70495,7252,Distinction
70537,2434,Pass
70569,947,Pass
70608,270,Distinction
70750,103,Withdrawn
70771,181,Withdrawn
70827,269,Withdrawn
71159,5236,Pass
71209,483,Pass
71252,1194,Pass
71361,2327,Pass
71433,60,Fail
71504,1049,Pass
71578,1572,Pass
71676,1077,Pass
71723,737,Fail
71723,737,Fail
71897,261,Withdrawn
72114,4300,Pass
72349,134,Withdrawn
72400,420,Distinction
72609,6378,Fail
72693,2269,Pass
72864,1423,Pass
73019,540,Fail
73489,1845,Pass
73584,243,Withdrawn
73664,141,Withdrawn
73664,141,Fail
73874,931,Withdrawn
74113,583,Fail
74165,1897,Pass
74290,271,Withdrawn
74290,271,Withdrawn
74372,116,Fail
74502,3630,Pass
74521,1297,Pass
74524,96,Fail
74585,7811,Distinction
74695,3679,Distinction
74734,208,Pass
75091,2992,Pass
75107,5914,Distinction
75255,950,Pass
75309,1,Withdrawn
75309,1,Withdrawn
75399,489,Pass
75427,1073,Fail
75454,4465,Pass
75728,1868,Fail
76081,1728,Withdrawn
76081,1728,Pass
76536,18,Fail
76579,2229,Withdrawn
76579,2229,Pass
76949,1482,Pass
77241,224,Withdrawn
77367,680,Pass
77692,2568,Pass
77744,2273,Pass
77746,110,Fail
77763,1354,Pass
77845,472,Fail
77995,897,Pass
77998,1305,Withdrawn
77998,1305,Pass
78170,2669,Fail
78255,321,Withdrawn
78255,321,Fail
78645,426,Fail
79261,2073,Pass
79403,1782,Withdrawn
79461,810,Withdrawn
79461,810,Fail
79610,2482,Pass
79683,431,Withdrawn
80329,4608,Withdrawn
80329,4608,Pass
80329,4608,Withdrawn
80329,4608,Pass
80358,1502,Pass
80438,5083,Pass
80448,350,Withdrawn
80491,330,Withdrawn
80717,3699,Distinction
80745,1015,Pass
80775,698,Pass
80868,28615,Pass
80868,28615,Pass
80886,589,Withdrawn
81216,13,Withdrawn
81351,817,Fail
81536,474,Fail
81754,310,Withdrawn
82088,1100,Fail
82201,591,Withdrawn
82201,591,Fail
82341,508,Distinction
82535,352,Pass
82556,1538,Fail
82575,658,Distinction
82741,879,Pass
82817,1370,Pass
83219,3395,Pass
83219,3395,Pass
83254,954,Pass
83453,382,Withdrawn
83553,393,Fail
83603,2935,Pass
84051,210,Fail
84245,657,Distinction
84299,1986,Withdrawn
84299,1986,Pass
84541,179,Fail
84576,2126,Distinction
84604,7698,Distinction
84605,1194,Withdrawn
84605,1194,Pass
84664,495,Pass
84812,474,Pass
85092,665,Pass
85144,656,Pass
85241,204,Withdrawn
85302,2280,Pass
85304,23,Withdrawn
85325,81,Withdrawn
85874,1853,Withdrawn
86047,1065,Withdrawn
86047,1065,Pass
86291,197,Withdrawn
86291,197,Fail
86538,1569,Withdrawn
86669,2284,Pass
87107,861,Pass
87152,2253,Pass
87264,8480,Distinction
87322,1791,Pass
87431,802,Withdrawn
87732,1018,Pass
87929,568,Pass
88340,187,Withdrawn
88439,809,Pass
88490,953,Distinction
88568,3582,Pass
88758,51,Withdrawn
88758,51,Withdrawn
88781,888,Fail
88910,576,Pass
89051,1163,Pass
89092,183,Pass
89188,1760,Pass
89545,595,Pass
89727,406,Fail
89778,141,Distinction
89850,1227,Distinction
89895,5614,Pass
89904,609,Pass
90243,1084,Pass
90361,183,Pass
90537,810,Pass
90651,195,Withdrawn
90836,205,Fail
90901,2315,Distinction
90979,168,Fail
91040,446,Withdrawn
91164,21,Fail
91265,1494,Pass
91322,1616,Pass
91354,103,Withdrawn
91470,1521,Pass
91629,1657,Fail
91801,1354,Withdrawn
92103,114,Withdrawn
92274,447,Withdrawn
92274,447,Withdrawn
92312,39,Fail
92341,957,Fail
92391,229,Fail
92775,10981,Fail
92832,1067,Pass
92947,1350,Distinction
92993,974,Pass
94484,2275,Pass
94616,199,Fail
94749,1845,Fail
94923,444,Fail
94961,1240,Withdrawn
94961,1240,Pass
94964,199,Fail
94978,1234,Withdrawn
95356,281,Withdrawn
95356,281,Withdrawn
95746,936,Pass
95755,381,Withdrawn
95906,1721,Pass
96117,539,Pass
96291,103,Withdrawn
96423,589,Pass
96475,207,Pass
96538,182,Fail
96592,776,Pass
96729,2707,Pass
96864,96,Withdrawn
96873,402,Fail
96874,283,Fail
96874,283,Fail
96945,9,Withdrawn
97006,189,Pass
97154,984,Pass
97486,13,Withdrawn
97486,13,Withdrawn
97567,471,Pass
97865,91,Withdrawn
97939,98,Fail
98094,2839,Pass
98256,355,Withdrawn
98268,770,Pass
98313,145,Pass
98452,35,Withdrawn
98720,439,Pass
98842,368,Pass
99075,1369,Fail
99088,359,Withdrawn
99151,397,Fail
99609,139,Withdrawn
99670,2109,Fail
99799,553,Pass
99993,3922,Pass
100064,6514,Pass
100282,42,Withdrawn
100561,950,Fail
100621,59,Withdrawn
100788,4395,Distinction
100788,4395,Pass
100893,744,Pass
101116,1769,Pass
101217,717,Withdrawn
101217,717,Fail
101279,112,Fail
101306,866,Fail
101420,5766,Pass
101634,380,Fail
101781,4104,Pass
102028,4382,Distinction
102067,67,Withdrawn
102209,535,Withdrawn
102221,1025,Pass
102343,3825,Pass
102806,1944,Pass
102849,1,Withdrawn
102850,1749,Pass
102854,4400,Distinction
102952,1150,Pass
103496,1221,Pass
103535,381,Pass
103800,170,Pass
103891,83,Withdrawn
103891,83,Withdrawn
103904,1579,Distinction
103998,49,Fail
104054,1451,Distinction
104213,2245,Distinction
104316,928,Fail
104476,4777,Pass
104480,203,Fail
104643,1496,Pass
104772,1157,Withdrawn
104772,1157,Fail
105125,558,Withdrawn
105168,1107,Fail
105168,1107,Fail
105413,963,Pass
105523,1954,Pass
105523,1954,Pass
105527,993,Pass
105629,5925,Pass
105851,385,Pass
105883,4022,Pass
105939,2900,Pass
106095,1243,Pass
106247,465,Withdrawn
106553,548,Pass
106577,733,Pass
106588,981,Distinction
106690,188,Withdrawn
106793,404,Fail
107028,666,Withdrawn
107028,666,Fail
107084,1493,Fail
107162,4243,Distinction
107339,4604,Pass
107339,4604,Distinction
107455,1040,Fail
107489,3722,Pass
107713,111,Withdrawn
107883,626,Withdrawn
108118,396,Pass
108207,3260,Pass
108281,3797,Pass
108330,3209,Pass
108377,2399,Pass
108497,2208,Pass
108565,203,Withdrawn
108589,411,Pass
108760,846,Fail
108789,102,Fail
108799,472,Distinction
108822,7427,Distinction
108834,290,Withdrawn
108859,1996,Pass
108872,1377,Pass
108949,557,Withdrawn
108949,557,Fail
109155,3019,Pass
109372,1450,Pass
109441,678,Pass
109577,3794,Fail
109577,3794,Pass
109772,199,Pass
109782,154,Withdrawn
109938,396,Distinction
110085,1679,Fail
110116,4092,Pass
110175,998,Pass
110200,157,Fail
110461,12,Withdrawn
110524,876,Pass
110529,3039,Withdrawn
110640,1805,Pass
110789,1084,Pass
110820,1114,Withdrawn
110881,5032,Pass
110881,5032,Pass
110911,520,Pass
111113,367,Fail
111360,697,Withdrawn
111360,697,Fail
111512,439,Fail
111548,542,Withdrawn
111678,4,Fail
111717,2343,Pass
111775,3211,Pass
111926,1553,Fail
111926,1553,Pass
111942,1853,Pass
111959,431,Withdrawn
112245,2262,Pass
112441,969,Pass
112454,1131,Pass
113295,3553,Pass
113565,2515,Pass
113698,271,Fail
113702,1936,Withdrawn
113824,590,Fail
114017,757,Pass
114367,2234,Pass
114402,1123,Distinction
114500,3570,Fail
114558,1620,Pass
114999,1358,Pass
115373,3386,Pass
115452,590,Fail
116174,257,Withdrawn
116174,257,Withdrawn
116290,139,Fail
116319,276,Pass
116499,166,Fail
116518,942,Pass
116529,1408,Withdrawn
116529,1408,Fail
116541,1886,Pass
116603,1179,Distinction
116606,511,Pass
116621,5554,Distinction
116631,551,Withdrawn
116692,1108,Pass
116763,115,Withdrawn
116808,12175,Distinction
117071,74,Fail
117197,1009,Pass
117232,2692,Pass
117232,2692,Pass
117281,1427,Pass
117435,1355,Withdrawn
117435,1355,Fail
117510,4070,Pass
117544,2580,Pass
117545,442,Fail
117550,252,Fail
117699,473,Distinction
117818,1695,Pass
117862,56,Withdrawn
117939,666,Withdrawn
118050,1206,Pass
118098,537,Fail
118176,147,Withdrawn
118213,21,Fail
118474,474,Distinction
118479,3463,Pass
118532,4531,Pass
118578,792,Withdrawn
118578,792,Withdrawn
118668,3249,Pass
118877,4,Withdrawn
118887,10,Withdrawn
118983,284,Pass
119310,2609,Withdrawn
119310,2609,Pass
119353,3766,Withdrawn
119353,3766,Pass
119444,614,Withdrawn
119444,614,Pass
119471,592,Fail
119729,573,Withdrawn
119865,2527,Distinction
119898,167,Pass
119902,2590,Withdrawn
120236,1281,Fail
120611,125,Fail
120994,740,Fail
120999,507,Pass
121000,342,Fail
121056,17,Withdrawn
121163,449,Withdrawn
121182,92,Distinction
121349,2259,Pass
121390,371,Fail
122337,634,Fail
122392,809,Pass
122459,270,Pass
122636,110,Fail
122739,526,Fail
122846,1051,Pass
122928,184,Fail
123044,2041,Pass
123053,342,Withdrawn
123087,470,Pass
123183,2893,Pass
123270,145,Fail
123462,1001,Pass
123497,497,Fail
123598,2092,Withdrawn
123598,2092,Pass
123598,2092,Distinction
123716,1068,Pass
123860,1292,Pass
123957,673,Withdrawn
123957,673,Fail
124006,734,Pass
124018,82,Withdrawn
124064,2042,Distinction
124124,21,Withdrawn
124134,1146,Fail
124193,945,Distinction
124304,1995,Pass
124379,167,Fail
124387,56,Withdrawn
124711,265,Withdrawn
124711,265,Withdrawn
124728,1988,Withdrawn
124728,1988,Withdrawn
124909,1520,Pass
124944,928,Pass
125018,2195,Pass
125055,863,Pass
125063,3676,Fail
125407,160,Pass
125535,196,Pass
125777,438,Withdrawn
125830,1810,Withdrawn
125874,45,Withdrawn
125874,45,Withdrawn
125996,3327,Pass
126074,209,Withdrawn
126088,1140,Fail
126322,526,Pass
126337,2514,Withdrawn
126337,2514,Withdrawn
126394,3782,Pass
126394,3782,Pass
126395,1549,Pass
126411,25,Fail
126450,2566,Pass
126608,443,Pass
126713,291,Pass
126769,1362,Pass
126800,1501,Pass
126812,2862,Withdrawn
126812,2862,Pass
127179,358,Withdrawn
127580,3002,Pass
127582,1321,Pass
127642,2906,Pass
127988,186,Pass
128072,153,Withdrawn
128132,1357,Pass
128142,1706,Fail
128348,493,Withdrawn
128386,66,Fail
128510,872,Withdrawn
128510,872,Pass
128656,386,Pass
128678,782,Fail
128723,76,Withdrawn
128776,146,Withdrawn
128791,1235,Withdrawn
128817,735,Withdrawn
128889,9524,Pass
128929,1410,Distinction
128965,518,Withdrawn
128965,518,Pass
128968,3192,Pass
128971,1982,Pass
129198,1516,Withdrawn
129198,1516,Withdrawn
129212,1427,Distinction
129638,921,Withdrawn
129878,251,Fail
129907,4139,Distinction
129955,1888,Withdrawn
129955,1888,Withdrawn
129989,1414,Distinction
130003,238,Fail
130013,252,Pass
130034,1831,Pass
130403,5639,Pass
130409,1630,Pass
130467,1224,Pass
130547,1252,Pass
130636,332,Pass
130658,3496,Pass
130671,1199,Withdrawn
130671,1199,Pass
130837,66,Fail
130992,2702,Pass
131051,999,Pass
131145,8229,Distinction
131145,8229,Pass
131152,377,Fail
131222,3902,Pass
131222,3902,Pass
131235,744,Withdrawn
131272,5485,Pass
131314,292,Pass
131390,157,Pass
131538,2307,Pass
131597,3110,Pass
131609,454,Withdrawn
131612,1655,Pass
131663,58,Fail
131695,223,Withdrawn
131695,223,Withdrawn
131776,1065,Pass
131820,168,Fail
131933,2039,Withdrawn
131933,2039,Pass
132123,1054,Pass
132157,2770,Fail
132157,2770,Pass
132191,79,Withdrawn
132401,996,Fail
132423,402,Withdrawn
132423,402,Withdrawn
132453,1661,Pass
132475,4300,Pass
132477,996,Pass
132511,403,Fail
132626,480,Withdrawn
132924,21,Fail
132932,447,Pass
132972,176,Pass
132976,520,Pass
133019,3783,Pass
133068,1235,Pass
133104,4168,Distinction
133104,4168,Pass
133155,1360,Pass
133185,3326,Pass
133322,2698,Fail
133365,2110,Pass
133419,491,Withdrawn
133718,585,Fail
133748,408,Fail
133816,4000,Pass
133922,574,Pass
134025,2896,Withdrawn
134025,2896,Distinction
134123,762,Pass
134143,2732,Distinction
134188,1150,Pass
134190,363,Withdrawn
134212,2096,Pass
134243,2275,Pass
134260,1157,Pass
134336,278,Fail
134563,5183,Pass
134578,185,Fail
134721,90,Withdrawn
134847,2103,Withdrawn
134847,2103,Pass
134851,6125,Pass
134920,236,Fail
134982,1088,Withdrawn
134982,1088,Pass
135075,2881,Pass
135280,2412,Distinction
135330,825,Fail
135330,825,Fail
135331,24,Fail
135335,73,Withdrawn
135335,73,Withdrawn
135385,2500,Pass
135400,610,Withdrawn
135400,610,Pass
135471,2291,Distinction
135763,581,Pass
135792,728,Fail
135999,188,Withdrawn
136054,2362,Pass
136135,878,Pass
136335,792,Withdrawn
136793,678,Pass
136894,2793,Pass
136944,1473,Withdrawn
136944,1473,Pass
137150,151,Withdrawn
137281,1040,Fail
137603,1628,Pass
137873,5528,Pass
137903,6273,Pass
138204,182,Fail
138289,575,Fail
138407,942,Withdrawn
138416,977,Pass
138704,1298,Pass
138709,702,Withdrawn
138709,702,Withdrawn
138710,737,Pass
138715,581,Withdrawn
138715,581,Fail
138861,818,Distinction
138920,437,Fail
138997,344,Fail
139033,790,Fail
139190,3198,Withdrawn
139190,3198,Pass
139206,4604,Distinction
139250,518,Distinction
139278,1881,Fail
139329,1131,Pass
139455,115,Fail
139549,286,Pass
139701,653,Fail
139843,127,Fail
139949,3610,Pass
140060,2110,Distinction
140108,61,Fail
140518,297,Fail
140719,260,Fail
140807,2568,Pass
140866,3028,Pass
140907,3407,Pass
141182,12,Withdrawn
141301,392,Withdrawn
141301,392,Withdrawn
141301,392,Withdrawn
141355,1823,Pass
141377,756,Withdrawn
141377,756,Pass
141430,3228,Pass
141497,491,Fail
141506,415,Fail
141648,5165,Pass
141766,7,Withdrawn
141823,276,Withdrawn
141827,460,Pass
141949,878,Pass
142092,2782,Distinction
142092,2782,Distinction
142310,2349,Pass
142324,778,Fail
142324,778,Pass
142326,2121,Pass
142339,5463,Distinction
142819,435,Pass
142935,6160,Pass
142990,135,Fail
142998,7,Withdrawn
142998,7,Withdrawn
143350,2637,Pass
143711,2127,Distinction
143741,704,Distinction
143755,4529,Pass
144448,4365,Distinction
144562,1984,Fail
144745,2578,Pass
144745,2578,Pass
144747,1661,Distinction
144801,5645,Pass
144895,1501,Pass
144908,342,Withdrawn
144923,311,Fail
144959,864,Withdrawn
144959,864,Withdrawn
145114,2004,Fail
145114,2004,Pass
145130,452,Pass
145188,26,Fail
145280,662,Pass
145282,1552,Distinction
145388,259,Fail
145490,1121,Fail
145544,862,Pass
145578,659,Withdrawn
145640,2305,Distinction
145640,2305,Distinction
145770,42,Withdrawn
146089,1,Fail
146125,588,Withdrawn
146125,588,Withdrawn
146165,167,Pass
146188,597,Fail
146192,5,Fail
146455,91,Withdrawn
146485,856,Fail
146503,368,Pass
146600,324,Pass
146651,650,Fail
146666,708,Fail
146679,637,Withdrawn
146738,3756,Distinction
146943,821,Withdrawn
146974,1054,Pass
147168,8583,Pass
147307,221,Withdrawn
147328,2457,Pass
147675,866,Withdrawn
147715,861,Fail
147756,1718,Fail
147756,1718,Pass
147793,155,Withdrawn
147876,342,Fail
148008,529,Fail
148282,197,Fail
148328,1576,Withdrawn
148414,1328,Pass
148427,421,Pass
148515,28,Fail
148931,306,Withdrawn
148993,3812,Withdrawn
148993,3812,Pass
149178,2824,Pass
149567,485,Withdrawn
149680,5338,Pass
149693,2835,Pass
149741,2342,Pass
149962,141,Pass
149964,200,Withdrawn
150121,1113,Withdrawn
150121,1113,Fail
150282,1794,Pass
150398,2129,Distinction
150578,674,Fail
150763,9875,Pass
151358,270,Pass
151465,2495,Pass
151549,285,Fail
151587,166,Withdrawn
151697,424,Pass
151745,591,Pass
151800,85,Fail
151917,1622,Fail
151917,1622,Pass
152153,500,Withdrawn
152320,2347,Withdrawn
152320,2347,Pass
152428,3064,Pass
152524,9671,Distinction
152587,5089,Pass
152626,7798,Withdrawn
152626,7798,Pass
152668,765,Withdrawn
152671,381,Distinction
152867,28,Withdrawn
152887,351,Withdrawn
152910,2194,Pass
152917,7558,Distinction
152929,299,Pass
152962,8137,Pass
152973,784,Pass
153110,534,Fail
153170,1056,Pass
153212,842,Distinction
153611,2000,Fail
153704,580,Withdrawn
153704,580,Fail
153785,5075,Pass
153788,3457,Withdrawn
153788,3457,Withdrawn
153788,3457,Fail
154011,681,Pass
154027,569,Pass
154057,1465,Fail
154059,1977,Pass
154073,343,Fail
154125,97,Fail
154191,2695,Distinction
154540,417,Pass
154570,12401,Withdrawn
154697,71,Withdrawn
155067,75,Fail
155158,2386,Pass
155256,407,Distinction
155298,1981,Pass
155298,1981,Pass
155484,2092,Distinction
155511,5057,Distinction
155550,1529,Pass
155631,1258,Pass
155735,133,Withdrawn
155854,4003,Pass
155938,2735,Pass
155956,2175,Fail
155963,452,Distinction
155984,2645,Withdrawn
155984,2645,Pass
156127,243,Fail
156171,2421,Pass
156311,575,Pass
156358,652,Withdrawn
156594,2094,Pass
156783,1101,Pass
156788,21,Withdrawn
156788,21,Withdrawn
156835,1290,Pass
157060,302,Pass
157225,911,Withdrawn
157276,3132,Distinction
157298,1332,Pass
157308,2675,Pass
157310,944,Withdrawn
157310,944,Withdrawn
157310,944,Pass
157310,944,Withdrawn
157568,1405,Pass
157647,124,Fail
157752,368,Fail
157795,1519,Pass
158575,457,Withdrawn
158611,752,Pass
158707,4746,Withdrawn
158708,1680,Pass
158831,981,Pass
159287,2892,Pass
159293,799,Distinction
159484,101,Fail
159571,444,Fail
159596,571,Withdrawn
159906,1267,Pass
159925,2466,Pass
159947,2495,Fail
159954,2062,Withdrawn
159954,2062,Withdrawn
160005,3922,Pass
160026,95,Pass
160181,2746,Withdrawn
160193,314,Withdrawn
160262,308,Fail
160300,2235,Pass
160310,4149,Fail
160401,86,Withdrawn
160472,1681,Fail
160479,429,Pass
160536,1900,Pass
160536,1900,Pass
160720,9,Withdrawn
160934,143,Fail
160945,572,Pass
160946,1711,Pass
161491,970,Distinction
161658,958,Fail
161678,94,Fail
161781,740,Withdrawn
161781,740,Fail
161878,36,Withdrawn
162210,2955,Distinction
162337,1219,Fail
162337,1219,Fail
162650,399,Fail
162809,2460,Pass
162901,29,Withdrawn
162984,93,Withdrawn
163067,1066,Withdrawn
163067,1066,Pass
163120,3716,Pass
163332,655,Fail
163962,19,Withdrawn
163996,775,Fail
164148,4129,Pass
164211,481,Distinction
164259,466,Pass
164708,283,Withdrawn
164922,507,Pass
164935,673,Pass
164944,1300,Pass
164968,2613,Fail
164968,2613,Pass
165099,429,Fail
165178,752,Withdrawn
165178,752,Fail
165226,1062,Fail
165243,1111,Pass
165376,911,Pass
165421,1178,Fail
165498,164,Withdrawn
165509,574,Pass
165617,4104,Fail
165647,710,Withdrawn
165647,710,Fail
165733,3948,Withdrawn
165733,3948,Withdrawn
165733,3948,Fail
165806,1495,Fail
165823,74,Withdrawn
165898,56,Fail
165904,963,Distinction
166123,2912,Pass
166160,3160,Distinction
166183,112,Fail
166327,3667,Pass
166342,810,Pass
166421,3328,Pass
166607,32,Withdrawn
166713,2223,Pass
166988,922,Pass
167106,2761,Pass
167557,641,Withdrawn
167717,286,Fail
167759,2027,Fail
167791,2734,Pass
167791,2734,Distinction
167906,1510,Pass
167945,479,Withdrawn
167961,2129,Pass
168178,1293,Pass
168229,6765,Distinction
168243,161,Withdrawn
168843,465,Withdrawn
168936,745,Pass
169008,910,Pass
169079,1832,Distinction
169213,332,Pass
169297,400,Withdrawn
169380,993,Pass
169400,1208,Distinction
169490,2747,Fail
169515,212,Withdrawn
169555,277,Fail
169596,1242,Fail
169700,32,Fail
169858,1296,Pass
169894,1045,Withdrawn
169894,1045,Pass
169908,643,Fail
170025,691,Withdrawn
170025,691,Pass
170030,2759,Pass
170030,2759,Distinction
170165,3807,Pass
170356,439,Withdrawn
170864,4774,Distinction
170874,2126,Pass
170936,339,Pass
170943,2774,Pass
171304,1359,Fail
171334,380,Withdrawn
171549,1053,Withdrawn
171692,2326,Fail
171692,2326,Withdrawn
171751,320,Pass
171843,1260,Pass
171896,3250,Withdrawn
171896,3250,Withdrawn
171896,3250,Pass
172112,1939,Pass
172137,2095,Pass
172301,35,Withdrawn
172493,3671,Pass
172797,1782,Pass
172965,2222,Distinction
172965,2222,Withdrawn
172965,2222,Withdrawn
172965,2222,Pass
173004,1583,Withdrawn
173004,1583,Fail
173163,900,Fail
173316,1704,Fail
173335,435,Fail
173341,96,Fail
173370,1350,Pass
173412,2888,Withdrawn
173412,2888,Withdrawn
173710,3100,Distinction
173834,2378,Pass
174010,1675,Fail
174024,812,Pass
174094,4841,Pass
174222,701,Pass
174436,101,Fail
174440,196,Fail
174468,1,Fail
174487,434,Pass
174745,1610,Pass
174782,6318,Pass
174805,927,Withdrawn
175392,4447,Pass
175447,3779,Pass
175453,1319,Pass
175490,2360,Distinction
175638,267,Fail
175772,3018,Withdrawn
175804,121,Withdrawn
175932,2016,Pass
175940,900,Pass
175991,138,Fail
176086,443,Fail
176092,1201,Pass
177186,9,Withdrawn
177333,1049,Pass
177354,923,Pass
177472,549,Fail
177492,4409,Distinction
177554,326,Fail
177568,1020,Pass
177639,77,Withdrawn
177781,343,Fail
177817,388,Withdrawn
177967,765,Pass
177981,1746,Pass
178020,1026,Pass
178072,516,Withdrawn
178072,516,Pass
178118,1120,Fail
178179,3689,Pass
178258,1671,Withdrawn
178258,1671,Withdrawn
178496,448,Distinction
178738,161,Fail
178935,12,Withdrawn
178963,118,Pass
179073,156,Withdrawn
179081,2587,Fail
179254,45,Fail
179297,108,Fail
179605,167,Withdrawn
179718,1197,Fail
179892,2737,Pass
179904,637,Fail
179904,637,Fail
180651,890,Pass
180667,1766,Pass
180753,2012,Pass
180958,2785,Pass
180974,5762,Withdrawn
180974,5762,Pass
180976,4525,Pass
181251,19,Fail
181316,487,Withdrawn
181508,3565,Pass
181719,700,Withdrawn
181861,1812,Pass
181992,1393,Pass
182400,1523,Fail
182468,2641,Fail
182661,26,Pass
182824,239,Pass
182854,1552,Pass
183057,833,Pass
183096,1975,Pass
183287,162,Withdrawn
183331,1305,Withdrawn
183331,1305,Fail
183429,1552,Fail
183714,3289,Pass
183806,149,Fail
183947,964,Pass
184025,112,Fail
184129,185,Fail
184137,238,Distinction
184271,1312,Pass
184409,2576,Distinction
184473,1465,Pass
184583,152,Fail
184627,694,Withdrawn
184627,694,Withdrawn
184720,1050,Withdrawn
184720,1050,Fail
184968,443,Withdrawn
184972,1761,Pass
185021,101,Pass
185024,816,Withdrawn
185024,816,Withdrawn
185057,3844,Withdrawn
185057,3844,Pass
185127,856,Pass
185127,856,Pass
185349,4702,Pass
185350,236,Fail
185439,427,Fail
185496,2631,Fail
185994,2766,Pass
186149,2136,Pass
186380,4468,Distinction
186476,1009,Pass
186565,609,Fail
186670,232,Fail
186780,30,Withdrawn
186988,368,Fail
187100,8562,Distinction
187199,1813,Pass
187257,315,Pass
187435,1851,Distinction
187601,1964,Pass
187623,522,Fail
187663,724,Pass
187793,2817,Fail
188026,444,Fail
188152,1314,Distinction
188251,603,Fail
188260,918,Pass
188273,1614,Pass
188273,1614,Pass
188278,4497,Withdrawn
188278,4497,Pass
188524,203,Withdrawn
188662,2762,Pass
188662,2762,Pass
188766,372,Pass
188875,203,Fail
189035,934,Pass
189095,904,Fail
189117,1141,Distinction
189143,834,Distinction
189178,3538,Fail
189428,715,Pass
189442,1633,Withdrawn
189624,4949,Pass
189624,4949,Pass
189629,1670,Pass
189664,447,Pass
189720,438,Fail
189879,1541,Pass
190279,13721,Pass
190352,234,Fail
190418,6673,Distinction
190565,262,Pass
190653,861,Withdrawn
190780,2180,Withdrawn
190780,2180,Pass
190910,305,Fail
190930,1700,Pass
191000,1148,Withdrawn
191000,1148,Withdrawn
191000,1148,Fail
191195,556,Fail
191269,886,Pass
191398,13,Withdrawn
191445,944,Fail
191459,789,Fail
191504,354,Withdrawn
191590,2501,Pass
191732,154,Fail
191746,313,Fail
191797,728,Pass
191896,1338,Fail
191972,3941,Pass
191973,588,Pass
191998,148,Withdrawn
192183,3219,Pass
192186,1250,Pass
192196,625,Pass
192375,1528,Pass
192424,852,Pass
192680,4000,Pass
192944,1269,Pass
193163,1729,Fail
193163,1729,Fail
193193,1025,Fail
193215,307,Fail
193310,1236,Pass
193803,216,Withdrawn
193803,216,Withdrawn
193822,2124,Pass
193834,2645,Pass
194163,4332,Pass
195096,411,Pass
195221,93,Fail
195234,900,Fail
195246,2138,Fail
195252,437,Fail
195262,1905,Withdrawn
195345,1206,Pass
195515,1618,Pass
195552,5103,Withdrawn
195552,5103,Pass
195897,1678,Pass
195938,428,Distinction
195940,381,Pass
196132,2433,Pass
196189,1102,Pass
196266,178,Fail
197188,130,Withdrawn
197240,330,Pass
197412,716,Pass
197486,2666,Withdrawn
197486,2666,Pass
197527,293,Fail
197536,1756,Pass
197538,380,Withdrawn
197595,1111,Pass
197730,1035,Withdrawn
197730,1035,Pass
197759,1361,Pass
198167,2029,Pass
198257,266,Withdrawn
198315,5,Fail
198339,142,Withdrawn
198470,262,Withdrawn
198691,277,Fail
198902,857,Fail
198902,857,Fail
198956,3262,Pass
199009,2521,Pass
199029,505,Distinction
199244,3448,Pass
199261,402,Withdrawn
199361,6024,Fail
199361,6024,Distinction
199446,2209,Pass
199520,1360,Pass
199636,1836,Pass
199663,403,Pass
199760,1256,Fail
199782,366,Fail
199897,2135,Pass
200095,6674,Pass
200278,250,Withdrawn
200372,437,Withdrawn
200372,437,Withdrawn
200588,348,Fail
200773,2058,Fail
200804,930,Pass
200860,534,Pass
200863,148,Withdrawn
200905,2514,Fail
200957,26,Fail
201151,1023,Distinction
201327,1137,Fail
201425,1263,Pass
201431,317,Pass
202138,348,Withdrawn
202394,1184,Distinction
202487,2613,Distinction
202489,1084,Withdrawn
202489,1084,Withdrawn
202506,129,Fail
202606,2728,Pass
202635,1418,Withdrawn
202677,2080,Pass
202713,376,Fail
202879,117,Fail
203050,4217,Pass
203066,1206,Pass
203108,123,Fail
203149,326,Fail
203442,53,Withdrawn
203481,1136,Pass
203568,2480,Fail
203640,176,Pass
203652,28,Fail
203707,3356,Withdrawn
203707,3356,Fail
203963,515,Pass
204117,1220,Withdrawn
204182,964,Pass
204410,3367,Pass
204505,8251,Pass
204609,1244,Pass
204725,2136,Pass
204738,2105,Distinction
204745,361,Fail
204746,410,Distinction
204996,1048,Pass
205350,1665,Pass
205398,1357,Fail
205417,286,Withdrawn
205425,3549,Distinction
205425,3549,Distinction
205442,978,Pass
205494,1114,Pass
205719,333,Fail
205788,1028,Pass
206003,1064,Distinction
206245,2039,Pass
206342,258,Fail
206599,3234,Fail
206599,3234,Pass
226374,379,Fail
226747,616,Distinction
226827,1433,Pass
226839,942,Pass
226879,1048,Distinction
226890,169,Pass
226895,919,Withdrawn
226895,919,Pass
226955,2052,Fail
227020,404,Fail
227167,7,Withdrawn
227192,3790,Pass
227192,3790,Pass
227254,24,Fail
227297,3226,Pass
227401,1489,Fail
227416,93,Fail
227491,1555,Withdrawn
227491,1555,Withdrawn
227499,2953,Distinction
227517,1205,Fail
227752,1830,Fail
227826,324,Withdrawn
228021,4028,Distinction
228049,14,Withdrawn
228082,227,Pass
228138,1635,Pass
228153,128,Fail
228222,445,Pass
228242,983,Fail
228258,1534,Fail
228272,1893,Pass
228373,334,Fail
228383,2386,Pass
228481,1003,Pass
228633,2457,Pass
228695,1705,Withdrawn
228695,1705,Pass
228703,3661,Pass
228729,8202,Pass
228775,938,Fail
228784,594,Pass
228824,803,Pass
228888,598,Pass
228909,575,Withdrawn
229057,220,Fail
229179,614,Pass
229240,421,Distinction
229326,607,Withdrawn
229361,1215,Pass
229417,444,Fail
229426,329,Distinction
229498,3854,Pass
229499,51,Fail
229499,51,Fail
230052,833,Withdrawn
230081,727,Pass
230279,3529,Pass
230383,3045,Pass
230510,167,Fail
230656,2,Withdrawn
230684,1325,Fail
230761,448,Fail
230947,132,Fail
231017,1520,Pass
231019,708,Fail
231024,3567,Pass
231320,788,Withdrawn
231339,4784,Distinction
231339,4784,Distinction
231554,1839,Pass
231572,552,Pass
231606,4911,Fail
231697,24,Withdrawn
231959,427,Withdrawn
231959,427,Fail
231973,616,Withdrawn
232072,1989,Fail
232078,555,Withdrawn
232078,555,Fail
232173,4790,Pass
232286,4257,Pass
232307,702,Pass
232347,2915,Pass
232480,102,Fail
232539,672,Distinction
232660,5008,Distinction
232675,769,Fail
232695,1274,Pass
232764,4445,Withdrawn
232764,4445,Pass
232827,1241,Distinction
232833,151,Withdrawn
232856,5048,Distinction
233087,6891,Distinction
233095,195,Pass
233102,782,Withdrawn
233102,782,Pass
233153,1251,Pass
233311,3328,Pass
233317,1112,Pass
233335,1892,Pass
233389,876,Fail
233444,720,Withdrawn
233444,720,Withdrawn
233685,4439,Pass
233752,7769,Pass
233771,2881,Pass
233771,2881,Pass
233868,629,Withdrawn
233868,629,Fail
233873,1031,Pass
233957,414,Fail
234004,44,Fail
234031,37,Withdrawn
234068,859,Fail
234068,859,Fail
234196,117,Withdrawn
234311,2352,Fail
234311,2352,Pass
234406,1016,Pass
234552,4053,Pass
234559,932,Pass
234609,7784,Pass
234661,4768,Withdrawn
234661,4768,Pass
234727,6513,Distinction
234740,4647,Withdrawn
234740,4647,Pass
234796,2322,Pass
234827,80,Withdrawn
234859,401,Pass
234929,422,Fail
234957,25,Withdrawn
234978,157,Fail
235068,2811,Pass
235097,1001,Fail
235097,1001,Withdrawn
235121,51,Withdrawn
235131,170,Withdrawn
235258,15,Withdrawn
235371,275,Pass
235380,370,Fail
235428,1700,Withdrawn
235428,1700,Fail
235428,1700,Withdrawn
235492,337,Fail
235507,1257,Withdrawn
235507,1257,Pass
235584,323,Fail
235670,1592,Pass
235706,684,Fail
235747,189,Withdrawn
235768,2185,Pass
235777,1055,Withdrawn
235893,2250,Distinction
235971,3305,Pass
235978,5742,Pass
236015,256,Withdrawn
236017,88,Withdrawn
236090,4044,Fail
236150,198,Withdrawn
236150,198,Withdrawn
236150,198,Withdrawn
236161,746,Pass
236205,3318,Pass
236284,732,Pass
236498,1542,Fail
236512,308,Fail
236620,5424,Pass
236620,5424,Pass
236844,1607,Pass
236857,699,Pass
236875,201,Pass
236953,1517,Pass
237182,1017,Fail
237274,2025,Pass
237304,211,Fail
237370,586,Withdrawn
237387,1140,Withdrawn
237401,2493,Pass
237418,141,Withdrawn
237506,51,Fail
237602,1212,Pass
237808,353,Fail
237891,2100,Pass
237913,3540,Fail
237913,3540,Pass
237921,2431,Distinction
237925,135,Withdrawn
237934,201,Fail
237934,201,Fail
237953,1204,Pass
238007,1935,Pass
238144,733,Fail
238150,10605,Pass
238255,219,Withdrawn
238301,5,Withdrawn
238519,303,Withdrawn
238800,279,Fail
238901,2603,Fail
238983,2978,Pass
239095,553,Pass
239345,3436,Pass
239459,2330,Pass
239540,3119,Pass
239707,444,Withdrawn
239748,592,Fail
239751,994,Pass
239908,806,Pass
240024,2703,Pass
240186,917,Pass
240236,1066,Fail
240389,1116,Withdrawn
240389,1116,Withdrawn
240486,3906,Fail
240486,3906,Pass
240641,950,Pass
240712,321,Pass
240755,668,Withdrawn
240755,668,Distinction
240884,427,Pass
240936,52,Fail
240993,1246,Pass
241039,2805,Pass
241066,356,Pass
241166,1592,Fail
241338,85,Fail
241649,1892,Pass
241700,187,Fail
241728,8641,Distinction
241729,1829,Fail
241769,213,Withdrawn
241771,681,Fail
241792,666,Withdrawn
241922,1477,Pass
241955,313,Fail
242149,372,Withdrawn
242149,372,Fail
242254,1157,Fail
242390,137,Fail
242472,1134,Fail
242491,3232,Distinction
242633,470,Pass
242636,131,Fail
242636,131,Fail
242778,2047,Withdrawn
242778,2047,Fail
242778,2047,Pass
242793,658,Pass
242858,4888,Pass
242858,4888,Pass
242893,549,Withdrawn
242893,549,Withdrawn
242998,2572,Pass
243025,1147,Pass
243358,721,Pass
243372,2069,Pass
243396,648,Fail
243510,549,Fail
243600,604,Fail
243657,5790,Distinction
243851,1060,Pass
243909,42,Fail
243926,750,Fail
243992,236,Pass
244064,658,Distinction
244114,2447,Pass
244166,837,Fail
244205,4616,Pass
244246,1365,Pass
244438,112,Withdrawn
244738,3574,Distinction
244738,3574,Pass
244816,3071,Withdrawn
244875,1359,Pass
244902,134,Withdrawn
244918,1338,Pass
244919,998,Withdrawn
244961,2669,Pass
244977,5498,Pass
244977,5498,Distinction
245217,947,Withdrawn
245217,947,Fail
245283,2843,Pass
245316,981,Fail
245404,488,Fail
245494,5938,Withdrawn
245494,5938,Pass
245600,680,Pass
245605,1525,Distinction
245653,177,Fail
245784,1199,Fail
245802,859,Pass
245946,382,Pass
245987,140,Pass
246060,1486,Distinction
246112,190,Fail
246248,4,Fail
246652,3796,Pass
246829,349,Withdrawn
246834,1174,Pass
247267,559,Fail
247292,2338,Pass
247304,177,Fail
247342,60,Withdrawn
247457,1010,Distinction
247513,648,Pass
247653,49,Withdrawn
247666,4912,Pass
247819,3868,Pass
247819,3868,Pass
247856,6180,Pass
247902,535,Pass
247940,250,Withdrawn
247940,250,Fail
247967,428,Withdrawn
248103,744,Pass
248252,239,Withdrawn
248252,239,Withdrawn
248270,1969,Pass
248511,842,Pass
248581,2883,Distinction
248653,1079,Distinction
248695,968,Fail
248716,672,Pass
248800,92,Withdrawn
248818,1145,Withdrawn
248818,1145,Pass
248882,6379,Pass
248961,815,Pass
248994,2728,Pass
249154,90,Fail
249357,3147,Pass
249359,300,Pass
249362,7165,Distinction
249423,1312,Pass
249534,649,Pass
249570,34,Fail
249704,327,Withdrawn
249750,1824,Pass
249965,777,Distinction
249996,1420,Fail
250047,4844,Pass
250092,134,Fail
250092,134,Fail
250123,170,Distinction
250159,1167,Pass
250163,3076,Pass
250644,370,Withdrawn
251166,4759,Fail
251351,610,Pass
251375,3901,Pass
251385,3722,Distinction
251405,2530,Pass
251815,84,Fail
251916,46,Withdrawn
251965,259,Fail
251999,2482,Pass
252041,3214,Fail
252073,865,Pass
252095,4757,Pass
252149,704,Distinction
252257,405,Pass
252340,200,Fail
252489,1054,Pass
252652,526,Withdrawn
252652,526,Withdrawn
252652,526,Pass
252863,293,Pass
253013,2107,Pass
253208,588,Distinction
253250,1162,Withdrawn
253496,2377,Withdrawn
253496,2377,Pass
253567,280,Fail
253577,2702,Pass
253579,643,Withdrawn
253579,643,Fail
253633,3203,Pass
253763,6473,Distinction
253767,2110,Pass
253859,1588,Distinction
254044,2714,Pass
254162,468,Fail
254325,5037,Fail
254417,235,Fail
254446,3394,Pass
254463,2951,Pass
254612,277,Fail
254625,1987,Distinction
255140,83,Withdrawn
255310,5494,Pass
255310,5494,Pass
255344,4329,Pass
255347,1729,Pass
255449,56,Withdrawn
255449,56,Withdrawn
255548,2580,Pass
255622,96,Fail
255622,96,Withdrawn
255747,2736,Fail
255878,2201,Pass
255902,473,Fail
255998,408,Pass
256144,2886,Pass
256532,41,Withdrawn
256532,41,Fail
256680,282,Withdrawn
256740,5103,Pass
256815,1481,Pass
256867,3252,Pass
256867,3252,Distinction
256905,502,Fail
256998,303,Pass
257104,1803,Withdrawn
257110,31,Withdrawn
257167,1539,Pass
257887,3641,Pass
257887,3641,Pass
257970,15,Withdrawn
258010,1096,Pass
258035,1948,Distinction
258042,2176,Withdrawn
258042,2176,Pass
258245,2570,Pass
258268,158,Pass
258310,667,Withdrawn
258392,844,Pass
258402,1,Withdrawn
258509,2715,Pass
258538,732,Pass
258587,6609,Distinction
258737,1783,Pass
258840,511,Pass
258894,4963,Pass
258978,2269,Pass
259060,417,Pass
259641,3443,Pass
259641,3443,Pass
259662,6917,Pass
259750,38,Fail
259951,283,Pass
260062,1288,Withdrawn
260062,1288,Withdrawn
260062,1288,Pass
260077,865,Pass
260137,1030,Pass
260179,164,Pass
260216,40,Fail
260275,4,Withdrawn
260355,426,Withdrawn
260355,426,Withdrawn
260491,3201,Pass
260565,589,Pass
260623,1178,Pass
260639,476,Fail
260639,476,Withdrawn
260949,473,Pass
260955,456,Fail
261160,514,Withdrawn
261205,155,Fail
261265,2993,Fail
261265,2993,Pass
261332,262,Fail
261335,2107,Pass
261342,241,Pass
261466,1965,Pass
261495,2229,Withdrawn
261525,926,Withdrawn
261615,4396,Pass
261718,493,Pass
261863,506,Withdrawn
262011,1066,Pass
262025,3119,Pass
262294,1063,Withdrawn
262294,1063,Fail
262385,1011,Pass
262391,463,Withdrawn
262394,1653,Fail
262396,164,Fail
262403,4274,Pass
262454,373,Fail
262639,453,Pass
262741,1953,Pass
262934,2407,Pass
263150,151,Withdrawn
263251,2485,Pass
263341,914,Pass
263448,1625,Pass
263499,6663,Pass
263524,1001,Withdrawn
263524,1001,Fail
263543,1594,Pass
263697,497,Withdrawn
263862,2317,Distinction
263952,1444,Distinction
264106,155,Pass
264151,922,Fail
264152,3454,Pass
264159,1375,Pass
264164,1173,Distinction
264281,350,Withdrawn
264298,546,Withdrawn
264589,33,Fail
264694,755,Fail
264715,3103,Pass
264723,1930,Withdrawn
264723,1930,Pass
264732,43,Withdrawn
264744,334,Pass
264845,811,Fail
265112,5014,Pass
265170,485,Fail
265268,4539,Pass
265466,1168,Pass
265497,1701,Pass
265769,1264,Pass
265855,8400,Pass
265958,413,Withdrawn
265958,413,Fail
265978,1258,Pass
266040,827,Withdrawn
266040,827,Withdrawn
266097,595,Withdrawn
266286,2301,Pass
266331,1113,Distinction
266450,1203,Pass
266514,1625,Pass
266524,359,Pass
266536,3456,Pass
266558,834,Withdrawn
266558,834,Fail
266558,834,Pass
266559,185,Fail
266564,457,Pass
266626,758,Pass
266744,385,Withdrawn
266744,385,Withdrawn
266757,655,Withdrawn
266762,222,Fail
266858,112,Fail
266915,537,Withdrawn
266915,537,Withdrawn
266922,684,Pass
267118,318,Withdrawn
267118,318,Withdrawn
267118,318,Fail
267602,6329,Distinction
267619,2053,Fail
267761,653,Pass
267774,36,Withdrawn
267853,5,Fail
267871,662,Pass
267961,1056,Fail
268018,1614,Withdrawn
268018,1614,Fail
268073,3210,Fail
268143,1278,Pass
268153,3496,Pass
268301,956,Distinction
268343,226,Withdrawn
268391,627,Fail
268589,2822,Pass
268649,1619,Withdrawn
268733,191,Withdrawn
268733,191,Fail
268817,958,Withdrawn
268823,175,Fail
268845,1195,Withdrawn
268883,270,Withdrawn
268915,570,Withdrawn
269065,436,Withdrawn
269076,585,Withdrawn
269082,2182,Distinction
269204,1751,Pass
269220,1600,Pass
269243,4339,Pass
269245,607,Withdrawn
269388,1024,Fail
269508,2474,Pass
269510,319,Fail
269575,2067,Withdrawn
269584,1413,Pass
269593,210,Fail
269676,7655,Pass
269676,7655,Pass
269677,325,Fail
269730,4416,Pass
269764,827,Pass
269856,1067,Pass
270393,940,Pass
270399,22,Fail
270421,3592,Pass
270435,588,Fail
270468,168,Fail
270493,266,Fail
270502,485,Pass
270567,793,Pass
270638,2202,Pass
270646,190,Pass
270764,38,Withdrawn
270814,2330,Pass
270988,1544,Pass
271036,868,Pass
271047,7,Withdrawn
271206,158,Fail
271251,3348,Pass
271274,109,Fail
271346,195,Withdrawn
271346,195,Withdrawn
271467,156,Fail
271526,792,Withdrawn
271526,792,Pass
271974,985,Pass
272000,190,Fail
272172,242,Fail
272313,122,Withdrawn
272580,741,Pass
272617,97,Withdrawn
272617,97,Withdrawn
272623,674,Withdrawn
272701,25,Fail
272704,1,Withdrawn
273339,404,Fail
273346,2080,Pass
273442,3225,Pass
273605,1174,Fail
273731,704,Pass
273782,3559,Pass
273877,352,Fail
274218,1498,Pass
274247,202,Fail
274443,1913,Fail
274712,86,Fail
274947,251,Withdrawn
274964,830,Fail
274967,1581,Pass
274971,580,Pass
275006,830,Withdrawn
275006,830,Pass
275112,527,Fail
275127,184,Withdrawn
275136,416,Pass
275151,6075,Distinction
275162,1146,Fail
275180,3886,Pass
275232,1451,Pass
275296,165,Fail
275297,2453,Distinction
275297,2453,Distinction
275309,850,Withdrawn
275674,2090,Withdrawn
275711,3753,Fail
275792,605,Pass
275882,10,Fail
276265,7863,Withdrawn
276265,7863,Pass
276314,2013,Fail
276337,272,Withdrawn
276388,2593,Pass
276717,2755,Distinction
276808,2986,Pass
276830,283,Distinction
276857,1369,Pass
276893,894,Pass
276925,1202,Withdrawn
276925,1202,Pass
276935,2470,Pass
277044,4403,Distinction
277123,537,Fail
277166,548,Pass
277384,1310,Withdrawn
277412,229,Fail
277537,538,Fail
277577,4782,Withdrawn
277577,4782,Withdrawn
277577,4782,Pass
277596,1163,Pass
277729,395,Fail
277733,704,Pass
277812,1343,Distinction
277880,2028,Withdrawn
277880,2028,Withdrawn
277967,1166,Pass
278155,5949,Distinction
278272,274,Fail
278282,322,Withdrawn
278380,3108,Pass
278413,278,Withdrawn
278447,511,Pass
278600,91,Withdrawn
278786,692,Withdrawn
278786,692,Fail
278794,523,Pass
278861,10301,Withdrawn
278955,1590,Pass
278962,647,Distinction
279085,4738,Pass
279117,243,Withdrawn
279238,9,Withdrawn
279440,2874,Pass
279572,1183,Distinction
279653,4664,Distinction
279747,10768,Distinction
279750,6923,Pass
279755,2173,Pass
279839,295,Withdrawn
279868,635,Pass
279868,635,Pass
279879,128,Withdrawn
279883,469,Withdrawn
279883,469,Withdrawn
279883,469,Withdrawn
279883,469,Withdrawn
280017,1797,Pass
280054,207,Fail
280140,107,Fail
280151,71,Fail
280152,1585,Distinction
280541,35,Withdrawn
280962,67,Fail
281022,492,Pass
281077,895,Pass
281118,756,Pass
281134,4141,Pass
281172,874,Pass
281250,130,Fail
281252,20,Withdrawn
281261,569,Withdrawn
281271,478,Withdrawn
281564,2443,Pass
281589,59,Fail
281619,362,Pass
281636,2682,Pass
281638,2961,Pass
281651,3758,Pass
281656,387,Withdrawn
281656,387,Fail
281799,89,Withdrawn
281801,1969,Distinction
281920,1040,Pass
281970,22,Withdrawn
282038,187,Withdrawn
282193,9642,Pass
282193,9642,Pass
282317,2475,Pass
282385,28,Fail
282388,623,Fail
282498,1,Withdrawn
282585,13,Fail
282713,652,Pass
282785,74,Withdrawn
282806,2671,Fail
282821,1961,Pass
282849,5243,Pass
282879,6103,Pass
282962,3,Fail
282975,4014,Pass
283035,189,Fail
283050,1153,Fail
283055,1237,Withdrawn
283131,386,Fail
283133,2329,Distinction
283230,4725,Pass
283348,3712,Pass
283402,5305,Pass
283535,300,Withdrawn
283564,534,Fail
283618,1916,Withdrawn
283618,1916,Pass
283783,444,Withdrawn
283798,898,Pass
283953,4297,Distinction
283978,42,Fail
284036,2403,Fail
284076,557,Pass
284095,2825,Distinction
284095,2825,Distinction
284246,2279,Fail
284326,538,Fail
284395,4684,Withdrawn
284395,4684,Pass
284540,330,Withdrawn
284540,330,Fail
284593,14,Withdrawn
284636,287,Fail
284734,51,Fail
284741,180,Withdrawn
284741,180,Withdrawn
284742,46,Withdrawn
284762,854,Pass
284812,3365,Distinction
284906,405,Pass
285050,370,Fail
285085,121,Withdrawn
285096,3324,Pass
285170,12938,Pass
285170,12938,Pass
285193,658,Distinction
285223,131,Fail
285315,1157,Pass
285391,2272,Pass
285412,1798,Withdrawn
285412,1798,Pass
285470,142,Pass
285475,2542,Pass
285475,2542,Pass
285481,4050,Pass
285557,701,Pass
285567,3064,Pass
285633,287,Fail
285637,196,Withdrawn
285705,484,Pass
285861,13,Fail
285912,600,Pass
285934,4020,Pass
285996,3365,Fail
286067,116,Withdrawn
286160,1183,Distinction
286262,839,Withdrawn
286262,839,Pass
286338,1444,Pass
286402,1669,Distinction
286422,2635,Pass
286442,50,Withdrawn
286449,240,Withdrawn
286449,240,Fail
286484,156,Withdrawn
286488,1046,Pass
286527,678,Withdrawn
286527,678,Pass
286658,3148,Distinction
286690,237,Fail
286762,443,Pass
286778,2986,Distinction
286842,683,Pass
286914,505,Pass
286947,1044,Pass
287040,2267,Pass
287079,3070,Withdrawn
287079,3070,Fail
287099,4876,Pass
287107,4822,Distinction
287204,1845,Pass
287210,3275,Pass
287258,3905,Pass
287309,648,Pass
287432,1469,Pass
287526,737,Withdrawn
287548,483,Pass
287679,1293,Pass
287715,147,Withdrawn
287783,981,Distinction
287897,177,Withdrawn
287897,177,Withdrawn
287954,231,Fail
288086,426,Pass
288282,4018,Pass
288380,18,Fail
288407,18,Withdrawn
288655,64,Withdrawn
288769,2,Withdrawn
288967,689,Pass
288990,87,Withdrawn
288994,134,Fail
289009,894,Pass
289009,894,Pass
289108,1834,Pass
289221,6427,Pass
289247,2693,Distinction
289304,3850,Pass
289397,476,Withdrawn
289397,476,Fail
289397,476,Pass
289449,1336,Pass
289529,25,Withdrawn
289564,934,Fail
289618,740,Withdrawn
289618,740,Withdrawn
289676,145,Fail
289753,239,Withdrawn
289826,92,Withdrawn
289965,108,Fail
290043,349,Fail
290043,349,Pass
290089,1260,Distinction
290164,5805,Pass
290184,248,Pass
290201,1740,Pass
290252,2987,Withdrawn
290371,254,Withdrawn
290382,2842,Withdrawn
290382,2842,Distinction
290521,1694,Pass
290550,177,Pass
290658,225,Fail
290757,652,Pass
290854,1166,Pass
290914,146,Distinction
291005,1483,Fail
291037,569,Pass
291133,2865,Pass
291156,304,Withdrawn
291159,3177,Fail
291194,689,Pass
291237,4379,Distinction
291334,5231,Distinction
291516,764,Fail
291544,628,Distinction
291674,3305,Pass
291674,3305,Distinction
291745,12100,Distinction
291805,3609,Pass
291844,722,Pass
291848,134,Fail
291937,147,Fail
291960,6505,Pass
292027,108,Withdrawn
292136,460,Distinction
292525,311,Pass
292537,339,Pass
292694,915,Withdrawn
292694,915,Fail
292713,321,Fail
292741,19,Fail
292775,1859,Pass
293162,1822,Pass
293317,2215,Withdrawn
293321,3,Withdrawn
293321,3,Withdrawn
293387,2047,Pass
293454,665,Fail
293670,54,Withdrawn
293686,7987,Pass
293686,7987,Distinction
293699,187,Pass
293712,466,Distinction
293754,990,Distinction
293760,157,Pass
293824,7901,Pass
293853,395,Pass
293989,277,Withdrawn
293992,451,Pass
294112,3154,Fail
294112,3154,Fail
294134,1168,Pass
294219,4941,Distinction
294364,1779,Fail
294381,338,Fail
294496,1422,Pass
294513,1925,Distinction
294570,1775,Pass
294594,865,Pass
294655,2219,Fail
294679,1596,Withdrawn
294920,2861,Withdrawn
294929,3665,Pass
294961,536,Pass
294999,54,Withdrawn
295060,1097,Fail
295075,1642,Pass
295118,2462,Pass
295255,7619,Pass
295728,296,Fail
295741,3099,Fail
295741,3099,Pass
295754,626,Pass
295893,659,Withdrawn
295893,659,Fail
296100,47,Withdrawn
296138,552,Distinction
296222,1223,Withdrawn
296222,1223,Distinction
296232,620,Pass
296332,2152,Distinction
296411,1225,Pass
296424,1695,Pass
296725,413,Fail
296849,10,Withdrawn
296904,2623,Pass
296911,9,Withdrawn
296993,574,Pass
297014,3376,Pass
297166,1158,Fail
297179,3548,Withdrawn
297179,3548,Pass
297218,2113,Pass
297341,2844,Pass
297382,32,Withdrawn
297484,2812,Pass
297685,1078,Pass
297806,126,Fail
297853,2477,Distinction
297990,592,Distinction
298034,1681,Fail
298040,17503,Pass
298040,17503,Pass
298148,741,Pass
298186,516,Pass
298187,1070,Pass
298303,894,Distinction
298322,522,Pass
298402,3123,Pass
298476,1014,Pass
298497,2039,Pass
298696,514,Pass
298777,529,Withdrawn
298777,529,Fail
298838,1604,Pass
298911,82,Withdrawn
298961,481,Pass
299027,24,Fail
299237,4907,Pass
299281,5503,Pass
299473,1129,Fail
299536,304,Fail
299707,1337,Pass
299886,4151,Pass
299949,1259,Withdrawn
300057,163,Fail
300059,293,Pass
300264,1533,Fail
300398,1997,Pass
300508,628,Pass
300592,1543,Pass
300592,1543,Pass
300594,293,Withdrawn
300611,1077,Withdrawn
300611,1077,Pass
300819,387,Distinction
301036,5,Withdrawn
301074,2913,Pass
301232,3094,Pass
301298,170,Fail
301498,495,Pass
301561,431,Withdrawn
301583,399,Fail
301967,193,Pass
301987,943,Pass
302071,1,Fail
302145,605,Pass
302302,513,Fail
302363,543,Withdrawn
302363,543,Withdrawn
302476,1766,Distinction
302522,310,Fail
302566,1165,Fail
302924,3067,Pass
303141,7633,Pass
303165,3202,Pass
303165,3202,Pass
303218,1458,Pass
303288,376,Fail
303331,930,Withdrawn
303341,39,Withdrawn
303521,7163,Pass
303582,429,Pass
303595,6042,Pass
303617,575,Fail
303617,575,Pass
303937,2,Fail
303985,381,Pass
304069,91,Withdrawn
304106,28,Fail
304240,1117,Pass
304465,3553,Pass
304500,139,Fail
304589,4421,Distinction
304607,238,Fail
304734,667,Pass
304893,181,Withdrawn
305036,808,Withdrawn
305036,808,Pass
305064,5355,Pass
305152,146,Fail
305173,41,Fail
305313,31,Withdrawn
305373,320,Fail
305386,1277,Pass
305535,143,Pass
305539,68,Withdrawn
305659,1701,Distinction
305702,352,Withdrawn
305702,352,Withdrawn
305783,2367,Withdrawn
305783,2367,Pass
305792,1486,Pass
305812,97,Withdrawn
305858,1967,Pass
305876,1964,Fail
305876,1964,Pass
305909,1513,Pass
305918,1482,Fail
305935,53,Fail
305945,12,Withdrawn
306107,987,Pass
306150,2700,Withdrawn
306150,2700,Pass
306202,5306,Pass
306466,1220,Pass
306478,671,Pass
306610,1018,Fail
306646,144,Pass
306880,132,Withdrawn
306886,155,Pass
306897,2742,Pass
306944,425,Fail
306964,536,Pass
306984,102,Withdrawn
307061,1081,Pass
307116,664,Withdrawn
307158,266,Fail
307230,193,Withdrawn
307245,1490,Fail
307290,464,Fail
307291,1169,Withdrawn
307297,133,Withdrawn
307386,230,Pass
307676,595,Fail
307689,5960,Distinction
307866,1476,Pass
307932,261,Withdrawn
307932,261,Fail
307953,1073,Pass
308231,370,Fail
308345,479,Fail
308359,75,Withdrawn
308363,3059,Pass
308391,273,Withdrawn
308391,273,Withdrawn
308509,41,Fail
308589,270,Fail
308703,319,Withdrawn
308707,500,Withdrawn
308767,460,Fail
308775,1508,Distinction
308807,523,Pass
308850,114,Fail
308852,56,Withdrawn
308918,267,Fail
308953,1174,Fail
309048,322,Fail
309118,1199,Pass
309142,560,Pass
309150,296,Withdrawn
309175,188,Pass
309258,177,Withdrawn
309258,177,Withdrawn
309258,177,Withdrawn
309350,1578,Withdrawn
309580,6180,Pass
309709,420,Pass
309734,701,Pass
309756,777,Fail
309893,2672,Pass
310088,280,Withdrawn
310125,188,Withdrawn
310205,3104,Fail
310280,1164,Fail
310412,2339,Pass
310646,2396,Pass
310765,1009,Pass
310865,160,Withdrawn
310933,417,Pass
310968,1598,Pass
311042,59,Withdrawn
311117,823,Withdrawn
311117,823,Withdrawn
311151,227,Withdrawn
311158,707,Pass
311235,1168,Pass
311332,531,Fail
311474,99,Withdrawn
311599,331,Pass
311616,2432,Pass
311659,112,Fail
311845,3860,Distinction
311862,498,Pass
311877,718,Withdrawn
311889,266,Fail
311917,2230,Pass
312061,1011,Fail
312126,739,Withdrawn
312141,72,Fail
312231,1052,Pass
312518,63,Withdrawn
312537,12882,Distinction
312760,1770,Pass
312761,1130,Pass
312782,281,Pass
312886,10,Fail
312960,1257,Pass
313206,868,Fail
313243,3662,Pass
313246,183,Pass
313501,1906,Pass
313561,6802,Pass
313700,3854,Fail
313756,1929,Pass
313810,724,Distinction
313925,469,Distinction
313937,6965,Pass
313975,4007,Distinction
314252,1084,Pass
314507,3679,Pass
314548,1743,Pass
314555,169,Withdrawn
314555,169,Withdrawn
314675,409,Pass
314776,4326,Pass
314801,699,Pass
314850,555,Withdrawn
314956,1295,Pass
314956,1295,Pass
315025,3743,Pass
315076,1435,Pass
315082,37,Fail
315105,737,Distinction
315186,787,Pass
315322,261,Withdrawn
315388,165,Withdrawn
315517,614,Withdrawn
315517,614,Withdrawn
315625,717,Pass
315723,5,Withdrawn
315728,1527,Pass
315730,1753,Pass
315744,4574,Distinction
315795,1541,Pass
315808,5073,Distinction
315850,4860,Pass
315909,421,Fail
315945,5543,Pass
316061,220,Fail
316061,220,Withdrawn
316061,220,Withdrawn
316076,3102,Pass
316082,1839,Distinction
316091,347,Pass
316098,2159,Pass
316227,6049,Distinction
316289,1713,Pass
316327,960,Fail
316541,5291,Distinction
316772,188,Withdrawn
316772,188,Withdrawn
316841,2396,Pass
317096,810,Pass
317394,3147,Distinction
317399,42,Fail
317801,4070,Fail
317801,4070,Pass
318056,1786,Pass
318068,3042,Pass
318101,379,Fail
318139,636,Withdrawn
318147,5247,Pass
318241,5248,Fail
318500,492,Fail
318574,95,Withdrawn
318574,95,Withdrawn
318627,5471,Distinction
318769,2066,Pass
318794,954,Pass
318848,407,Pass
318855,93,Fail
318876,657,Pass
318919,818,Pass
318933,1281,Pass
318977,281,Fail
319042,9175,Fail
319042,9175,Pass
319047,6589,Pass
319073,3191,Pass
319209,568,Distinction
319325,6,Withdrawn
319331,429,Distinction
319461,493,Withdrawn
319479,99,Withdrawn
319492,108,Withdrawn
319563,3308,Fail
319578,3989,Pass
319606,191,Fail
319618,441,Pass
319884,3934,Pass
320014,1332,Pass
320051,118,Pass
320133,7494,Distinction
320153,695,Withdrawn
320153,695,Withdrawn
320251,2183,Fail
320363,150,Fail
320437,1671,Pass
320593,36,Fail
320612,5348,Distinction
320757,866,Pass
320963,866,Pass
321096,1479,Pass
321121,339,Pass
321346,596,Pass
321450,237,Pass
321486,826,Withdrawn
321525,567,Pass
321744,248,Fail
321810,929,Pass
321942,10083,Pass
321952,182,Fail
321969,2016,Withdrawn
322106,2487,Fail
322137,3589,Pass
322184,831,Withdrawn
322325,211,Fail
322499,995,Withdrawn
322499,995,Withdrawn
322509,950,Pass
322574,25,Fail
322641,1937,Pass
322641,1937,Withdrawn
322728,78,Withdrawn
322844,667,Withdrawn
322907,267,Fail
322960,396,Withdrawn
322985,3861,Pass
323090,226,Pass
323146,287,Fail
323370,2141,Pass
323480,2225,Pass
323606,691,Pass
323659,1189,Withdrawn
323680,1209,Pass
323809,4666,Pass
323940,468,Distinction
323984,3494,Pass
324002,1901,Pass
324084,1961,Pass
324095,398,Pass
324236,4795,Withdrawn
324236,4795,Withdrawn
324257,1871,Fail
324257,1871,Pass
324268,387,Withdrawn
324282,133,Pass
324305,1068,Withdrawn
324319,49,Withdrawn
324331,1826,Withdrawn
324331,1826,Fail
324332,2195,Pass
324338,451,Withdrawn
324338,451,Fail
324447,3346,Pass
324614,161,Withdrawn
324672,2640,Fail
324691,2019,Pass
324773,271,Distinction
324907,587,Pass
324948,1180,Pass
325044,1649,Distinction
325080,1468,Pass
325089,2570,Pass
325308,121,Distinction
325368,447,Fail
325497,2026,Withdrawn
325497,2026,Withdrawn
325497,2026,Fail
325511,472,Pass
325518,207,Withdrawn
325518,207,Withdrawn
325565,52,Fail
325566,430,Fail
325750,2673,Withdrawn
325750,2673,Pass
325879,640,Pass
325887,1151,Pass
325909,41,Fail
326012,110,Fail
326056,5,Withdrawn
327003,1867,Distinction
327024,1375,Fail
327057,1143,Pass
327224,201,Fail
327449,454,Fail
327616,1115,Pass
327641,141,Pass
327650,5283,Pass
327664,13,Withdrawn
327797,554,Withdrawn
327997,525,Withdrawn
328024,2444,Pass
328123,1158,Fail
328123,1158,Fail
328173,750,Withdrawn
328241,8690,Pass
328261,197,Fail
328377,457,Withdrawn
328476,2405,Pass
328674,26,Fail
328797,1147,Withdrawn
328797,1147,Fail
328844,1262,Pass
328942,3008,Pass
329030,381,Fail
329095,51,Withdrawn
329192,669,Distinction
329226,465,Pass
329321,305,Fail
329455,3265,Withdrawn
329455,3265,Distinction
329655,2,Fail
329659,487,Fail
329673,12837,Pass
329673,12837,Pass
329689,1102,Fail
329800,783,Pass
329895,1710,Withdrawn
329895,1710,Pass
329967,185,Fail
330067,1292,Pass
330177,1455,Pass
330192,2818,Pass
330347,3271,Fail
330376,26,Withdrawn
330453,524,Pass
330530,284,Withdrawn
330594,1043,Pass
330682,812,Pass
330723,269,Withdrawn
330862,568,Fail
330917,1317,Pass
330937,200,Withdrawn
330952,80,Withdrawn
330966,224,Withdrawn
330994,48,Withdrawn
331039,1207,Pass
331107,1057,Fail
331156,37,Pass
331232,931,Pass
331315,1271,Pass
331318,5675,Fail
331351,7,Fail
331354,425,Pass
331358,6588,Withdrawn
331358,6588,Distinction
331404,1994,Pass
331417,2948,Pass
331526,2,Withdrawn
331622,24,Withdrawn
331622,24,Withdrawn
331789,4126,Pass
331844,1170,Pass
331883,5718,Pass
332237,520,Withdrawn
332237,520,Fail
332257,54,Withdrawn
332309,1398,Pass
332436,4730,Pass
332436,4730,Pass
332668,168,Fail
332715,616,Distinction
332726,951,Fail
332789,1655,Pass
332884,1648,Pass
332945,2711,Pass
333059,301,Pass
333117,321,Withdrawn
333129,354,Fail
333155,3,Fail
333308,631,Pass
333323,648,Pass
333346,277,Withdrawn
333493,2743,Pass
333637,607,Pass
333651,582,Withdrawn
333710,728,Fail
333832,3440,Fail
333837,164,Withdrawn
333856,1015,Pass
333976,1623,Fail
333976,1623,Fail
333993,2813,Pass
334023,338,Pass
334048,995,Pass
334134,2168,Fail
334154,1164,Fail
334154,1164,Pass
334224,3684,Fail
334224,3684,Withdrawn
334224,3684,Withdrawn
334225,1464,Pass
334255,1033,Pass
334257,1636,Pass
334259,332,Fail
334291,700,Fail
334294,230,Withdrawn
334333,303,Withdrawn
334441,283,Fail
334476,1957,Pass
334504,129,Withdrawn
334565,3816,Distinction
334581,653,Distinction
334669,1044,Withdrawn
334794,124,Withdrawn
334973,1448,Pass
334981,221,Distinction
335018,317,Withdrawn
335018,317,Pass
335020,2006,Pass
335035,1291,Fail
335095,2704,Pass
335136,767,Fail
335242,7890,Distinction
335247,604,Pass
335264,264,Withdrawn
335355,975,Pass
335401,109,Withdrawn
335405,4227,Distinction
335405,4227,Distinction
335421,188,Fail
335471,332,Withdrawn
335476,3325,Pass
335481,18,Fail
335553,558,Withdrawn
335562,5169,Pass
335582,4286,Distinction
335600,116,Fail
335607,780,Withdrawn
335644,6034,Fail
335648,108,Fail
335726,1374,Withdrawn
335764,3928,Withdrawn
335764,3928,Pass
335910,462,Fail
335910,462,Withdrawn
335914,98,Withdrawn
335922,88,Withdrawn
336014,1332,Withdrawn
336014,1332,Withdrawn
336037,970,Pass
336112,284,Fail
336131,6483,Distinction
336163,821,Fail
336165,254,Fail
336207,1316,Pass
336213,635,Pass
336218,335,Fail
336258,3687,Pass
336277,2,Withdrawn
336356,622,Pass
336362,709,Fail
336398,1719,Distinction
336402,1462,Pass
336478,740,Pass
336646,75,Fail
336684,2086,Pass
336695,1378,Withdrawn
336695,1378,Pass
336696,472,Pass
336772,1212,Pass
336936,375,Withdrawn
337000,3794,Pass
337048,47,Withdrawn
337048,47,Withdrawn
337151,718,Pass
337189,5138,Pass
337359,494,Pass
337414,2088,Withdrawn
337615,243,Fail
337748,93,Withdrawn
337940,1166,Withdrawn
338034,1082,Fail
338056,484,Pass
338076,276,Pass
338089,1698,Fail
338113,1274,Pass
338168,312,Fail
338373,194,Fail
338407,270,Pass
338446,19,Fail
338536,1963,Pass
338554,285,Pass
338604,342,Pass
338669,125,Withdrawn
338689,1546,Pass
338704,542,Pass
338731,9884,Withdrawn
338731,9884,Fail
338741,309,Pass
338806,1719,Fail
338806,1719,Pass
338854,2022,Withdrawn
338854,2022,Pass
338861,147,Fail
338894,380,Pass
338958,1192,Fail
338975,1463,Pass
338983,578,Withdrawn
339235,519,Distinction
339379,412,Pass
339381,560,Pass
339481,817,Fail
339494,439,Pass
339513,1054,Pass
339519,3759,Pass
339526,35,Withdrawn
339608,140,Pass
339624,89,Withdrawn
339640,1373,Pass
339645,540,Pass
339727,320,Distinction
339728,4015,Pass
339739,853,Fail
339785,951,Pass
339824,2513,Withdrawn
339824,2513,Distinction
339853,1399,Fail
339853,1399,Pass
339855,476,Withdrawn
339924,265,Fail
339946,336,Withdrawn
339972,333,Pass
340010,1072,Pass
340216,1139,Pass
340242,395,Pass
340378,96,Withdrawn
340399,102,Fail
340486,1240,Distinction
340496,2274,Pass
340592,219,Fail
340627,1308,Fail
340647,3685,Pass
340751,112,Withdrawn
340831,1176,Withdrawn
340831,1176,Pass
340831,1176,Withdrawn
340850,88,Fail
340899,4,Withdrawn
340911,306,Pass
340965,439,Pass
341010,2824,Fail
341040,134,Withdrawn
341044,639,Fail
341093,263,Fail
341096,4100,Pass
341229,97,Fail
341361,5061,Withdrawn
341361,5061,Pass
341457,1393,Withdrawn
341470,4359,Pass
341509,328,Pass
341611,249,Fail
341629,2677,Fail
341839,688,Withdrawn
341854,554,Fail
341855,1104,Withdrawn
341855,1104,Fail
341872,201,Fail
341876,1784,Withdrawn
341921,446,Pass
342007,3178,Withdrawn
342007,3178,Pass
342017,219,Fail
342089,68,Fail
342089,68,Fail
342100,2004,Pass
342125,4808,Withdrawn
342125,4808,Pass
342155,2956,Pass
342176,37,Withdrawn
342176,37,Withdrawn
342187,1,Fail
342192,223,Pass
342208,35,Withdrawn
342208,35,Withdrawn
342234,2782,Pass
342303,561,Withdrawn
342387,1440,Fail
342475,2502,Fail
342483,771,Withdrawn
342514,1950,Pass
342685,783,Pass
342697,185,Withdrawn
342799,530,Pass
342946,359,Fail
342949,422,Fail
342953,1827,Pass
342957,1511,Fail
342957,1511,Pass
342962,6374,Pass
342972,838,Pass
342974,1737,Pass
343053,92,Fail
343138,494,Fail
343238,1582,Pass
343419,1055,Fail
343446,3644,Pass
343543,2805,Distinction
343655,494,Fail
343658,399,Fail
343709,1097,Pass
343781,1674,Distinction
343828,4340,Pass
343911,2086,Fail
343913,202,Fail
344098,753,Pass
344199,1793,Withdrawn
344282,65,Fail
344367,1544,Fail
344367,1544,Fail
344396,169,Fail
344409,1226,Pass
344451,2497,Pass
344474,1298,Withdrawn
344474,1298,Fail
344568,673,Pass
344676,1461,Pass
344740,6551,Withdrawn
344740,6551,Distinction
344787,5175,Pass
344873,1178,Pass
345064,6343,Pass
345068,547,Pass
345083,1975,Withdrawn
345128,1009,Fail
345128,1009,Fail
345256,5296,Pass
345256,5296,Pass
345257,1081,Fail
345271,9682,Distinction
345288,2875,Pass
345313,563,Fail
345357,2219,Distinction
345440,165,Pass
345442,1169,Fail
345455,4,Fail
345519,1141,Pass
345568,228,Fail
345881,456,Pass
346025,569,Pass
346093,3210,Pass
346118,700,Pass
346207,3172,Pass
346333,1591,Pass
346843,164,Fail
346853,2288,Fail
347197,4458,Distinction
347210,175,Withdrawn
347365,247,Fail
347484,2070,Pass
347518,1675,Withdrawn
347518,1675,Pass
347764,85,Fail
347809,5539,Distinction
347809,5539,Pass
347864,201,Withdrawn
348050,992,Fail
348050,992,Pass
348108,2245,Pass
348159,4993,Pass
348159,4993,Pass
348275,545,Withdrawn
348288,859,Pass
348324,1371,Pass
348351,1485,Fail
348351,1485,Pass
348378,356,Fail
348439,171,Withdrawn
348547,369,Withdrawn
348579,617,Pass
348602,9,Withdrawn
348655,1094,Pass
348708,255,Withdrawn
348717,1426,Pass
348771,182,Fail
348783,6113,Distinction
348783,6113,Distinction
348790,1694,Withdrawn
348807,425,Pass
348837,799,Distinction
348855,9203,Pass
348855,9203,Pass
348906,601,Withdrawn
348986,3020,Pass
349040,1156,Withdrawn
349069,255,Fail
349069,255,Fail
349093,2037,Distinction
349145,28,Withdrawn
349182,130,Fail
349219,581,Fail
349247,118,Withdrawn
349258,32,Fail
349359,1003,Withdrawn
349360,703,Pass
349424,12,Fail
349515,2024,Pass
349554,874,Pass
349675,13,Fail
349676,11267,Pass
349688,1446,Pass
349710,86,Withdrawn
349777,10,Withdrawn
349908,2441,Pass
349910,353,Pass
349924,40,Withdrawn
350156,560,Pass
350164,190,Withdrawn
350188,761,Pass
350267,651,Withdrawn
350312,103,Fail
350398,710,Withdrawn
350622,1051,Fail
350644,274,Fail
350660,5029,Pass
350690,2008,Withdrawn
350690,2008,Fail
350795,132,Fail
350797,1034,Pass
350929,584,Withdrawn
350929,584,Distinction
350939,1427,Pass
350944,666,Fail
350949,712,Withdrawn
351034,5776,Pass
351050,529,Pass
351080,920,Fail
351147,3358,Pass
351170,1380,Pass
351181,6307,Pass
351244,783,Pass
351271,911,Pass
351290,624,Pass
351293,1,Withdrawn
351328,2118,Withdrawn
351336,944,Pass
351378,1330,Fail
351500,3869,Pass
351505,1114,Pass
351512,1095,Fail
351543,5,Fail
351577,959,Pass
351775,11468,Pass
351775,11468,Pass
351903,670,Withdrawn
352009,16,Fail
352051,72,Pass
352102,30,Withdrawn
352112,212,Pass
352152,515,Withdrawn
352161,82,Withdrawn
352161,82,Withdrawn
352308,22,Withdrawn
352339,165,Withdrawn
352364,823,Distinction
352382,817,Pass
352637,1929,Distinction
352641,180,Withdrawn
352679,71,Withdrawn
352688,483,Pass
352771,943,Pass
352953,27,Withdrawn
352954,20,Withdrawn
353018,2275,Pass
353093,4145,Pass
353221,1534,Pass
353352,85,Fail
353368,444,Fail
353660,219,Withdrawn
353660,219,Withdrawn
353665,398,Pass
353790,338,Fail
353804,1927,Withdrawn
353804,1927,Withdrawn
353953,664,Pass
353969,229,Withdrawn
353979,1221,Withdrawn
353979,1221,Fail
354050,831,Fail
354050,831,Fail
354058,1149,Fail
354121,18,Withdrawn
354170,945,Fail
354171,4651,Pass
354173,772,Withdrawn
354550,686,Fail
354552,12,Withdrawn
354607,730,Pass
354688,359,Pass
354698,1608,Pass
354713,17,Fail
354779,119,Pass
354858,198,Withdrawn
354895,519,Withdrawn
354953,154,Withdrawn
354984,1056,Pass
354988,754,Withdrawn
354992,1453,Fail
355034,157,Withdrawn
355049,2766,Pass
355143,3185,Fail
355143,3185,Pass
355147,638,Pass
355293,2491,Withdrawn
355293,2491,Pass
355309,393,Distinction
355335,2315,Pass
355369,446,Withdrawn
355369,446,Fail
355510,2718,Pass
355617,1065,Pass
355643,294,Pass
355663,58,Fail
355738,2772,Pass
355780,712,Withdrawn
355935,1235,Pass
355935,1235,Pass
355998,20,Fail
356166,2460,Pass
356170,768,Pass
356257,533,Withdrawn
356274,149,Fail
356274,149,Fail
356297,4559,Fail
356297,4559,Pass
356371,1196,Pass
356386,304,Fail
356397,641,Fail
356523,4988,Withdrawn
356523,4988,Fail
356561,732,Fail
356568,1368,Pass
356705,571,Withdrawn
356735,2799,Pass
357030,68,Withdrawn
357176,4648,Pass
357214,6,Withdrawn
357219,7411,Pass
357297,2513,Pass
357576,475,Fail
357668,166,Fail
357820,41,Withdrawn
357851,2613,Withdrawn
357851,2613,Withdrawn
357851,2613,Fail
357901,304,Fail
357928,296,Fail
357942,1522,Withdrawn
358001,346,Pass
358054,325,Withdrawn
358075,1648,Withdrawn
358075,1648,Pass
358075,1648,Pass
358182,1901,Pass
358204,4677,Distinction
358341,608,Pass
358504,2290,Pass
358522,1233,Pass
358578,269,Withdrawn
358808,457,Fail
358956,804,Pass
358966,1325,Distinction
359114,913,Pass
359149,760,Withdrawn
359156,5287,Distinction
359417,4164,Fail
359438,177,Distinction
359460,809,Withdrawn
359460,809,Withdrawn
359590,264,Withdrawn
359640,4366,Pass
359645,223,Withdrawn
359657,769,Withdrawn
359657,769,Withdrawn
359728,26,Withdrawn
359855,626,Withdrawn
359883,4431,Pass
359943,514,Pass
359958,2605,Pass
360024,1090,Withdrawn
360188,1429,Pass
360190,54,Fail
360266,4315,Distinction
360278,224,Withdrawn
360483,127,Withdrawn
360489,237,Withdrawn
360492,846,Distinction
360547,39,Withdrawn
360581,13,Fail
360683,422,Pass
360726,4461,Pass
360747,2681,Pass
360752,1,Withdrawn
360759,1593,Withdrawn
360876,31,Fail
360877,803,Pass
360938,93,Fail
360986,4436,Pass
361209,1023,Pass
361243,439,Pass
361282,783,Withdrawn
361282,783,Fail
361410,1201,Pass
361411,793,Pass
361603,940,Pass
361837,1237,Withdrawn
361837,1237,Fail
361842,45,Withdrawn
361842,45,Fail
361889,521,Withdrawn
362037,514,Pass
362115,162,Fail
362140,1054,Pass
362223,1039,Pass
362374,2848,Pass
362548,3081,Fail
362647,302,Fail
362661,2211,Withdrawn
362661,2211,Pass
362668,2958,Pass
362760,662,Fail
362877,504,Withdrawn
363110,214,Pass
363122,243,Pass
363213,241,Pass
363273,8,Fail
363374,247,Fail
363396,553,Distinction
363401,190,Fail
363416,316,Pass
363660,3713,Distinction
363738,372,Withdrawn
363749,6898,Pass
363773,2699,Pass
363906,1085,Fail
363939,2350,Fail
363939,2350,Pass
363990,90,Fail
364021,55,Fail
364066,6033,Withdrawn
364066,6033,Distinction
364073,423,Distinction
364103,847,Pass
364177,821,Fail
364239,2152,Pass
364307,58,Withdrawn
364322,1004,Pass
364405,2946,Distinction
364527,362,Pass
364547,1466,Pass
364666,33,Fail
364770,908,Pass
364790,5028,Distinction
364871,698,Pass
364920,6,Withdrawn
364957,1638,Pass
364974,9679,Pass
365060,178,Withdrawn
365084,887,Pass
365097,1071,Distinction
365111,580,Withdrawn
365111,580,Fail
365169,1096,Pass
365192,783,Pass
365222,525,Pass
365239,401,Withdrawn
365244,891,Pass
365288,9,Fail
365375,340,Withdrawn
365397,676,Fail
365405,9,Fail
365439,275,Fail
365452,998,Pass
365488,76,Fail
365488,76,Fail
365631,1266,Pass
365642,2129,Pass
365661,1454,Pass
365701,2712,Distinction
365707,1944,Distinction
365762,419,Withdrawn
365764,227,Fail
365782,3382,Distinction
365860,2170,Pass
365893,542,Withdrawn
365893,542,Pass
365939,192,Fail
365993,162,Fail
366024,1759,Fail
366140,5566,Pass
366164,1113,Withdrawn
366267,33,Withdrawn
366310,2574,Pass
366310,2574,Pass
366367,532,Pass
366371,275,Fail
366424,2188,Withdrawn
366424,2188,Pass
366449,546,Pass
366479,498,Pass
366483,1465,Pass
366492,2697,Pass
366524,475,Pass
366535,14,Withdrawn
366649,3135,Fail
366771,164,Distinction
366836,117,Withdrawn
366873,767,Fail
366936,737,Withdrawn
366987,543,Pass
367045,18,Withdrawn
367045,18,Withdrawn
367127,1118,Pass
367151,2655,Withdrawn
367304,62,Fail
367309,2475,Pass
367348,109,Fail
367352,775,Fail
367433,314,Pass
367510,3976,Withdrawn
367510,3976,Withdrawn
367510,3976,Withdrawn
367535,560,Pass
367605,1801,Pass
367609,1816,Pass
367646,1093,Distinction
367696,106,Fail
367815,248,Withdrawn
367898,3458,Pass
368077,1558,Pass
368106,140,Fail
368194,437,Pass
368195,259,Withdrawn
368245,747,Fail
368306,749,Pass
368315,19734,Pass
368436,6634,Pass
368436,6634,Pass
368439,22,Fail
368483,455,Withdrawn
368483,455,Withdrawn
368507,157,Fail
368521,1208,Pass
368675,4972,Pass
368741,1,Fail
368749,2801,Fail
368824,292,Fail
368876,554,Fail
368886,4795,Fail
368935,1953,Fail
368963,677,Pass
368969,441,Pass
369119,1592,Fail
369208,1431,Fail
369208,1431,Pass
369234,576,Fail
369242,2744,Withdrawn
369242,2744,Pass
369319,1627,Pass
369378,354,Withdrawn
369450,5209,Pass
369507,43,Withdrawn
369610,2595,Pass
369644,1363,Withdrawn
369713,1487,Pass
369715,842,Pass
369811,3593,Pass
369834,1265,Withdrawn
369908,8551,Withdrawn
369908,8551,Pass
369942,2258,Distinction
369986,185,Pass
370008,858,Fail
370089,849,Withdrawn
370089,849,Pass
370100,288,Withdrawn
370129,77,Withdrawn
370184,216,Pass
370274,1479,Pass
370294,352,Fail
370302,351,Fail
370307,302,Withdrawn
370312,3244,Pass
370336,194,Fail
370336,194,Withdrawn
370367,1234,Withdrawn
370375,2115,Fail
370512,2263,Pass
370720,194,Fail
370735,2880,Pass
370839,562,Withdrawn
370859,887,Pass
370865,584,Pass
370920,3,Withdrawn
370949,1936,Pass
371019,725,Pass
371044,2543,Pass
371113,54,Withdrawn
371113,54,Withdrawn
371133,749,Withdrawn
371168,7110,Distinction
371169,1449,Withdrawn
371184,486,Withdrawn
371247,1201,Pass
371362,84,Withdrawn
371402,564,Pass
371429,438,Withdrawn
371439,335,Fail
371526,608,Pass
371530,156,Distinction
371679,788,Pass
371679,788,Withdrawn
371710,2960,Pass
371787,6934,Pass
371810,87,Withdrawn
371831,1446,Pass
371869,8882,Pass
371888,45,Withdrawn
371901,403,Pass
371949,3,Fail
372141,607,Pass
372172,37,Fail
372234,4990,Pass
372262,8189,Distinction
372345,2163,Pass
372509,1544,Pass
372511,1258,Pass
372577,1097,Withdrawn
372577,1097,Withdrawn
372602,114,Distinction
372658,248,Pass
372691,548,Pass
372812,357,Withdrawn
372812,357,Withdrawn
372837,194,Fail
372997,928,Distinction
373126,1180,Fail
373135,2113,Pass
373174,1527,Fail
373174,1527,Pass
373237,1006,Fail
373269,843,Fail
373280,841,Withdrawn
373280,841,Fail
373369,1137,Distinction
373613,2419,Fail
373790,62,Withdrawn
373795,71,Withdrawn
373795,71,Withdrawn
373807,2171,Fail
373846,1028,Withdrawn
373848,562,Pass
373872,1528,Pass
374028,3676,Distinction
374038,267,Fail
374055,2,Withdrawn
374102,276,Fail
374192,2105,Distinction
374234,1200,Pass
374266,1500,Distinction
374353,900,Withdrawn
374515,111,Withdrawn
374636,638,Pass
374645,542,Pass
374739,1722,Pass
374747,298,Pass
374756,1206,Distinction
375260,829,Pass
375300,595,Distinction
375527,1508,Pass
375600,493,Pass
375646,606,Pass
375688,133,Withdrawn
375711,25,Fail
375717,872,Pass
375856,837,Pass
375882,724,Fail
375960,192,Pass
375993,79,Withdrawn
376067,4,Withdrawn
376109,2054,Fail
376117,2,Withdrawn
376280,40,Fail
376439,2342,Distinction
376581,2333,Pass
376617,525,Pass
376701,280,Withdrawn
376758,264,Withdrawn
376868,21,Fail
377046,812,Withdrawn
377244,3070,Pass
377274,1655,Pass
377469,290,Pass
377546,1660,Distinction
377705,3426,Fail
377759,9151,Pass
377846,4736,Pass
377905,542,Fail
378388,300,Withdrawn
378462,608,Pass
378543,560,Pass
378576,897,Withdrawn
378705,917,Fail
378721,138,Withdrawn
378721,138,Withdrawn
378728,1306,Pass
378809,5038,Pass
378825,3594,Pass
378825,3594,Pass
378884,3102,Pass
378920,5460,Pass
378920,5460,Distinction
378946,7878,Pass
378950,4645,Distinction
378953,591,Fail
379023,830,Fail
379042,6848,Pass
379042,6848,Distinction
379070,2046,Distinction
379107,829,Fail
379113,295,Fail
379124,1191,Pass
379185,611,Fail
379199,82,Fail
379210,230,Fail
379212,280,Withdrawn
379234,331,Fail
379255,254,Fail
379265,941,Fail
379278,3896,Fail
379311,670,Fail
379330,1205,Withdrawn
379336,2791,Pass
379402,294,Fail
379406,3185,Withdrawn
379406,3185,Pass
379528,568,Pass
379558,5450,Pass
379563,114,Withdrawn
379720,556,Pass
379769,496,Fail
379843,5167,Pass
379844,532,Pass
379861,1979,Distinction
379983,50,Fail
380138,536,Fail
380151,20,Withdrawn
380184,395,Pass
380204,1140,Pass
380205,133,Fail
380238,185,Pass
380239,1196,Pass
380240,814,Fail
380253,2081,Pass
380341,726,Pass
380429,1073,Pass
380435,4556,Distinction
380515,21,Withdrawn
380599,1261,Pass
380662,519,Pass
380668,1241,Pass
380681,442,Withdrawn
380681,442,Withdrawn
380710,447,Withdrawn
380894,2062,Pass
380919,2072,Pass
380921,868,Pass
380952,1508,Pass
380953,1062,Pass
381058,262,Fail
381185,4316,Distinction
381240,360,Fail
381257,4700,Pass
381365,1273,Withdrawn
381365,1273,Withdrawn
381365,1273,Fail
381414,1230,Withdrawn
381414,1230,Pass
381428,1058,Withdrawn
381439,230,Withdrawn
381528,3,Withdrawn
381529,453,Withdrawn
381533,1798,Pass
381539,208,Withdrawn
381541,1099,Pass
381544,618,Pass
381586,1188,Pass
381642,1290,Withdrawn
381646,3744,Pass
381669,273,Pass
381722,106,Withdrawn
381882,566,Fail
381909,1756,Distinction
381917,2522,Distinction
381927,899,Distinction
381959,2647,Fail
381983,809,Fail
382051,800,Pass
382095,2392,Pass
382125,20,Withdrawn
382156,447,Fail
382160,284,Withdrawn
382339,1,Fail
382378,1146,Withdrawn
382378,1146,Pass
382408,55,Withdrawn
382432,733,Withdrawn
382432,733,Withdrawn
382497,1700,Pass
382575,744,Fail
382641,1674,Pass
382738,1268,Pass
382742,269,Fail
382857,534,Withdrawn
382857,534,Fail
382877,42,Withdrawn
382879,57,Fail
382910,1299,Pass
382920,1267,Pass
382947,448,Fail
382979,2578,Distinction
383018,850,Fail
383140,562,Pass
383158,1491,Pass
383180,657,Withdrawn
383239,1303,Pass
383241,1882,Pass
383254,543,Pass
383303,337,Fail
383311,60,Fail
383316,6491,Pass
383347,5053,Distinction
383347,5053,Pass
383372,2409,Pass
383388,259,Withdrawn
383420,550,Withdrawn
383420,550,Pass
383445,408,Fail
383517,3393,Pass
383541,5187,Pass
383558,817,Fail
383571,526,Distinction
383600,725,Pass
383602,4612,Pass
383608,9,Withdrawn
383629,3504,Pass
383643,10,Fail
383694,1194,Pass
383701,495,Fail
383723,7532,Pass
383748,1075,Fail
383778,1483,Fail
383785,274,Withdrawn
383828,29,Withdrawn
383907,6451,Pass
383921,2459,Fail
383946,1299,Fail
383967,269,Pass
383971,770,Fail
383978,627,Pass
384026,168,Fail
384035,844,Pass
384106,521,Withdrawn
384106,521,Withdrawn
384107,2057,Fail
384153,807,Withdrawn
384203,5184,Pass
384227,1853,Pass
384246,623,Pass
384266,13,Withdrawn
384295,371,Fail
384372,750,Fail
384499,1598,Pass
384636,434,Fail
384678,602,Fail
384725,4677,Pass
384797,1599,Pass
384866,2997,Pass
384884,1192,Pass
384909,113,Withdrawn
384999,2500,Withdrawn
384999,2500,Distinction
385019,129,Fail
385033,4136,Pass
385033,4136,Pass
385034,251,Withdrawn
385040,69,Fail
385120,722,Withdrawn
385195,3373,Pass
385209,1979,Fail
385218,705,Fail
385228,404,Pass
385341,147,Fail
385387,6059,Distinction
385405,766,Pass
385495,738,Withdrawn
385495,738,Fail
385547,3348,Pass
385547,3348,Withdrawn
385563,684,Pass
385578,286,Fail
385681,103,Withdrawn
385820,1769,Pass
385927,443,Pass
385937,3263,Pass
385947,506,Withdrawn
385980,358,Withdrawn
385980,358,Withdrawn
386121,615,Withdrawn
386121,615,Withdrawn
386140,796,Withdrawn
386140,796,Fail
386180,945,Pass
386189,110,Withdrawn
386348,1806,Pass
386374,18,Fail
386389,2652,Pass
386671,2261,Withdrawn
386671,2261,Distinction
386833,1334,Fail
386849,245,Withdrawn
386880,1660,Pass
386889,260,Pass
386912,2,Withdrawn
386924,164,Pass
386952,910,Pass
386956,945,Withdrawn
386985,189,Withdrawn
387009,1577,Pass
387174,3695,Pass
387289,1462,Withdrawn
387289,1462,Fail
387294,2083,Pass
387335,171,Withdrawn
387359,1670,Withdrawn
387359,1670,Pass
387364,2175,Withdrawn
387406,389,Fail
387446,771,Pass
387447,3956,Pass
387507,3416,Pass
387533,1096,Fail
387537,941,Pass
387550,304,Fail
387635,437,Fail
387648,4395,Pass
387656,469,Withdrawn
387700,264,Fail
387702,185,Fail
387773,3623,Distinction
387941,129,Withdrawn
387944,3799,Fail
387944,3799,Fail
387954,532,Withdrawn
387963,3409,Distinction
387963,3409,Distinction
388052,84,Pass
388147,441,Fail
388205,251,Fail
388252,194,Withdrawn
388252,194,Withdrawn
388259,376,Fail
388323,13,Fail
388360,213,Fail
388410,337,Fail
388432,307,Fail
388484,177,Fail
388538,3863,Pass
388549,172,Fail
388697,2404,Pass
388708,558,Withdrawn
388722,671,Pass
388738,1744,Withdrawn
388750,276,Withdrawn
388754,4017,Distinction
388885,875,Pass
388912,312,Fail
388923,1354,Pass
388947,4408,Pass
388975,420,Fail
389025,776,Fail
389076,91,Withdrawn
389076,91,Withdrawn
389101,1188,Distinction
389208,4694,Pass
389249,411,Pass
389250,352,Fail
389267,2733,Withdrawn
389267,2733,Pass
389362,3478,Withdrawn
389362,3478,Fail
389369,896,Distinction
389471,425,Fail
389639,1024,Pass
389759,2349,Withdrawn
389759,2349,Fail
389773,2112,Withdrawn
389773,2112,Fail
389853,559,Withdrawn
390026,1835,Pass
390029,3608,Pass
390029,3608,Pass
390070,1241,Fail
390210,788,Fail
390220,477,Pass
390233,1111,Withdrawn
390233,1111,Pass
390332,6,Withdrawn
390400,4090,Fail
390440,971,Withdrawn
390442,375,Distinction
390461,230,Fail
390556,358,Withdrawn
390556,358,Distinction
390690,2103,Pass
390849,363,Pass
390890,997,Withdrawn
390890,997,Pass
390942,111,Fail
390958,350,Pass
391059,546,Fail
391114,6118,Pass
391153,1077,Pass
391185,1483,Pass
391187,825,Pass
391249,2648,Distinction
391301,265,Fail
391343,767,Fail
391343,767,Fail
391419,2275,Fail
391466,2597,Fail
391466,2597,Pass
391537,1235,Pass
391572,1,Withdrawn
391578,443,Fail
391611,315,Fail
391613,3068,Distinction
391630,1038,Fail
391638,184,Withdrawn
391638,184,Withdrawn
391822,3958,Pass
391891,4894,Pass
391924,2764,Pass
391937,4774,Pass
391937,4774,Pass
392021,718,Withdrawn
392060,911,Distinction
392207,1346,Fail
392210,134,Fail
392213,672,Pass
392215,266,Pass
392281,891,Withdrawn
392281,891,Fail
392427,1508,Fail
392428,533,Pass
392526,1270,Pass
392604,1288,Pass
392614,106,Fail
392626,1407,Fail
392664,2514,Pass
392691,1391,Withdrawn
392692,318,Withdrawn
392713,24,Fail
392733,116,Fail
392756,363,Fail
392802,72,Withdrawn
392890,1377,Fail
392890,1377,Pass
392931,3003,Pass
392994,5127,Distinction
393094,575,Withdrawn
393094,575,Withdrawn
393094,575,Withdrawn
393131,111,Fail
393141,972,Fail
393142,875,Distinction
393150,15,Fail
393207,876,Pass
393327,776,Withdrawn
393327,776,Pass
393451,182,Fail
393488,1607,Pass
393526,6040,Withdrawn
393526,6040,Distinction
393682,171,Fail
393698,123,Withdrawn
393727,1430,Pass
393827,1215,Pass
393918,3156,Fail
393934,1090,Fail
394020,8,Fail
394024,1371,Pass
394028,149,Fail
394060,320,Pass
394067,304,Distinction
394076,317,Withdrawn
394082,197,Withdrawn
394218,3740,Withdrawn
394218,3740,Fail
394239,2172,Pass
394311,1503,Pass
394314,740,Withdrawn
394331,839,Pass
394341,228,Fail
394347,4164,Fail
394384,295,Fail
394480,42,Fail
394520,395,Pass
394791,1114,Withdrawn
394791,1114,Pass
394937,2680,Pass
394951,678,Withdrawn
394956,53,Withdrawn
394979,1180,Pass
395010,109,Withdrawn
395073,120,Fail
395107,934,Withdrawn
395107,934,Withdrawn
395164,175,Withdrawn
395164,175,Withdrawn
395169,175,Withdrawn
395188,3633,Fail
395229,17,Fail
395288,421,Withdrawn
395288,421,Fail
395320,1170,Pass
395367,445,Withdrawn
395373,2265,Pass
395374,507,Pass
395463,1103,Fail
395535,611,Withdrawn
395588,7246,Pass
395696,1672,Pass
395715,815,Withdrawn
395757,3534,Pass
395757,3534,Pass
395758,829,Withdrawn
395758,829,Withdrawn
395814,163,Withdrawn
395814,163,Fail
395822,2810,Pass
395954,76,Fail
395980,1,Withdrawn
396016,30,Fail
396028,7,Fail
396114,1603,Distinction
396145,571,Pass
396210,387,Pass
396292,2132,Pass
396456,696,Distinction
396502,1051,Pass
396532,109,Fail
396599,1039,Fail
396631,2634,Withdrawn
396631,2634,Pass
396633,2213,Fail
396655,462,Fail
396668,893,Pass
396673,471,Withdrawn
396674,1379,Pass
396679,1467,Fail
396683,3207,Pass
396739,4748,Pass
396799,919,Distinction
396825,951,Pass
396834,1350,Pass
396872,996,Pass
396907,3093,Fail
397118,1159,Pass
397149,1045,Withdrawn
397149,1045,Pass
397219,7908,Distinction
397292,650,Withdrawn
397292,650,Fail
397310,69,Fail
397312,847,Fail
397405,1118,Pass
397414,780,Pass
397429,162,Fail
397470,3203,Pass
397506,9070,Pass
397506,9070,Pass
397557,2399,Pass
397671,4607,Distinction
397747,1551,Pass
397763,158,Withdrawn
397797,321,Withdrawn
397797,321,Fail
397829,548,Pass
397894,3778,Withdrawn
398019,1435,Fail
398029,1,Fail
398040,8358,Distinction
398067,580,Distinction
398084,1338,Pass
398118,2763,Fail
398171,1337,Pass
398199,3648,Fail
398349,4295,Pass
398357,14,Withdrawn
398413,2639,Pass
398439,2248,Pass
398442,830,Pass
398487,1802,Fail
398496,7333,Pass
398525,447,Distinction
398529,123,Withdrawn
398529,123,Fail
398550,2092,Distinction
398552,1183,Fail
398630,1816,Pass
398656,3076,Fail
398816,2285,Pass
398862,2243,Pass
398877,2136,Withdrawn
398877,2136,Pass
398891,203,Pass
398956,88,Fail
399203,1351,Withdrawn
399203,1351,Withdrawn
399429,4568,Distinction
399450,1936,Fail
399453,307,Pass
399628,436,Fail
399737,1678,Distinction
399772,28,Withdrawn
399792,200,Fail
399794,1467,Fail
399794,1467,Fail
399843,126,Fail
399863,69,Withdrawn
399863,69,Withdrawn
399863,69,Withdrawn
399863,69,Fail
399895,2658,Fail
399935,457,Fail
400004,1232,Withdrawn
400010,391,Fail
400049,1328,Fail
400063,3,Withdrawn
400087,3529,Pass
400091,819,Pass
400145,1673,Pass
400147,338,Pass
400208,1,Withdrawn
400252,4018,Pass
400266,2935,Withdrawn
400266,2935,Pass
400451,1891,Fail
400461,51,Withdrawn
400469,1424,Pass
400474,760,Pass
400549,1480,Pass
400599,1155,Withdrawn
400611,953,Withdrawn
400630,121,Fail
400632,2871,Pass
400682,1584,Pass
400759,1002,Pass
400894,269,Pass
400942,404,Withdrawn
400958,738,Fail
401011,2063,Withdrawn
401011,2063,Pass
401139,499,Pass
401240,2368,Pass
401258,349,Withdrawn
401296,3251,Pass
401296,3251,Pass
401317,1097,Pass
401339,3771,Pass
401349,1439,Distinction
401404,1326,Pass
401441,292,Fail
401486,714,Distinction
401812,778,Fail
401824,453,Fail
401866,938,Withdrawn
401869,955,Pass
401903,917,Pass
401947,95,Withdrawn
402180,1506,Pass
402200,2260,Withdrawn
402204,751,Pass
402210,2634,Withdrawn
402210,2634,Pass
402268,128,Withdrawn
402295,2412,Pass
402314,1766,Distinction
402378,1844,Pass
402433,212,Fail
402449,4406,Fail
402458,1504,Withdrawn
402470,1445,Pass
402489,20,Withdrawn
402502,4887,Distinction
402531,961,Fail
402575,504,Withdrawn
402596,97,Withdrawn
402662,1781,Pass
402695,2148,Pass
402727,414,Pass
402806,7539,Pass
402808,274,Withdrawn
402883,279,Fail
402958,2061,Pass
402961,4555,Pass
402993,692,Pass
403052,778,Fail
403052,778,Fail
403085,4739,Pass
403085,4739,Pass
403093,180,Pass
403158,1283,Withdrawn
403213,317,Pass
403902,374,Fail
404022,2268,Pass
404050,657,Withdrawn
404121,1713,Pass
404135,3742,Pass
404147,1259,Fail
404170,4084,Withdrawn
404170,4084,Pass
404200,806,Pass
404239,84,Fail
404239,84,Fail
404269,755,Pass
404325,273,Fail
404356,2076,Pass
404415,1465,Pass
404449,2258,Pass
404536,1649,Pass
404559,6,Fail
404631,7413,Pass
404671,788,Distinction
404695,1324,Pass
404708,2103,Pass
404727,553,Fail
404804,509,Pass
404863,311,Fail
405088,1388,Pass
405125,3623,Withdrawn
405125,3623,Distinction
405192,3422,Withdrawn
405192,3422,Pass
405193,6153,Pass
405219,7878,Distinction
405268,199,Distinction
405314,4687,Withdrawn
405314,4687,Fail
405336,44,Fail
405426,356,Fail
405471,734,Pass
405743,243,Withdrawn
405746,180,Withdrawn
405775,1636,Pass
405784,3070,Withdrawn
405784,3070,Withdrawn
405889,3321,Pass
405945,2010,Pass
405963,84,Withdrawn
405995,966,Pass
406000,1214,Pass
406056,946,Pass
406121,1145,Pass
406224,304,Pass
406254,1820,Withdrawn
406254,1820,Pass
406265,223,Withdrawn
406311,330,Fail
406326,249,Withdrawn
406337,74,Withdrawn
406416,116,Withdrawn
406425,489,Withdrawn
406498,1336,Withdrawn
406498,1336,Pass
406541,2014,Pass
406549,1438,Pass
406600,313,Pass
406671,405,Pass
406682,2752,Distinction
406698,1062,Fail
406751,770,Pass
406753,28,Withdrawn
406846,188,Fail
406908,802,Fail
406937,287,Withdrawn
406974,1148,Withdrawn
406974,1148,Fail
407115,56,Fail
407232,8363,Pass
407303,829,Pass
407371,2382,Distinction
407374,1605,Distinction
407404,394,Distinction
407428,231,Fail
407453,7289,Withdrawn
407453,7289,Pass
407487,193,Fail
407500,2622,Pass
407545,172,Withdrawn
407595,56,Fail
407670,4196,Distinction
407681,1426,Pass
407731,1754,Pass
407818,5470,Fail
407818,5470,Pass
407838,460,Fail
407876,151,Fail
407968,1239,Pass
408061,804,Fail
408105,336,Fail
408112,542,Pass
408239,1191,Pass
408344,28,Fail
408353,2915,Pass
408371,100,Withdrawn
408372,928,Pass
408413,839,Fail
408469,229,Withdrawn
408499,1400,Withdrawn
408581,762,Distinction
408608,947,Fail
408651,1891,Fail
408753,3760,Pass
408763,1599,Pass
408817,304,Fail
408975,121,Pass
409040,1376,Pass
409056,48,Withdrawn
409091,1125,Pass
409100,2180,Pass
409105,15,Fail
409109,829,Pass
409120,166,Withdrawn
409160,210,Fail
409205,590,Pass
409276,24,Fail
409284,33,Withdrawn
409540,288,Withdrawn
409651,3232,Pass
409662,1051,Pass
409663,131,Withdrawn
409698,159,Withdrawn
409703,2808,Pass
409708,607,Pass
409733,1870,Pass
409766,15,Withdrawn
409794,18,Withdrawn
409852,1191,Fail
409880,2116,Withdrawn
409880,2116,Pass
409930,417,Pass
409945,464,Pass
409949,403,Fail
409953,1648,Pass
409953,1648,Pass
410043,204,Fail
410052,449,Pass
410084,101,Fail
410092,339,Pass
410176,169,Fail
410199,5385,Pass
410203,1749,Pass
410281,951,Fail
410357,1989,Distinction
410407,12036,Distinction
410407,12036,Distinction
410537,318,Pass
410573,456,Fail
410587,2023,Pass
410592,3940,Pass
410666,1992,Withdrawn
410666,1992,Fail
410699,550,Pass
410739,757,Pass
410767,9175,Withdrawn
410767,9175,Pass
410810,1367,Pass
410816,473,Withdrawn
410838,3935,Pass
410842,485,Pass
410874,1023,Fail
410883,1853,Pass
410886,4381,Withdrawn
410886,4381,Pass
411001,151,Withdrawn
411013,2669,Distinction
411060,1637,Pass
411105,582,Withdrawn
411105,582,Pass
411150,101,Withdrawn
411197,104,Fail
411226,118,Withdrawn
411304,2628,Pass
411381,129,Withdrawn
411381,129,Fail
411549,4428,Pass
411549,4428,Fail
411553,895,Fail
411619,3313,Pass
411642,298,Pass
411707,986,Pass
411730,154,Withdrawn
411895,24,Fail
411939,430,Withdrawn
411939,430,Fail
411971,1318,Pass
412025,922,Pass
412063,429,Fail
412081,497,Pass
412102,3527,Pass
412175,531,Withdrawn
412258,2261,Distinction
412263,1673,Pass
412268,787,Withdrawn
412284,851,Fail
412304,506,Withdrawn
412307,4091,Pass
412343,228,Fail
412353,7075,Pass
412387,197,Withdrawn
412407,1204,Pass
412600,575,Pass
412600,575,Fail
412618,1448,Distinction
412654,352,Pass
412663,2671,Pass
412663,2671,Pass
412695,3504,Pass
412697,3081,Pass
412717,1401,Pass
412731,1786,Fail
412754,1,Withdrawn
412772,1019,Pass
412911,908,Pass
413052,265,Withdrawn
413083,1065,Fail
413087,1201,Fail
413087,1201,Fail
413137,483,Withdrawn
413180,2395,Pass
413200,1799,Fail
413200,1799,Pass
413580,482,Withdrawn
413629,332,Withdrawn
413702,314,Withdrawn
413705,62,Fail
413709,2449,Pass
413747,1095,Fail
413891,667,Fail
413934,1478,Fail
413949,4607,Pass
413984,508,Pass
414028,1831,Distinction
414077,231,Withdrawn
414094,795,Fail
414117,807,Pass
414247,1130,Fail
414258,5349,Fail
414258,5349,Pass
414304,2231,Pass
414350,5410,Distinction
414495,1427,Distinction
414587,628,Pass
414633,1132,Pass
414668,944,Distinction
414696,867,Pass
414758,479,Pass
414772,405,Pass
414803,448,Fail
414958,385,Pass
414963,1457,Pass
415023,7,Withdrawn
415151,572,Withdrawn
415151,572,Fail
415187,97,Withdrawn
415216,240,Pass
415307,27,Fail
415399,157,Fail
415546,223,Fail
415631,513,Pass
415695,3063,Fail
415695,3063,Fail
415716,885,Distinction
415724,911,Withdrawn
415760,205,Pass
415812,342,Withdrawn
415818,252,Pass
415952,1963,Pass
415969,1417,Withdrawn
415969,1417,Fail
415988,2628,Fail
416007,1387,Pass
416008,1534,Fail
416008,1534,Pass
416199,4793,Pass
416229,3188,Pass
416243,808,Pass
416276,1734,Withdrawn
416284,298,Fail
416302,7970,Pass
416304,4037,Pass
416314,344,Fail
416355,673,Pass
416407,3022,Pass
416420,2955,Pass
416500,996,Withdrawn
416500,996,Fail
416654,2113,Pass
416689,1137,Pass
416689,1137,Withdrawn
416696,1279,Withdrawn
416696,1279,Withdrawn
416700,770,Distinction
416725,5533,Distinction
416860,1267,Withdrawn
416860,1267,Withdrawn
417096,1462,Pass
417135,137,Fail
417184,3664,Pass
417220,18,Fail
417242,963,Pass
417263,868,Pass
417410,90,Fail
417414,2886,Pass
417462,16,Fail
417522,1471,Pass
417547,1280,Pass
417657,233,Fail
417663,1555,Pass
417684,806,Distinction
417724,2960,Pass
417724,2960,Distinction
417785,2,Fail
417820,384,Pass
417863,62,Withdrawn
417971,537,Withdrawn
417974,203,Withdrawn
417978,324,Withdrawn
417986,1824,Pass
418007,2548,Distinction
418032,941,Distinction
418035,1347,Pass
418065,122,Withdrawn
418077,999,Pass
418122,724,Pass
418129,20,Withdrawn
418159,419,Withdrawn
418201,2558,Fail
418216,1535,Distinction
418218,3878,Pass
418224,1860,Fail
418325,1698,Pass
418340,229,Fail
418397,4153,Pass
418397,4153,Pass
418453,1874,Pass
418486,2,Withdrawn
418490,4071,Pass
418623,2529,Pass
418634,5301,Pass
418731,127,Fail
418781,723,Pass
418851,64,Withdrawn
418900,1089,Pass
418956,1443,Pass
418971,731,Withdrawn
418971,731,Fail
418998,1991,Pass
419024,7618,Withdrawn
419024,7618,Pass
419059,4353,Distinction
419081,661,Fail
419192,270,Distinction
419223,2443,Pass
419228,203,Withdrawn
419233,129,Fail
419273,1199,Fail
419284,4423,Pass
419375,2611,Pass
419517,1134,Distinction
419536,174,Withdrawn
419565,2627,Withdrawn
419565,2627,Fail
419791,3402,Pass
419913,2782,Pass
419924,1047,Withdrawn
419946,1311,Pass
419990,3713,Pass
420042,7325,Distinction
420042,7325,Pass
420087,342,Fail
420096,174,Withdrawn
420141,1181,Pass
420163,747,Pass
420173,2510,Distinction
420333,2248,Pass
420344,1664,Withdrawn
420345,649,Pass
420388,1514,Pass
420528,2229,Distinction
420560,812,Pass
420604,119,Fail
420631,1255,Pass
420650,138,Withdrawn
420663,251,Pass
420673,5747,Withdrawn
420699,4615,Pass
420720,2173,Pass
420724,225,Fail
420745,11,Withdrawn
420745,11,Withdrawn
420762,950,Distinction
420834,1283,Withdrawn
420867,2309,Pass
420894,3459,Pass
420935,8504,Distinction
421018,151,Pass
421070,983,Withdrawn
421070,983,Withdrawn
421111,1306,Fail
421111,1306,Pass
421179,928,Fail
421185,653,Pass
421205,225,Fail
421209,2055,Pass
421301,497,Withdrawn
421326,83,Fail
421455,1472,Pass
421712,293,Withdrawn
421754,95,Withdrawn
421877,56,Withdrawn
421992,719,Fail
421999,424,Fail
422006,1499,Pass
422061,1753,Pass
422070,202,Fail
422087,4405,Distinction
422164,313,Fail
422223,28,Fail
422250,96,Fail
422276,316,Pass
422280,1859,Withdrawn
422340,3822,Pass
422341,16,Withdrawn
422343,964,Pass
422343,964,Distinction
422479,401,Pass
422530,1726,Pass
422534,751,Fail
422542,497,Fail
422626,3817,Pass
422670,4597,Pass
422697,7087,Withdrawn
422697,7087,Distinction
422752,140,Withdrawn
422768,1355,Pass
423061,272,Fail
423093,1336,Pass
423147,523,Pass
423210,2694,Pass
423314,298,Fail
423317,8,Withdrawn
423386,1569,Withdrawn
423398,2836,Pass
423399,349,Pass
423488,2327,Fail
423601,2142,Fail
423607,1896,Fail
423613,91,Withdrawn
423622,239,Fail
423648,138,Fail
423652,307,Distinction
423664,262,Fail
423757,1083,Fail
423781,2854,Pass
423871,9301,Pass
423876,823,Withdrawn
423876,823,Fail
423879,4641,Distinction
423947,2207,Pass
423985,506,Fail
424014,1091,Withdrawn
424014,1091,Pass
424069,18,Withdrawn
424082,1272,Pass
424112,787,Pass
424171,3515,Pass
424211,1433,Pass
424220,797,Pass
424437,4007,Pass
424539,230,Pass
424544,2323,Fail
424577,2196,Pass
424637,173,Fail
424863,64,Fail
424880,1614,Pass
424950,428,Pass
424978,1752,Pass
424987,1212,Pass
425053,1146,Fail
425053,1146,Fail
425136,111,Fail
425218,2538,Fail
425257,564,Fail
425274,778,Pass
425287,1123,Withdrawn
425287,1123,Pass
425314,12,Withdrawn
425332,1326,Fail
425543,793,Withdrawn
425714,460,Withdrawn
425714,460,Fail
425747,31,Fail
425748,1984,Fail
425755,917,Withdrawn
425772,460,Pass
425808,1556,Pass
425817,366,Withdrawn
425817,366,Fail
425820,1450,Pass
425858,138,Fail
425910,708,Fail
425919,54,Withdrawn
425997,5422,Fail
426059,1408,Withdrawn
426059,1408,Pass
426074,2534,Pass
426094,160,Withdrawn
426137,588,Withdrawn
426137,588,Withdrawn
426137,588,Withdrawn
426297,1538,Distinction
426316,1539,Withdrawn
426316,1539,Pass
426458,450,Pass
426465,7744,Pass
426547,758,Pass
426610,3132,Pass
426616,3004,Fail
426616,3004,Pass
426624,1171,Distinction
426650,551,Pass
426701,30,Withdrawn
426736,170,Fail
426768,1229,Withdrawn
426838,1408,Pass
426871,3842,Pass
426887,2530,Distinction
427248,317,Withdrawn
427256,4012,Pass
427321,332,Fail
427344,297,Fail
427348,3169,Pass
427390,1076,Fail
427413,4390,Fail
427413,4390,Distinction
427485,1051,Withdrawn
427485,1051,Withdrawn
427536,764,Pass
427683,127,Withdrawn
427704,376,Pass
427773,541,Pass
427802,3721,Pass
427921,2720,Pass
428068,93,Fail
428116,271,Pass
428142,2757,Pass
428195,222,Fail
428301,115,Distinction
428321,136,Fail
428323,809,Pass
428641,2710,Pass
428653,341,Pass
428769,177,Fail
428787,1704,Withdrawn
428932,3575,Distinction
428979,1176,Pass
429004,721,Pass
429015,2862,Pass
429015,2862,Pass
429038,265,Pass
429065,834,Fail
429099,705,Distinction
429162,280,Fail
429185,2452,Distinction
429212,1109,Pass
429417,745,Pass
429494,151,Fail
429610,2242,Distinction
429740,25,Withdrawn
429777,38,Withdrawn
429832,2159,Fail
429832,2159,Fail
429833,585,Fail
429854,616,Pass
429858,232,Distinction
429958,411,Pass
430002,50,Fail
430020,235,Fail
430055,2,Withdrawn
430160,116,Withdrawn
430279,690,Withdrawn
430282,16,Withdrawn
430356,3058,Pass
430357,953,Fail
430392,391,Pass
430487,964,Distinction
430516,780,Withdrawn
430516,780,Fail
430530,446,Withdrawn
430554,1056,Withdrawn
430625,667,Withdrawn
430678,469,Pass
430686,1198,Pass
430708,524,Pass
430806,967,Pass
430870,567,Fail
431005,638,Withdrawn
431005,638,Pass
431014,2493,Fail
431014,2493,Fail
431025,300,Fail
431071,726,Withdrawn
431071,726,Fail
431136,1189,Withdrawn
431136,1189,Fail
431139,2339,Pass
431251,3093,Pass
431268,1189,Withdrawn
431386,232,Pass
431386,232,Fail
431406,1308,Distinction
431987,10910,Distinction
432004,58,Fail
432144,1091,Pass
432222,4665,Pass
432232,250,Pass
432237,186,Pass
432278,542,Withdrawn
432319,49,Withdrawn
432336,1505,Fail
432474,258,Fail
432478,322,Fail
432480,151,Pass
432484,223,Withdrawn
432532,4718,Distinction
432592,5405,Distinction
432624,385,Withdrawn
432642,1035,Fail
432703,1281,Pass
432718,146,Withdrawn
432724,1728,Distinction
432862,1551,Fail
432870,986,Pass
432968,456,Withdrawn
433064,14,Fail
433151,1277,Pass
433165,691,Pass
433280,540,Pass
433386,2152,Pass
433508,429,Withdrawn
433508,429,Pass
433531,1060,Pass
433748,541,Pass
433755,873,Pass
433794,3977,Pass
433864,755,Pass
433939,800,Fail
433939,800,Fail
434002,1569,Withdrawn
434002,1569,Pass
434159,82,Fail
434192,612,Pass
434298,447,Fail
434347,2118,Distinction
434353,758,Pass
434397,557,Pass
434476,21204,Withdrawn
434476,21204,Pass
434478,47,Withdrawn
434503,553,Withdrawn
434562,4600,Pass
434562,4600,Distinction
434573,6,Fail
434573,6,Fail
434585,757,Pass
434617,542,Fail
434646,1734,Pass
434759,1822,Distinction
434767,660,Withdrawn
434767,660,Withdrawn
434841,170,Fail
434841,170,Fail
434977,1119,Pass
435043,1242,Pass
435057,78,Fail
435101,71,Fail
435245,1490,Pass
435258,362,Fail
435271,460,Withdrawn
435277,7866,Distinction
435282,710,Fail
435287,43,Fail
435294,80,Withdrawn
435423,4177,Pass
435446,4457,Pass
435572,682,Pass
435587,649,Pass
435780,1921,Withdrawn
435803,29,Fail
436044,497,Fail
436058,849,Pass
436213,598,Fail
436481,2351,Pass
436554,123,Withdrawn
436590,4469,Pass
436898,770,Distinction
436900,126,Fail
436900,126,Fail
437171,1079,Pass
437246,177,Fail
437281,2784,Pass
437432,193,Withdrawn
437432,193,Withdrawn
437482,1140,Pass
437529,377,Withdrawn
437550,1722,Pass
437562,354,Pass
437565,1239,Pass
437752,571,Withdrawn
437872,1997,Pass
437923,438,Pass
437967,675,Pass
437968,528,Fail
437971,736,Withdrawn
438063,1079,Withdrawn
438063,1079,Fail
438068,619,Distinction
438135,116,Withdrawn
438210,9,Withdrawn
438244,822,Fail
438283,521,Fail
438290,417,Withdrawn
438313,5999,Withdrawn
438313,5999,Fail
438323,2670,Pass
438452,2371,Distinction
438551,660,Pass
438644,881,Withdrawn
438644,881,Fail
438662,1608,Fail
438703,312,Pass
438751,1687,Pass
438775,24,Withdrawn
438796,4471,Pass
438796,4471,Pass
439002,1663,Withdrawn
439013,45,Fail
439053,13,Withdrawn
439109,237,Fail
439170,426,Distinction
439182,899,Pass
439203,245,Fail
439294,5,Fail
439305,613,Pass
439433,3046,Pass
439542,817,Fail
439568,2754,Distinction
439633,4725,Pass
439669,47,Withdrawn
439677,995,Pass
439677,995,Distinction
439710,631,Distinction
439713,1161,Fail
439806,939,Distinction
439855,1380,Withdrawn
439855,1380,Pass
439857,924,Pass
439896,1318,Withdrawn
439950,989,Fail
439995,2757,Pass
440003,3922,Pass
440057,427,Pass
440075,11,Withdrawn
440103,1534,Fail
440103,1534,Pass
440171,1284,Withdrawn
440171,1284,Pass
440225,210,Pass
440288,13,Withdrawn
440297,11,Withdrawn
440319,676,Withdrawn
440323,918,Withdrawn
440331,1232,Pass
440375,805,Fail
440499,1192,Pass
440509,495,Pass
440559,3968,Pass
440563,14838,Pass
440591,7,Withdrawn
440593,51,Pass
440610,1093,Pass
440632,2351,Fail
440637,25,Withdrawn
440765,137,Fail
440798,389,Fail
440818,6574,Pass
440825,601,Fail
440851,846,Withdrawn
440851,846,Fail
440857,322,Withdrawn
440905,572,Fail
440911,27,Fail
440912,41,Withdrawn
441000,258,Fail
441018,646,Pass
441024,32,Withdrawn
441073,374,Fail
441087,727,Pass
441113,1123,Pass
441132,2134,Pass
441165,2370,Pass
441181,347,Pass
441201,2191,Pass
441213,655,Pass
441255,562,Distinction
441302,1225,Pass
441342,2139,Pass
441354,16,Withdrawn
441385,1331,Fail
441389,1825,Pass
441393,442,Withdrawn
441421,986,Withdrawn
441421,986,Fail
441444,1727,Pass
441540,2903,Withdrawn
441540,2903,Pass
441540,2903,Withdrawn
441606,3570,Withdrawn
441606,3570,Fail
441791,659,Pass
441852,1858,Pass
441858,643,Pass
441885,776,Fail
441888,739,Pass
441892,586,Fail
441895,1213,Pass
441897,340,Pass
441954,3492,Pass
442012,1465,Pass
442017,764,Withdrawn
442064,402,Pass
442131,379,Fail
442132,176,Pass
442143,38,Withdrawn
442183,412,Pass
442199,1441,Pass
442347,799,Withdrawn
442359,1952,Pass
442393,346,Fail
442432,36,Fail
442436,1903,Withdrawn
442442,1009,Withdrawn
442456,297,Fail
442466,97,Pass
442497,187,Fail
442530,268,Withdrawn
442530,268,Withdrawn
442545,1969,Pass
442547,664,Fail
442549,545,Fail
442561,725,Pass
442563,2378,Pass
442589,831,Pass
442590,3886,Fail
442618,24,Withdrawn
442669,2534,Pass
442670,38,Withdrawn
442725,98,Fail
442745,12,Withdrawn
442753,1997,Withdrawn
442802,3707,Pass
442807,2266,Pass
442865,1919,Fail
442873,1436,Pass
442877,1697,Pass
442878,564,Fail
442886,2264,Pass
442910,674,Pass
442924,1692,Distinction
442924,1692,Pass
442937,221,Withdrawn
442949,401,Fail
442954,62,Withdrawn
442987,958,Pass
443007,4390,Pass
443055,287,Fail
443108,420,Withdrawn
443108,420,Fail
443151,2525,Pass
443181,1897,Pass
443200,3321,Pass
443215,2581,Pass
443275,1498,Pass
443288,5327,Distinction
443297,910,Pass
443300,117,Withdrawn
443387,824,Pass
443400,202,Fail
443438,564,Fail
443498,1938,Distinction
443500,40,Withdrawn
443514,3138,Pass
443539,1760,Pass
443540,335,Withdrawn
443563,5409,Pass
443696,12021,Fail
443696,12021,Fail
443701,20,Withdrawn
443731,594,Pass
443753,29,Fail
443765,1557,Pass
443837,8,Withdrawn
443842,449,Fail
443861,1326,Pass
443923,44,Withdrawn
443948,7119,Pass
443950,5112,Pass
443954,612,Withdrawn
443964,4950,Distinction
443989,5060,Distinction
444011,1744,Pass
444063,4,Fail
444117,325,Distinction
444180,1278,Pass
444197,1411,Pass
444221,877,Withdrawn
444225,46,Fail
444266,1842,Pass
444317,2133,Pass
444349,366,Fail
444361,742,Distinction
444375,2384,Pass
444403,2560,Pass
444408,457,Fail
444474,90,Withdrawn
444541,167,Withdrawn
444545,897,Pass
444561,1355,Pass
444574,3432,Fail
444576,703,Fail
444619,6644,Withdrawn
444619,6644,Pass
444677,1241,Distinction
444697,2234,Pass
444713,462,Withdrawn
444718,361,Fail
444766,2814,Pass
444768,2372,Pass
444783,580,Withdrawn
444784,281,Fail
444814,56,Withdrawn
444821,354,Pass
444847,74,Withdrawn
444856,1793,Fail
444858,646,Fail
444872,486,Pass
444907,2678,Pass
444909,101,Fail
444925,247,Withdrawn
444926,348,Pass
444943,803,Distinction
444960,199,Withdrawn
445049,1739,Pass
445065,8925,Distinction
445086,773,Pass
445109,1396,Fail
445114,1372,Pass
445125,381,Fail
445134,64,Fail
445136,820,Withdrawn
445136,820,Distinction
445145,809,Fail
445230,117,Withdrawn
445239,1884,Pass
445351,110,Withdrawn
445351,110,Fail
445386,776,Pass
445410,931,Pass
445415,502,Pass
445429,900,Pass
445451,1190,Pass
445459,28,Withdrawn
445494,388,Pass
445573,647,Fail
445605,301,Withdrawn
445647,125,Withdrawn
445686,1581,Pass
445728,9,Withdrawn
445749,184,Withdrawn
445760,542,Pass
445774,211,Distinction
445776,2759,Pass
445777,2026,Distinction
445782,268,Withdrawn
445785,323,Withdrawn
445818,893,Fail
445857,3138,Pass
445889,729,Pass
445917,3711,Distinction
445917,3711,Distinction
445921,270,Withdrawn
445930,398,Pass
445947,2680,Fail
445972,4624,Distinction
445972,4624,Distinction
446045,318,Pass
446077,757,Fail
446097,1658,Pass
446108,879,Pass
446246,1502,Distinction
446247,105,Withdrawn
446279,3091,Pass
446295,298,Fail
446295,298,Fail
446296,124,Fail
446324,2128,Pass
446345,150,Fail
446357,57,Withdrawn
446397,1444,Withdrawn
446397,1444,Fail
446439,2111,Pass
446440,2422,Pass
446448,274,Withdrawn
446479,442,Withdrawn
446619,21,Withdrawn
446628,1922,Withdrawn
446628,1922,Pass
446650,818,Pass
446730,3797,Pass
446746,243,Withdrawn
446755,816,Distinction
446761,1044,Pass
446778,614,Withdrawn
446778,614,Withdrawn
446814,636,Pass
446856,792,Fail
446873,66,Fail
447007,80,Withdrawn
447036,912,Withdrawn
447036,912,Withdrawn
447059,1220,Pass
447086,156,Pass
447124,2233,Pass
447127,1021,Fail
447162,1345,Pass
447184,749,Pass
447235,1202,Distinction
447242,921,Pass
447265,162,Pass
447292,228,Fail
447306,87,Fail
447324,239,Fail
447459,795,Fail
447475,4040,Distinction
447481,767,Pass
447510,560,Pass
447516,491,Pass
447644,1813,Distinction
447644,1813,Pass
447659,388,Withdrawn
447695,679,Withdrawn
447759,3599,Pass
447782,987,Distinction
447790,204,Withdrawn
448370,82,Withdrawn
464236,1693,Withdrawn
464236,1693,Pass
464522,381,Withdrawn
464522,381,Withdrawn
464525,955,Pass
464592,81,Fail
464616,1470,Withdrawn
464616,1470,Pass
464685,1694,Pass
464724,5403,Withdrawn
464724,5403,Pass
464732,2784,Fail
464748,891,Withdrawn
464748,891,Pass
464755,663,Withdrawn
464780,1126,Withdrawn
464780,1126,Pass
464785,3400,Pass
464887,243,Withdrawn
464924,3103,Withdrawn
464924,3103,Pass
464957,603,Fail
464968,762,Pass
464981,7373,Distinction
464981,7373,Distinction
465009,368,Withdrawn
465009,368,Withdrawn
465068,126,Withdrawn
465078,1396,Withdrawn
465121,1570,Fail
465175,2617,Fail
465175,2617,Pass
465260,1586,Pass
465294,2886,Pass
465312,4570,Pass
465331,285,Pass
465369,210,Pass
465392,1261,Distinction
465399,86,Withdrawn
465399,86,Withdrawn
465406,2365,Pass
465406,2365,Pass
465413,2245,Pass
465421,1991,Pass
465430,2666,Pass
465441,1936,Pass
465517,191,Withdrawn
465564,5256,Pass
465564,5256,Pass
465567,481,Fail
465577,976,Withdrawn
465599,587,Pass
465619,1620,Withdrawn
465619,1620,Fail
465629,1777,Fail
465629,1777,Pass
465719,48,Fail
465719,48,Fail
465727,1393,Pass
465730,145,Withdrawn
465730,145,Fail
465732,292,Fail
465764,1783,Withdrawn
465764,1783,Withdrawn
465764,1783,Pass
465777,509,Pass
465789,4525,Pass
465843,3635,Fail
465843,3635,Distinction
465845,524,Withdrawn
465893,3425,Distinction
465900,2596,Pass
465900,2596,Pass
465952,452,Pass
466037,194,Fail
466120,1360,Fail
466158,1053,Withdrawn
466158,1053,Withdrawn
466158,1053,Withdrawn
466202,342,Pass
466203,4999,Pass
466216,2387,Distinction
466230,920,Pass
466248,26,Withdrawn
466289,7413,Pass
466289,7413,Pass
466329,1685,Fail
466347,846,Fail
466360,962,Distinction
466372,566,Fail
466377,550,Withdrawn
466425,1278,Fail
466477,503,Pass
466508,951,Pass
466539,2551,Pass
466576,1347,Fail
466582,388,Withdrawn
466599,123,Fail
466714,371,Withdrawn
466714,371,Withdrawn
466714,371,Withdrawn
466717,2,Withdrawn
466800,362,Withdrawn
466800,362,Pass
466807,818,Withdrawn
466807,818,Withdrawn
466810,1212,Pass
466828,2959,Distinction
466854,443,Fail
466856,200,Distinction
466880,816,Pass
466892,10151,Pass
466900,386,Distinction
466959,95,Fail
466961,1030,Pass
466973,287,Fail
466987,3810,Pass
466990,1111,Fail
467035,569,Pass
467100,1400,Fail
467144,1236,Withdrawn
467144,1236,Pass
467179,122,Withdrawn
467230,946,Pass
467230,946,Distinction
467243,716,Fail
467292,789,Pass
467294,688,Pass
467302,3673,Pass
467303,493,Pass
467312,37,Withdrawn
467363,2319,Withdrawn
467363,2319,Fail
467381,375,Withdrawn
467396,1118,Withdrawn
467396,1118,Distinction
467413,1428,Pass
467416,4313,Pass
467504,3692,Pass
467506,3176,Pass
467524,4630,Pass
467580,858,Pass
467582,5155,Pass
467606,553,Withdrawn
467685,97,Fail
467700,1417,Pass
467725,5331,Pass
467753,313,Withdrawn
467753,313,Withdrawn
467756,199,Fail
467776,201,Withdrawn
467822,3273,Pass
467835,58,Withdrawn
467854,4565,Pass
467893,1842,Pass
467894,103,Fail
467901,382,Fail
468021,312,Fail
468120,116,Fail
468187,94,Fail
468349,122,Fail
468386,721,Withdrawn
468386,721,Fail
468482,7,Withdrawn
468497,992,Fail
468529,119,Withdrawn
468623,175,Withdrawn
468623,175,Withdrawn
468657,173,Withdrawn
468672,373,Withdrawn
468694,473,Withdrawn
468720,855,Pass
468729,235,Withdrawn
468730,1439,Fail
468753,411,Fail
468792,251,Withdrawn
468808,1040,Pass
468845,874,Pass
468902,1762,Fail
468902,1762,Pass
468908,213,Fail
468927,1268,Pass
468947,651,Withdrawn
468949,605,Pass
469016,594,Pass
469113,1719,Withdrawn
469113,1719,Pass
469154,4542,Pass
469177,232,Pass
469281,2702,Withdrawn
469281,2702,Pass
469284,2,Fail
469389,559,Withdrawn
469424,1645,Distinction
469425,388,Fail
469465,742,Pass
469499,7421,Pass
469553,665,Pass
469579,33,Pass
469614,967,Withdrawn
469614,967,Pass
469624,692,Fail
469633,644,Pass
469664,13,Withdrawn
469683,288,Pass
469732,26,Withdrawn
469743,9055,Distinction
469761,6339,Distinction
469761,6339,Pass
469861,637,Pass
469878,1620,Pass
469887,926,Fail
469959,728,Fail
469977,2988,Pass
470001,7865,Distinction
470002,372,Withdrawn
470002,372,Withdrawn
470037,432,Withdrawn
470113,487,Pass
470119,30,Withdrawn
470119,30,Withdrawn
470121,145,Withdrawn
470159,306,Pass
470187,160,Pass
470253,113,Withdrawn
470318,800,Pass
470331,2406,Withdrawn
470340,568,Pass
470385,4669,Pass
470403,2559,Fail
470461,3943,Pass
470461,3943,Fail
470464,1209,Pass
470534,537,Withdrawn
470555,197,Withdrawn
470555,197,Fail
470588,842,Withdrawn
470588,842,Withdrawn
470617,103,Withdrawn
470619,3821,Pass
470637,313,Withdrawn
470653,514,Fail
470693,3262,Distinction
470733,575,Fail
470786,1978,Pass
470869,635,Pass
470870,613,Fail
470900,775,Pass
470914,802,Withdrawn
470914,802,Pass
470921,1628,Fail
470982,1528,Pass
471018,426,Withdrawn
471018,426,Fail
471027,4987,Distinction
471157,2,Fail
471189,299,Withdrawn
471196,435,Pass
471219,688,Fail
471284,2810,Fail
471373,2042,Distinction
471374,67,Withdrawn
471374,67,Withdrawn
471434,564,Withdrawn
471476,824,Fail
471525,696,Pass
471580,5611,Withdrawn
471580,5611,Pass
471580,5611,Pass
471654,2716,Pass
471657,764,Pass
471669,206,Fail
471711,452,Pass
471781,758,Withdrawn
471781,758,Withdrawn
471810,184,Withdrawn
471925,713,Pass
471973,2042,Pass
471976,167,Fail
471977,3141,Withdrawn
471977,3141,Pass
471979,3063,Pass
472000,1106,Pass
472049,160,Withdrawn
472060,1044,Withdrawn
472060,1044,Fail
472073,836,Pass
472087,4052,Pass
472087,4052,Pass
472120,2695,Pass
472180,320,Fail
472182,501,Withdrawn
472257,692,Pass
472262,440,Fail
472284,1253,Distinction
472290,2805,Withdrawn
472290,2805,Pass
472309,691,Withdrawn
472309,691,Fail
472327,334,Pass
472336,1746,Pass
472341,1110,Fail
472348,122,Withdrawn
472401,19,Withdrawn
472511,731,Pass
472584,845,Pass
472586,324,Pass
472602,3305,Fail
472616,627,Withdrawn
472616,627,Distinction
472651,4027,Distinction
472651,4027,Distinction
472736,4630,Pass
472762,5219,Distinction
472762,5219,Distinction
472810,471,Withdrawn
472810,471,Fail
472856,5,Withdrawn
472857,705,Pass
472911,943,Pass
472949,447,Fail
472949,447,Fail
472981,115,Withdrawn
473008,2244,Pass
473081,2162,Withdrawn
473081,2162,Withdrawn
473082,873,Withdrawn
473095,1223,Fail
473095,1223,Withdrawn
473095,1223,Pass
473102,1615,Withdrawn
473104,4577,Pass
473129,303,Pass
473162,7740,Pass
473265,377,Withdrawn
473271,1059,Pass
473271,1059,Pass
473328,543,Pass
473340,341,Fail
473378,1542,Withdrawn
473406,83,Withdrawn
473406,83,Withdrawn
473491,4272,Withdrawn
473491,4272,Pass
473509,1380,Withdrawn
473509,1380,Fail
473509,1380,Withdrawn
473640,2968,Withdrawn
473640,2968,Withdrawn
473706,1202,Fail
473739,1318,Pass
473789,5156,Pass
473924,2853,Distinction
473943,1431,Fail
473965,2050,Pass
473965,2050,Pass
474067,552,Pass
474071,373,Fail
474119,197,Withdrawn
474126,2843,Pass
474133,1636,Fail
474153,1453,Withdrawn
474153,1453,Fail
474246,720,Fail
474246,720,Fail
474283,388,Fail
474290,508,Pass
474385,68,Withdrawn
474387,1564,Pass
474408,1813,Pass
474451,796,Fail
474451,796,Fail
474464,2318,Pass
474495,1987,Distinction
474495,1987,Pass
474508,866,Withdrawn
474607,125,Fail
474628,3620,Pass
474628,3620,Pass
474633,2879,Pass
474667,3170,Pass
474674,144,Withdrawn
474677,859,Fail
474677,859,Fail
474740,1024,Pass
474759,152,Fail
474902,1779,Fail
474949,2881,Pass
474966,107,Withdrawn
475015,3119,Pass
475065,2998,Pass
475095,530,Pass
475149,1145,Withdrawn
475149,1145,Pass
475163,1307,Withdrawn
475215,397,Withdrawn
475241,95,Fail
475253,2572,Pass
475363,329,Pass
475370,2175,Pass
475443,777,Withdrawn
475443,777,Withdrawn
475443,777,Withdrawn
475460,193,Fail
475480,353,Withdrawn
475497,586,Fail
475556,67,Withdrawn
475594,803,Fail
475619,1731,Withdrawn
475631,18,Withdrawn
475681,329,Fail
475688,1417,Pass
475699,282,Withdrawn
475699,282,Withdrawn
475734,3115,Fail
475811,2498,Pass
475839,525,Fail
475863,1172,Pass
475883,1732,Pass
475893,469,Pass
475897,2607,Pass
475901,34,Fail
475908,673,Fail
475945,2909,Pass
475981,90,Pass
476037,1333,Withdrawn
476037,1333,Fail
476041,1038,Pass
476093,66,Fail
476108,2007,Distinction
476144,2098,Pass
476170,375,Fail
476194,3001,Pass
476201,1301,Distinction
476278,3113,Pass
476297,371,Withdrawn
476355,252,Fail
476369,444,Pass
476401,9032,Pass
476438,3243,Pass
476457,111,Withdrawn
476497,612,Fail
476520,2339,Pass
476596,3323,Pass
476603,1365,Distinction
476629,2958,Pass
476637,1668,Distinction
476709,1009,Pass
476710,879,Pass
476769,780,Pass
476783,2518,Distinction
476816,300,Withdrawn
476816,300,Fail
476822,1433,Fail
476845,3340,Pass
476855,68,Withdrawn
476859,11,Fail
476868,117,Withdrawn
476910,346,Pass
476912,185,Fail
476921,96,Fail
476937,2419,Fail
476946,363,Fail
476964,3643,Distinction
477009,164,Fail
477011,5215,Pass
477063,21,Fail
477067,3324,Pass
477069,44,Fail
477099,3846,Pass
477099,3846,Withdrawn
477120,947,Pass
477128,2746,Pass
477161,1634,Fail
477164,140,Pass
477165,45,Fail
477167,1750,Distinction
477180,8,Fail
477185,5126,Withdrawn
477185,5126,Pass
477319,684,Withdrawn
477348,616,Pass
477354,3601,Pass
477412,543,Pass
477451,635,Pass
477468,371,Pass
477517,2758,Pass
477556,290,Fail
477588,1815,Pass
477650,456,Pass
477734,672,Pass
477779,317,Fail
477812,5318,Withdrawn
477812,5318,Distinction
477825,270,Pass
477833,8103,Withdrawn
477833,8103,Fail
477835,129,Withdrawn
478025,214,Withdrawn
478069,194,Pass
478073,2412,Pass
478212,1537,Fail
478212,1537,Fail
478213,997,Pass
478238,1335,Distinction
478242,229,Pass
478244,622,Pass
478279,2649,Pass
478289,438,Withdrawn
478317,4281,Withdrawn
478317,4281,Fail
478326,133,Withdrawn
478332,2459,Pass
478337,3185,Pass
478346,4531,Pass
478346,4531,Distinction
478412,2042,Distinction
478432,6786,Pass
478435,582,Fail
478444,186,Distinction
478496,3,Fail
478513,3420,Pass
478517,537,Fail
478550,7225,Fail
478550,7225,Pass
478556,764,Distinction
478562,1788,Withdrawn
478562,1788,Pass
478583,530,Fail
478660,4830,Pass
478685,220,Fail
478718,90,Withdrawn
478718,90,Fail
478744,197,Withdrawn
478744,197,Withdrawn
478784,915,Distinction
478791,4255,Pass
478792,735,Fail
478873,214,Fail
478886,941,Distinction
478967,327,Fail
478977,270,Withdrawn
479020,2310,Pass
479057,3227,Pass
479060,8921,Distinction
479061,1411,Distinction
479141,1169,Pass
479170,1454,Pass
479171,1622,Pass
479305,915,Pass
479343,1124,Pass
479347,274,Withdrawn
479356,1595,Pass
479442,851,Pass
479457,1585,Distinction
479516,477,Pass
479519,4624,Fail
479522,1928,Pass
479553,1328,Pass
479607,782,Fail
479607,782,Withdrawn
479607,782,Fail
479649,575,Withdrawn
479649,575,Pass
479725,34,Fail
479738,453,Pass
479753,1676,Withdrawn
479753,1676,Pass
479764,6185,Pass
479828,4228,Withdrawn
479828,4228,Pass
479845,3197,Pass
479848,1595,Distinction
479853,2718,Distinction
479860,8961,Pass
479892,318,Withdrawn
479922,10118,Pass
479939,9534,Pass
479977,3131,Pass
479987,1209,Withdrawn
479987,1209,Pass
480014,5261,Distinction
480025,320,Fail
480086,341,Pass
480115,7276,Pass
480115,7276,Distinction
480151,18,Withdrawn
480181,786,Withdrawn
480199,3112,Pass
480207,2678,Pass
480225,2518,Fail
480303,1286,Fail
480372,131,Pass
480382,379,Pass
480458,504,Fail
480507,832,Pass
480554,854,Pass
480579,1731,Pass
480590,843,Pass
480604,788,Withdrawn
480650,6072,Distinction
480667,921,Withdrawn
480716,1222,Pass
480815,2147,Pass
480888,730,Distinction
480914,8,Withdrawn
480928,609,Withdrawn
480928,609,Withdrawn
480929,3554,Distinction
480929,3554,Distinction
480937,4643,Pass
480938,741,Pass
480943,1316,Pass
480956,926,Pass
480959,431,Pass
480960,4170,Distinction
480972,18,Fail
480981,1641,Fail
480984,8640,Pass
481010,1129,Distinction
481022,79,Fail
481024,188,Withdrawn
481092,102,Withdrawn
481143,142,Fail
481150,436,Pass
481169,7551,Withdrawn
481210,766,Fail
481227,2062,Withdrawn
481240,528,Withdrawn
481314,8232,Pass
481314,8232,Pass
481350,4766,Withdrawn
481350,4766,Pass
481367,1061,Withdrawn
481404,419,Pass
481453,4365,Pass
481538,1014,Pass
481549,2052,Pass
481580,1752,Distinction
481593,1758,Distinction
481607,1871,Distinction
481618,2779,Withdrawn
481618,2779,Pass
481667,512,Pass
481717,4898,Pass
481762,453,Pass
481772,76,Fail
481787,1120,Pass
481790,438,Pass
481863,1051,Withdrawn
481863,1051,Pass
481884,582,Fail
481947,71,Fail
482012,865,Pass
482030,1337,Pass
482071,2170,Pass
482083,5612,Pass
482117,163,Fail
482145,421,Fail
482173,1346,Withdrawn
482173,1346,Pass
482187,4871,Distinction
482264,976,Withdrawn
482268,6,Fail
482275,317,Fail
482280,2375,Pass
482356,502,Pass
482406,772,Pass
482445,43,Fail
482467,221,Pass
482513,5952,Pass
482556,76,Withdrawn
482580,38,Withdrawn
482635,75,Withdrawn
482644,3235,Pass
482677,583,Pass
482680,322,Pass
482710,853,Pass
482726,4070,Pass
482745,971,Fail
482751,93,Withdrawn
482766,295,Pass
482810,175,Pass
482843,9357,Pass
482856,1556,Pass
482868,1564,Withdrawn
482868,1564,Pass
482938,381,Withdrawn
482945,315,Withdrawn
483031,510,Distinction
483037,3860,Pass
483064,2074,Pass
483074,1186,Distinction
483108,3091,Withdrawn
483108,3091,Fail
483108,3091,Pass
483109,944,Pass
483123,46,Fail
483131,986,Pass
483136,330,Pass
483149,1162,Pass
483179,90,Withdrawn
483200,2214,Pass
483243,1326,Pass
483267,218,Withdrawn
483275,529,Pass
483275,529,Fail
483309,13,Withdrawn
483315,1413,Pass
483339,3,Withdrawn
483362,1109,Fail
483371,1051,Withdrawn
483389,5053,Pass
483411,481,Fail
483411,481,Fail
483468,611,Pass
483470,73,Fail
483479,274,Fail
483485,369,Pass
483508,753,Distinction
483543,1133,Pass
483582,142,Fail
483620,6127,Pass
483626,766,Pass
483646,381,Pass
483656,707,Withdrawn
483666,504,Withdrawn
483666,504,Withdrawn
483674,78,Fail
483703,350,Withdrawn
483706,8839,Pass
483724,1337,Fail
483743,34,Fail
483744,534,Withdrawn
483793,334,Fail
483800,1368,Pass
483818,1548,Pass
483858,2978,Pass
483858,2978,Pass
483869,1401,Fail
483872,3095,Pass
483876,417,Pass
483921,456,Fail
483934,262,Fail
483952,602,Fail
483959,242,Pass
483975,933,Pass
483997,3105,Pass
484010,1873,Fail
484039,355,Fail
484075,2719,Pass
484125,1272,Fail
484130,661,Withdrawn
484130,661,Withdrawn
484135,256,Withdrawn
484135,256,Pass
484161,32,Fail
484165,330,Fail
484174,570,Withdrawn
484213,807,Pass
484223,7645,Pass
484223,7645,Pass
484242,826,Withdrawn
484242,826,Fail
484252,1974,Pass
484266,294,Withdrawn
484266,294,Withdrawn
484301,768,Pass
484305,246,Withdrawn
484305,246,Withdrawn
484312,72,Fail
484355,476,Withdrawn
484412,2080,Pass
484423,1013,Pass
484435,281,Distinction
484436,2168,Pass
484458,6777,Distinction
484464,1353,Pass
484475,161,Withdrawn
484490,2315,Pass
484494,243,Withdrawn
484550,78,Fail
484556,2820,Fail
484574,2799,Fail
484594,9128,Pass
484675,1298,Withdrawn
484754,16,Withdrawn
484762,1481,Pass
484768,428,Pass
484780,1450,Pass
484787,220,Withdrawn
484787,220,Withdrawn
484790,1549,Pass
484816,396,Fail
484885,1352,Fail
484897,711,Pass
484933,624,Pass
484947,5367,Pass
484983,3233,Withdrawn
484999,296,Withdrawn
484999,296,Withdrawn
485006,1682,Pass
485180,665,Pass
485195,1494,Fail
485219,165,Fail
485228,3688,Fail
485262,6763,Pass
485282,1155,Pass
485306,42,Withdrawn
485312,5021,Distinction
485312,5021,Pass
485374,2666,Pass
485374,2666,Pass
485399,245,Pass
485421,473,Pass
485439,337,Withdrawn
485439,337,Withdrawn
485448,180,Distinction
485464,814,Pass
485506,2189,Pass
485519,692,Withdrawn
485519,692,Pass
485528,4861,Pass
485534,1002,Distinction
485544,2545,Fail
485568,171,Fail
485582,2177,Pass
485594,839,Withdrawn
485594,839,Fail
485604,3506,Distinction
485612,135,Withdrawn
485630,770,Pass
485671,5082,Pass
485675,271,Fail
485734,1368,Fail
485762,431,Pass
485766,1373,Pass
485768,2766,Pass
485772,686,Fail
485780,3217,Pass
485782,1,Fail
485791,1379,Pass
485853,32,Withdrawn
485885,3225,Pass
485898,3593,Pass
485909,682,Pass
485920,1772,Withdrawn
485920,1772,Pass
485944,641,Fail
485962,1034,Pass
485980,994,Pass
485980,994,Withdrawn
486004,320,Pass
486007,1829,Pass
486022,1356,Pass
486087,2533,Distinction
486099,1028,Pass
486145,370,Fail
486244,229,Withdrawn
486279,308,Distinction
486282,264,Fail
486287,2771,Pass
486300,57,Fail
486378,72,Withdrawn
486391,1246,Pass
486457,266,Distinction
486511,2516,Pass
486516,412,Fail
486521,373,Fail
486533,2733,Pass
486545,1211,Pass
486551,1150,Pass
486650,24,Withdrawn
486656,757,Distinction
486737,1064,Withdrawn
486777,56,Withdrawn
486836,1242,Pass
486877,1591,Withdrawn
486877,1591,Pass
486890,634,Pass
486948,498,Fail
486964,1339,Fail
486964,1339,Pass
486994,2451,Distinction
487002,1605,Distinction
487002,1605,Withdrawn
487168,3323,Fail
487168,3323,Fail
487214,381,Fail
487239,2055,Pass
487247,872,Withdrawn
487267,537,Withdrawn
487271,291,Withdrawn
487278,353,Distinction
487293,737,Pass
487314,4208,Pass
487314,4208,Distinction
487329,246,Fail
487371,433,Pass
487494,282,Withdrawn
487494,282,Withdrawn
487543,506,Pass
487556,1785,Withdrawn
487556,1785,Pass
487570,214,Withdrawn
487570,214,Withdrawn
487588,4358,Distinction
487607,423,Fail
487621,1198,Pass
487629,1171,Fail
487636,1872,Pass
487646,423,Fail
487681,970,Pass
487711,1980,Distinction
488136,208,Withdrawn
488136,208,Withdrawn
488176,16,Withdrawn
488185,95,Fail
488195,571,Pass
488198,1,Fail
488324,237,Fail
488364,741,Fail
488386,4159,Withdrawn
488386,4159,Fail
488394,9021,Pass
488425,3290,Fail
488427,1381,Pass
488431,873,Pass
488445,357,Pass
488477,243,Withdrawn
488524,3320,Pass
488525,2072,Pass
488550,260,Withdrawn
488550,260,Withdrawn
488575,1161,Withdrawn
488575,1161,Withdrawn
488675,2815,Pass
488680,2084,Distinction
488694,87,Withdrawn
488755,149,Withdrawn
488758,134,Fail
488853,32,Fail
488863,465,Pass
488941,1701,Distinction
488968,10009,Distinction
488990,710,Pass
489048,58,Withdrawn
489084,297,Fail
489087,7329,Pass
489137,2798,Pass
489146,1125,Fail
489198,141,Fail
489209,1578,Pass
489222,1224,Pass
489251,1255,Pass
489291,772,Fail
489309,588,Withdrawn
489313,60,Withdrawn
489320,166,Pass
489410,678,Pass
489443,1577,Pass
489455,2832,Pass
489493,147,Withdrawn
489507,449,Pass
489553,1082,Fail
489560,1896,Pass
489624,817,Distinction
489889,229,Pass
489929,1998,Pass
489990,390,Withdrawn
489990,390,Fail
490024,1254,Pass
490081,2619,Pass
490081,2619,Distinction
490082,3260,Distinction
490110,6,Withdrawn
490152,1095,Fail
490154,886,Fail
490164,69,Withdrawn
490164,69,Fail
490195,4683,Pass
490282,1155,Pass
490284,2593,Fail
490297,855,Withdrawn
490297,855,Withdrawn
490297,855,Fail
490299,45,Withdrawn
490313,421,Withdrawn
490327,19,Withdrawn
490391,356,Pass
490394,420,Pass
490443,315,Withdrawn
490443,315,Withdrawn
490449,2235,Pass
490500,69,Fail
490505,6205,Distinction
490514,381,Pass
490530,84,Withdrawn
490587,690,Fail
490587,690,Fail
490629,725,Pass
490662,613,Fail
490662,613,Fail
490665,49,Withdrawn
490677,795,Pass
490738,128,Withdrawn
490768,3585,Withdrawn
490768,3585,Distinction
490769,826,Withdrawn
490894,743,Fail
491004,4171,Pass
491011,6042,Withdrawn
491011,6042,Withdrawn
491011,6042,Pass
491033,108,Withdrawn
491036,609,Pass
491077,575,Withdrawn
491081,1567,Fail
491097,58,Fail
491106,978,Pass
491108,1298,Distinction
491110,745,Withdrawn
491126,3153,Pass
491170,1446,Withdrawn
491170,1446,Pass
491232,35,Fail
491279,2861,Pass
491387,1294,Distinction
491474,257,Fail
491486,787,Withdrawn
491503,1118,Fail
491548,301,Fail
491570,140,Withdrawn
491578,948,Pass
491606,2775,Pass
491636,5019,Pass
491664,537,Pass
491688,208,Withdrawn
491688,208,Withdrawn
491688,208,Withdrawn
491693,513,Fail
491742,171,Fail
491756,555,Withdrawn
491756,555,Withdrawn
491757,1472,Withdrawn
491771,1076,Pass
491843,220,Withdrawn
491863,1797,Pass
491874,738,Withdrawn
491875,403,Fail
491885,72,Withdrawn
491907,68,Fail
491914,782,Pass
491926,3687,Withdrawn
491926,3687,Pass
491959,637,Withdrawn
491966,138,Pass
492020,105,Withdrawn
492024,3074,Pass
492088,3734,Pass
492095,863,Pass
492153,1391,Pass
492177,644,Fail
492182,468,Pass
492240,1566,Pass
492247,25,Withdrawn
492286,444,Pass
492357,4904,Withdrawn
492357,4904,Pass
492371,984,Pass
492403,1199,Pass
492478,608,Withdrawn
492480,408,Pass
492496,1275,Distinction
492537,608,Fail
492537,608,Pass
492552,114,Withdrawn
492557,2218,Withdrawn
492557,2218,Withdrawn
492579,240,Withdrawn
492590,385,Fail
492592,676,Distinction
492613,1274,Withdrawn
492613,1274,Pass
492635,984,Pass
492676,229,Pass
492726,387,Pass
492740,1256,Pass
492851,2213,Pass
492895,1759,Withdrawn
492900,376,Pass
492909,519,Distinction
492928,100,Fail
492946,437,Fail
492979,234,Pass
492993,187,Fail
493055,566,Withdrawn
493147,12,Withdrawn
493186,702,Pass
493207,1230,Withdrawn
493207,1230,Fail
493296,494,Fail
493377,131,Withdrawn
493404,1244,Pass
493416,680,Pass
493434,439,Withdrawn
493434,439,Fail
493443,945,Pass
493451,277,Fail
493453,292,Pass
493460,3874,Pass
493465,580,Pass
493515,695,Fail
493539,4772,Pass
493559,225,Pass
493609,84,Withdrawn
493650,160,Withdrawn
493725,678,Fail
493760,1962,Distinction
493763,826,Withdrawn
493763,826,Pass
493773,121,Fail
493793,2477,Withdrawn
493793,2477,Withdrawn
493793,2477,Pass
493822,739,Withdrawn
493826,365,Withdrawn
493876,2356,Withdrawn
493876,2356,Fail
493876,2356,Pass
493879,665,Withdrawn
493879,665,Withdrawn
493912,925,Pass
493958,147,Pass
493984,1024,Withdrawn
493984,1024,Withdrawn
493988,2989,Withdrawn
493988,2989,Pass
493999,164,Fail
494046,4750,Withdrawn
494046,4750,Pass
494095,328,Pass
494143,986,Fail
494164,344,Fail
494165,3095,Pass
494184,2367,Pass
494211,3711,Withdrawn
494211,3711,Distinction
494212,1319,Withdrawn
494212,1319,Pass
494214,594,Distinction
494270,2510,Pass
494278,955,Pass
494329,438,Withdrawn
494335,19,Withdrawn
494340,4662,Pass
494341,1178,Pass
494389,309,Fail
494389,309,Withdrawn
494424,58,Fail
494427,1438,Distinction
494433,2158,Pass
494443,9284,Pass
494471,1305,Fail
494495,1271,Pass
494495,1271,Withdrawn
494498,506,Withdrawn
494622,2112,Pass
494637,4826,Distinction
494667,1937,Pass
494673,20,Fail
494722,844,Withdrawn
494728,150,Withdrawn
494786,471,Distinction
494789,1312,Distinction
494806,16,Fail
494818,2065,Pass
494829,1506,Withdrawn
494838,87,Fail
494840,329,Withdrawn
494866,637,Withdrawn
494872,984,Fail
494896,420,Withdrawn
494896,420,Pass
494903,211,Fail
494911,59,Withdrawn
494919,4205,Pass
494919,4205,Pass
494927,622,Withdrawn
494948,5,Withdrawn
494960,800,Pass
494975,905,Withdrawn
495035,140,Pass
495115,421,Withdrawn
495115,421,Withdrawn
495239,391,Fail
495276,1305,Pass
495284,901,Pass
495298,91,Withdrawn
495320,1391,Pass
495324,133,Withdrawn
495324,133,Withdrawn
495429,2426,Distinction
495438,1673,Pass
495449,680,Pass
495489,301,Fail
495493,1295,Pass
495509,113,Pass
495522,213,Withdrawn
495580,5,Fail
495615,1295,Pass
495618,1899,Withdrawn
495621,1361,Fail
495625,233,Pass
495674,38,Fail
495734,2272,Pass
495762,26,Withdrawn
495762,26,Withdrawn
495786,66,Fail
495786,66,Fail
495856,393,Distinction
495876,16,Fail
495879,2696,Pass
495881,2285,Pass
495887,2341,Pass
495903,571,Withdrawn
495913,191,Withdrawn
495913,191,Pass
495948,1328,Fail
495976,851,Pass
496041,396,Pass
496070,555,Pass
496085,125,Fail
496091,207,Fail
496108,2354,Withdrawn
496108,2354,Pass
496154,503,Withdrawn
496154,503,Withdrawn
496185,63,Fail
496217,383,Fail
496220,432,Pass
496224,16,Fail
496243,504,Fail
496315,13,Fail
496334,333,Fail
496355,368,Pass
496381,704,Pass
496442,232,Pass
496470,4692,Pass
496491,5451,Distinction
496493,661,Withdrawn
496494,27,Fail
496530,592,Fail
496530,592,Fail
496542,1182,Withdrawn
496561,1425,Fail
496564,826,Distinction
496590,733,Fail
496601,2892,Pass
496657,553,Withdrawn
496671,3867,Fail
496674,89,Fail
496764,1261,Distinction
496801,1879,Fail
496845,1956,Pass
496916,1389,Pass
496978,845,Distinction
496981,173,Withdrawn
497074,2239,Pass
497074,2239,Pass
497080,135,Withdrawn
497084,938,Pass
497088,316,Pass
497102,3620,Pass
497130,2523,Pass
497139,56,Withdrawn
497180,8894,Pass
497190,237,Pass
497206,178,Withdrawn
497211,4338,Pass
497226,923,Fail
497229,84,Fail
497278,854,Withdrawn
497278,854,Pass
497280,172,Pass
497349,36,Fail
497361,1423,Fail
497405,78,Withdrawn
497405,78,Withdrawn
497410,2184,Pass
497415,4130,Pass
497468,206,Pass
497475,565,Withdrawn
497475,565,Fail
497536,195,Withdrawn
497580,1760,Pass
497584,80,Withdrawn
497590,465,Pass
497607,53,Fail
497619,262,Fail
497632,486,Pass
497793,3459,Pass
497809,244,Fail
497855,1565,Fail
497872,36,Withdrawn
497897,2121,Fail
497925,2,Withdrawn
497955,253,Withdrawn
497989,152,Withdrawn
497994,14,Pass
498006,2369,Pass
498031,7938,Pass
498043,246,Fail
498065,4028,Pass
498131,2172,Pass
498138,552,Fail
498175,498,Pass
498225,17,Withdrawn
498225,17,Withdrawn
498236,1428,Pass
498266,6034,Distinction
498269,7286,Pass
498296,1537,Pass
498320,617,Pass
498363,1376,Withdrawn
498363,1376,Pass
498371,95,Withdrawn
498432,240,Withdrawn
498442,6615,Distinction
498455,334,Fail
498459,3861,Distinction
498527,1482,Pass
498543,159,Pass
498554,12077,Pass
498564,152,Fail
498578,4105,Fail
498582,346,Withdrawn
498602,253,Fail
498635,386,Pass
498636,1979,Withdrawn
498636,1979,Fail
498702,71,Fail
498741,488,Fail
498755,385,Pass
498793,1899,Withdrawn
498793,1899,Withdrawn
498821,1743,Pass
498828,5243,Pass
498828,5243,Fail
498835,1622,Pass
498841,515,Withdrawn
498841,515,Pass
498857,998,Pass
498877,41,Withdrawn
498892,26,Fail
498898,6315,Withdrawn
498905,740,Withdrawn
498967,255,Pass
498972,134,Fail
498980,210,Fail
499006,638,Pass
499027,421,Pass
499056,1207,Pass
499067,363,Fail
499118,628,Pass
499187,496,Pass
499244,1179,Withdrawn
499244,1179,Withdrawn
499244,1179,Withdrawn
499246,428,Pass
499354,3617,Pass
499372,966,Fail
499373,222,Withdrawn
499380,2494,Distinction
499386,2238,Pass
499387,623,Pass
499392,413,Fail
499400,6057,Distinction
499404,6171,Withdrawn
499404,6171,Pass
499420,1467,Distinction
499446,417,Pass
499469,186,Fail
499483,756,Pass
499511,519,Distinction
499557,1327,Pass
499564,4237,Pass
499624,262,Withdrawn
499683,278,Withdrawn
499703,1649,Distinction
499768,125,Withdrawn
499790,530,Pass
499813,19199,Distinction
499813,19199,Distinction
499819,1417,Pass
499822,119,Withdrawn
499848,845,Fail
499865,1929,Withdrawn
499881,529,Pass
499891,1567,Pass
499931,77,Fail
499993,10267,Pass
500006,823,Fail
500006,823,Pass
500016,394,Pass
500031,1,Withdrawn
500067,4,Fail
500068,4429,Pass
500099,446,Withdrawn
500112,547,Pass
500113,473,Pass
500135,357,Fail
500136,2593,Pass
500137,645,Withdrawn
500189,3297,Withdrawn
500189,3297,Fail
500189,3297,Pass
500230,7710,Distinction
500279,141,Withdrawn
500279,141,Fail
500283,647,Pass
500339,219,Withdrawn
500339,219,Withdrawn
500339,219,Withdrawn
500395,21,Withdrawn
500440,212,Withdrawn
500440,212,Withdrawn
500459,1079,Pass
500502,1147,Fail
500507,947,Withdrawn
500521,26,Withdrawn
500522,391,Withdrawn
500552,789,Pass
500581,1243,Distinction
500585,426,Withdrawn
500597,1919,Fail
500618,1772,Pass
500625,19,Withdrawn
500652,4702,Pass
500659,2376,Withdrawn
500668,1096,Pass
500707,2013,Withdrawn
500707,2013,Fail
500719,1107,Withdrawn
500720,707,Pass
500766,2308,Distinction
500772,2407,Pass
500779,1420,Pass
500785,17,Withdrawn
500791,775,Pass
500815,6229,Pass
500819,560,Pass
500836,260,Fail
500915,84,Withdrawn
500958,1532,Pass
501008,105,Withdrawn
501053,298,Fail
501095,783,Pass
501123,59,Withdrawn
501146,3407,Fail
501158,1374,Pass
501203,1072,Fail
501208,203,Pass
501302,687,Withdrawn
501302,687,Fail
501336,1812,Pass
501339,192,Withdrawn
501421,4130,Fail
501422,172,Withdrawn
501425,3788,Pass
501432,11514,Distinction
501443,415,Fail
501444,3555,Distinction
501487,1249,Distinction
501488,318,Withdrawn
501493,407,Fail
501550,1934,Pass
501617,1335,Distinction
501637,1570,Pass
501652,967,Fail
501723,426,Withdrawn
501723,426,Withdrawn
501755,665,Withdrawn
501755,665,Pass
501862,5,Fail
501867,2163,Pass
501867,2163,Pass
501869,352,Fail
501871,3302,Pass
501879,1316,Pass
501888,580,Distinction
501890,73,Withdrawn
501897,1495,Withdrawn
501897,1495,Withdrawn
501918,404,Fail
501921,7548,Distinction
501922,13,Fail
501945,407,Withdrawn
501955,688,Fail
501960,958,Pass
502004,4586,Withdrawn
502004,4586,Pass
502004,4586,Pass
502011,3577,Pass
502051,155,Withdrawn
502057,2442,Withdrawn
502057,2442,Pass
502088,93,Fail
502131,320,Withdrawn
502136,1399,Distinction
502150,796,Withdrawn
502161,371,Fail
502182,349,Pass
502207,510,Withdrawn
502207,510,Fail
502249,2979,Pass
502303,50,Fail
502353,215,Withdrawn
502356,1249,Pass
502361,1495,Withdrawn
502361,1495,Pass
502393,2458,Pass
502441,416,Distinction
502465,2326,Pass
502466,798,Withdrawn
502466,798,Withdrawn
502470,460,Pass
502477,2076,Distinction
502479,12,Withdrawn
502501,4890,Fail
502512,2312,Pass
502517,2629,Withdrawn
502517,2629,Pass
502531,1690,Withdrawn
502531,1690,Fail
502548,2022,Pass
502554,2554,Distinction
502554,2554,Distinction
502557,801,Withdrawn
502604,328,Pass
502638,1024,Pass
502640,371,Withdrawn
502642,40,Fail
502694,2352,Distinction
502696,869,Withdrawn
502697,1656,Fail
502709,289,Distinction
502713,200,Fail
502717,1941,Pass
502736,132,Fail
502763,388,Fail
502766,3428,Distinction
502767,2354,Pass
502779,233,Withdrawn
502833,393,Fail
502833,393,Fail
502868,1564,Pass
502872,75,Fail
502900,1351,Fail
502929,1602,Withdrawn
502929,1602,Pass
502993,1394,Pass
503015,192,Withdrawn
503023,588,Pass
503086,2580,Pass
503100,173,Withdrawn
503120,2928,Fail
503134,148,Withdrawn
503154,2658,Pass
503159,315,Withdrawn
503170,2039,Fail
503183,2441,Pass
503201,108,Fail
503322,1125,Pass
503352,4043,Distinction
503353,125,Withdrawn
503368,920,Pass
503390,482,Fail
503400,19,Withdrawn
503457,8108,Pass
503469,1556,Fail
503477,2165,Pass
503491,944,Pass
503497,1566,Distinction
503509,1489,Distinction
503516,577,Fail
503544,4365,Fail
503610,315,Pass
503663,451,Withdrawn
503663,451,Distinction
503668,2388,Pass
503684,266,Fail
503684,266,Withdrawn
503710,1220,Pass
503731,184,Fail
503764,2673,Pass
503779,3791,Distinction
503783,762,Pass
503804,1022,Pass
503838,1747,Fail
503872,599,Withdrawn
503872,599,Fail
503878,695,Withdrawn
503878,695,Fail
503889,1901,Pass
503926,919,Pass
504013,69,Pass
504014,2681,Fail
504021,92,Withdrawn
504022,81,Pass
504028,1463,Pass
504034,44,Withdrawn
504034,44,Withdrawn
504057,173,Withdrawn
504062,498,Pass
504064,1078,Withdrawn
504064,1078,Fail
504076,9335,Pass
504102,861,Pass
504105,3886,Pass
504157,6356,Pass
504162,2495,Pass
504190,3,Fail
504200,311,Fail
504231,2330,Fail
504234,4466,Pass
504243,4721,Pass
504251,856,Pass
504270,122,Fail
504300,889,Withdrawn
504321,1413,Pass
504352,745,Fail
504363,1888,Distinction
504368,282,Fail
504393,57,Withdrawn
504404,3516,Pass
504429,1021,Pass
504466,866,Pass
504492,2603,Distinction
504533,4659,Pass
504552,222,Withdrawn
504552,222,Fail
504583,665,Withdrawn
504589,434,Pass
504596,1688,Fail
504597,3107,Pass
504602,283,Withdrawn
504602,283,Fail
504635,126,Pass
504652,749,Pass
504689,47,Withdrawn
504700,2,Withdrawn
504700,2,Withdrawn
504700,2,Withdrawn
504728,1099,Pass
504737,1443,Pass
504749,281,Withdrawn
504819,1230,Fail
504824,292,Fail
504834,2847,Withdrawn
504841,21,Withdrawn
504862,359,Fail
504936,497,Pass
504956,1834,Withdrawn
504956,1834,Fail
504967,94,Fail
505002,732,Fail
505017,3744,Pass
505047,795,Fail
505108,2579,Pass
505131,943,Withdrawn
505142,173,Withdrawn
505151,182,Withdrawn
505153,2469,Withdrawn
505199,1949,Pass
505209,114,Withdrawn
505216,1685,Pass
505235,188,Withdrawn
505244,13,Withdrawn
505248,10,Withdrawn
505311,1182,Pass
505315,1858,Pass
505333,80,Fail
505333,80,Fail
505376,639,Pass
505403,146,Withdrawn
505410,3296,Pass
505413,210,Pass
505417,99,Withdrawn
505488,990,Pass
505501,393,Withdrawn
505501,393,Withdrawn
505503,1,Fail
505508,6840,Distinction
505520,181,Withdrawn
505561,1834,Withdrawn
505561,1834,Fail
505579,1182,Pass
505595,454,Withdrawn
505595,454,Withdrawn
505595,454,Withdrawn
505606,904,Pass
505700,1570,Withdrawn
505700,1570,Pass
505722,3128,Fail
505722,3128,Pass
505727,1140,Pass
505754,376,Fail
505762,557,Distinction
505767,2180,Pass
505767,2180,Distinction
505773,6635,Distinction
505815,905,Withdrawn
505815,905,Withdrawn
505815,905,Pass
505826,224,Withdrawn
505854,620,Withdrawn
505855,1119,Distinction
505856,5066,Pass
505871,892,Fail
505871,892,Fail
505878,113,Fail
505899,860,Pass
505930,427,Fail
505959,622,Pass
505961,656,Distinction
505967,179,Withdrawn
505967,179,Withdrawn
506020,393,Pass
506038,5504,Distinction
506056,401,Fail
506092,171,Withdrawn
506144,611,Pass
506185,739,Fail
506205,297,Pass
506206,4999,Distinction
506219,1644,Pass
506233,214,Pass
506248,337,Fail
506288,188,Withdrawn
506289,1223,Fail
506309,3255,Pass
506321,2783,Pass
506360,214,Fail
506380,7,Withdrawn
506412,2767,Fail
506476,129,Withdrawn
506498,203,Withdrawn
506504,1048,Pass
506533,514,Pass
506543,2886,Pass
506550,4219,Pass
506582,5889,Distinction
506618,1039,Withdrawn
506618,1039,Withdrawn
506622,1620,Distinction
506650,323,Withdrawn
506650,323,Pass
506674,282,Fail
506679,997,Withdrawn
506679,997,Pass
506705,2246,Pass
506705,2246,Pass
506753,1258,Pass
506767,756,Fail
506783,432,Fail
506785,946,Pass
506804,1048,Pass
506824,22,Fail
506829,1159,Withdrawn
506829,1159,Fail
506930,1499,Fail
506980,108,Fail
507009,115,Withdrawn
507010,1481,Pass
507014,287,Pass
507016,398,Pass
507031,107,Withdrawn
507031,107,Withdrawn
507034,5448,Pass
507034,5448,Pass
507084,254,Fail
507113,1027,Pass
507115,167,Fail
507149,1100,Distinction
507184,53,Withdrawn
507257,11,Fail
507279,119,Fail
507285,4374,Pass
507300,383,Fail
507303,24,Withdrawn
507311,325,Fail
507320,94,Withdrawn
507334,996,Pass
507344,2296,Pass
507344,2296,Pass
507359,217,Pass
507375,5412,Pass
507386,341,Fail
507387,131,Fail
507388,249,Withdrawn
507478,269,Fail
507478,269,Fail
507523,710,Pass
507576,14,Withdrawn
507577,400,Withdrawn
507671,540,Withdrawn
507671,540,Withdrawn
507676,62,Fail
507685,12,Withdrawn
507730,44,Fail
507743,5004,Pass
507783,2205,Pass
507801,3,Withdrawn
507812,136,Withdrawn
507817,135,Fail
507817,135,Withdrawn
507844,622,Pass
507935,5829,Distinction
507941,9431,Distinction
507967,739,Fail
507983,185,Fail
508025,3496,Withdrawn
508025,3496,Pass
508028,1330,Pass
508047,96,Withdrawn
508059,4,Fail
508068,1650,Pass
508079,832,Pass
508100,765,Fail
508210,3577,Pass
508232,71,Withdrawn
508244,2068,Withdrawn
508244,2068,Pass
508246,324,Fail
508274,9775,Distinction
508288,2,Fail
508295,6208,Withdrawn
508295,6208,Fail
508326,1012,Fail
508388,2106,Pass
508400,984,Fail
508414,5,Withdrawn
508422,38,Fail
508431,15,Withdrawn
508446,337,Withdrawn
508452,782,Pass
508470,431,Pass
508517,46,Fail
508537,2871,Pass
508572,2677,Fail
508573,1175,Pass
508594,994,Withdrawn
508601,635,Withdrawn
508615,526,Withdrawn
508615,526,Fail
508626,9143,Pass
508627,853,Fail
508630,812,Fail
508637,5792,Distinction
508637,5792,Pass
508662,7440,Pass
508668,12,Fail
508713,123,Fail
508749,557,Withdrawn
508759,2569,Withdrawn
508775,947,Withdrawn
508785,400,Fail
508804,7309,Pass
508818,1129,Pass
508829,354,Withdrawn
508829,354,Fail
508830,3079,Pass
508859,4156,Pass
508872,110,Withdrawn
508872,110,Fail
508924,507,Pass
508927,1205,Fail
508934,1766,Pass
508940,353,Pass
508942,10818,Fail
509029,1234,Pass
509034,948,Pass
509036,263,Fail
509102,4391,Pass
509102,4391,Pass
509148,204,Withdrawn
509150,1649,Withdrawn
509156,853,Fail
509177,16,Withdrawn
509177,16,Withdrawn
509177,16,Withdrawn
509183,3936,Distinction
509226,394,Pass
509236,269,Fail
509258,259,Fail
509277,1514,Pass
509279,691,Pass
509292,5177,Withdrawn
509327,2246,Pass
509390,43,Fail
509402,14,Fail
509407,753,Withdrawn
509407,753,Fail
509416,55,Withdrawn
509417,3,Withdrawn
509466,101,Fail
509501,90,Withdrawn
509535,112,Withdrawn
509536,5407,Pass
509578,1901,Pass
509607,3874,Distinction
509610,2240,Pass
509634,835,Withdrawn
509649,426,Fail
509680,2,Withdrawn
509696,356,Pass
509710,242,Fail
509737,4,Fail
509768,515,Distinction
509780,2736,Distinction
509797,431,Fail
509839,587,Pass
509845,908,Withdrawn
509866,25,Fail
509873,92,Fail
509901,172,Fail
509913,568,Fail
509926,310,Fail
509929,2036,Pass
509933,781,Fail
509935,770,Pass
509940,446,Withdrawn
509998,66,Withdrawn
510027,900,Fail
510054,839,Pass
510068,123,Fail
510070,1449,Withdrawn
510070,1449,Withdrawn
510141,1378,Withdrawn
510141,1378,Fail
510142,4897,Fail
510149,3041,Fail
510169,90,Withdrawn
510182,1957,Pass
510186,8702,Pass
510195,2542,Pass
510266,5237,Fail
510266,5237,Distinction
510335,1823,Pass
510401,750,Withdrawn
510401,750,Pass
510402,2187,Pass
510420,2969,Pass
510424,337,Pass
510435,331,Withdrawn
510438,7,Fail
510456,4525,Distinction
510460,1884,Withdrawn
510460,1884,Pass
510471,1539,Pass
510492,267,Fail
510530,1213,Withdrawn
510532,1,Withdrawn
510533,283,Pass
510534,2642,Pass
510556,3503,Pass
510693,2273,Fail
510693,2273,Fail
510694,708,Withdrawn
510694,708,Pass
510737,211,Fail
510756,605,Pass
510759,4226,Pass
510762,255,Fail
510776,274,Fail
510845,583,Pass
510846,105,Withdrawn
510864,662,Pass
510868,6,Withdrawn
510873,895,Pass
510874,685,Pass
510883,4597,Pass
510914,788,Withdrawn
511001,2713,Pass
511005,183,Withdrawn
511050,273,Pass
511067,749,Pass
511199,778,Fail
511228,942,Pass
511246,18,Fail
511258,7717,Pass
511271,1,Fail
511282,1273,Pass
511295,36,Fail
511306,7591,Pass
511309,1852,Pass
511340,24,Fail
511345,749,Pass
511350,1955,Fail
511350,1955,Withdrawn
511350,1955,Fail
511453,641,Pass
511459,488,Pass
511473,2534,Pass
511474,518,Fail
511492,60,Fail
511506,1076,Fail
511515,2422,Fail
511524,1880,Pass
511527,127,Fail
511544,7,Fail
511569,440,Withdrawn
511571,1322,Pass
511576,878,Fail
511612,578,Withdrawn
511636,279,Withdrawn
511657,279,Fail
511657,279,Fail
511676,619,Fail
511678,12555,Pass
511693,303,Pass
511762,5356,Distinction
511807,1920,Pass
511890,506,Withdrawn
511890,506,Withdrawn
511901,190,Pass
511912,4116,Distinction
511949,1030,Fail
511958,163,Withdrawn
511981,2514,Pass
511990,234,Fail
512046,730,Pass
512050,74,Fail
512070,23,Fail
512080,755,Pass
512118,129,Withdrawn
512123,89,Fail
512180,91,Fail
512236,296,Fail
512242,384,Fail
512257,1025,Fail
512258,1297,Pass
512259,3006,Pass
512259,3006,Pass
512305,329,Withdrawn
512330,77,Fail
512335,2751,Withdrawn
512335,2751,Withdrawn
512353,135,Fail
512404,133,Withdrawn
512411,1194,Distinction
512417,1593,Pass
512460,521,Pass
512475,2055,Distinction
512525,505,Withdrawn
512546,166,Withdrawn
512581,2890,Fail
512582,627,Withdrawn
512693,34,Withdrawn
512706,1150,Fail
512722,1029,Pass
512725,12,Withdrawn
512775,266,Pass
512805,379,Fail
512839,140,Fail
512852,1731,Distinction
512859,59,Fail
512861,1836,Withdrawn
512861,1836,Pass
512883,255,Withdrawn
512883,255,Withdrawn
512911,257,Fail
512929,1065,Pass
512940,395,Pass
512961,402,Fail
512977,189,Pass
512995,828,Pass
513007,102,Fail
513076,216,Fail
513077,1215,Fail
513093,3332,Pass
513166,441,Distinction
513172,559,Fail
513204,307,Withdrawn
513210,1160,Withdrawn
513211,83,Fail
513228,1318,Pass
513246,545,Withdrawn
513250,900,Fail
513266,2847,Pass
513268,4016,Pass
513272,239,Fail
513283,746,Withdrawn
513315,1621,Pass
513349,2755,Fail
513356,124,Withdrawn
513356,124,Withdrawn
513396,486,Fail
513415,97,Withdrawn
513422,2074,Pass
513428,6352,Fail
513428,6352,Pass
513482,82,Fail
513499,1084,Pass
513638,854,Distinction
513672,1484,Pass
513687,3615,Withdrawn
513687,3615,Pass
513701,1346,Pass
513733,5669,Fail
513751,2376,Pass
513757,827,Pass
513773,656,Pass
513796,172,Withdrawn
513796,172,Withdrawn
513836,469,Withdrawn
513853,4277,Pass
513854,3604,Withdrawn
513854,3604,Pass
513881,676,Withdrawn
513934,890,Withdrawn
513954,86,Fail
513957,267,Pass
513969,283,Withdrawn
513969,283,Pass
514000,178,Fail
514006,7,Withdrawn
514028,109,Withdrawn
514031,1157,Pass
514040,360,Withdrawn
514043,146,Pass
514074,474,Withdrawn
514078,4537,Pass
514096,376,Fail
514125,2393,Pass
514140,2499,Pass
514186,490,Fail
514218,28,Withdrawn
514218,28,Withdrawn
514277,396,Withdrawn
514277,396,Distinction
514300,504,Pass
514302,673,Pass
514324,144,Fail
514365,57,Withdrawn
514445,377,Pass
514504,460,Withdrawn
514526,45,Withdrawn
514556,1426,Fail
514558,2693,Fail
514580,3758,Pass
514633,464,Fail
514648,586,Distinction
514675,1215,Pass
514699,93,Fail
514756,1917,Pass
514773,581,Withdrawn
514776,890,Fail
514852,133,Fail
514864,1790,Pass
514903,2788,Pass
514913,1429,Withdrawn
514913,1429,Fail
514934,16,Withdrawn
514951,58,Withdrawn
514969,8051,Pass
514981,1239,Fail
514987,438,Pass
515035,33,Fail
515046,4744,Pass
515046,4744,Pass
515051,407,Fail
515052,317,Fail
515056,1055,Pass
515070,191,Fail
515105,1292,Fail
515107,2066,Pass
515125,576,Fail
515125,576,Fail
515130,47,Fail
515161,59,Fail
515170,1731,Fail
515203,81,Fail
515247,939,Withdrawn
515278,301,Fail
515285,2783,Pass
515311,666,Pass
515329,795,Pass
515331,367,Fail
515345,110,Fail
515349,1419,Distinction
515417,23,Fail
515426,2001,Fail
515474,549,Pass
515491,2177,Pass
515496,507,Pass
515497,161,Pass
515515,592,Fail
515520,417,Pass
515536,24,Fail
515574,883,Fail
515595,1687,Pass
515645,387,Fail
515646,1919,Pass
515648,68,Withdrawn
515676,289,Pass
515734,1086,Fail
515774,3277,Pass
515774,3277,Distinction
515821,469,Fail
515833,4085,Pass
515844,739,Fail
515857,5709,Pass
515857,5709,Pass
515859,949,Fail
515888,4408,Pass
515903,1307,Pass
515936,362,Withdrawn
515938,3712,Pass
515945,1232,Distinction
515959,271,Pass
515965,210,Fail
515977,1706,Distinction
516010,1164,Pass
516024,1504,Pass
516047,163,Withdrawn
516057,760,Pass
516095,2591,Pass
516165,2,Withdrawn
516214,158,Withdrawn
516222,362,Withdrawn
516238,2544,Distinction
516238,2544,Pass
516281,653,Fail
516318,69,Fail
516364,345,Withdrawn
516398,1211,Pass
516398,1211,Withdrawn
516405,30,Withdrawn
516432,2431,Pass
516434,2440,Pass
516434,2440,Pass
516435,1037,Fail
516447,1,Withdrawn
516450,1349,Distinction
516456,211,Pass
516475,105,Pass
516495,477,Fail
516496,584,Pass
516529,261,Distinction
516562,450,Fail
516588,21,Fail
516601,183,Fail
516602,1316,Distinction
516620,1546,Fail
516634,4793,Pass
516653,685,Fail
516673,160,Withdrawn
516685,350,Withdrawn
516726,883,Distinction
516728,28,Fail
516770,7193,Withdrawn
516770,7193,Pass
516776,10,Fail
516841,559,Pass
516843,2393,Withdrawn
516894,24,Fail
516926,130,Fail
516946,914,Fail
517000,4243,Distinction
517016,18,Fail
517043,136,Pass
517062,1715,Withdrawn
517093,3621,Distinction
517094,1258,Distinction
517175,11,Fail
517195,2093,Fail
517223,100,Fail
517231,4964,Pass
517263,453,Pass
517269,21123,Pass
517274,1633,Pass
517277,2772,Pass
517349,3344,Withdrawn
517349,3344,Pass
517352,720,Pass
517362,237,Withdrawn
517416,5101,Distinction
517416,5101,Pass
517474,947,Pass
517481,1441,Fail
517486,342,Fail
517551,2170,Pass
517553,103,Withdrawn
517569,1653,Pass
517571,14,Withdrawn
517617,636,Pass
517646,2422,Pass
517679,578,Distinction
517701,46,Withdrawn
517726,54,Withdrawn
517731,5277,Pass
517778,649,Distinction
517850,3284,Fail
517864,738,Pass
517890,657,Distinction
517999,4984,Distinction
518029,74,Withdrawn
518097,686,Fail
518116,311,Fail
518116,311,Fail
518126,228,Pass
518134,333,Fail
518145,598,Pass
518155,507,Withdrawn
518189,444,Pass
518194,126,Withdrawn
518210,3627,Pass
518223,528,Pass
518244,2140,Pass
518258,4280,Distinction
518265,7,Withdrawn
518288,319,Fail
518330,13,Withdrawn
518330,13,Withdrawn
518349,3570,Pass
518359,6018,Distinction
518359,6018,Distinction
518363,1515,Pass
518364,1723,Fail
518385,3,Withdrawn
518389,730,Pass
518412,2249,Pass
518436,1464,Pass
518451,15,Withdrawn
518469,943,Fail
518496,547,Pass
518503,169,Withdrawn
518544,2557,Pass
518661,103,Pass
518709,114,Withdrawn
518711,19,Fail
518731,322,Fail
518771,364,Fail
518805,133,Withdrawn
518808,1443,Pass
518831,9570,Pass
518862,962,Pass
518876,513,Pass
518879,1798,Pass
518904,169,Fail
518906,3,Withdrawn
518930,871,Fail
518937,2716,Pass
518951,415,Fail
518970,431,Pass
519012,192,Fail
519057,342,Pass
519078,401,Pass
519084,22,Fail
519091,542,Distinction
519094,2924,Pass
519100,125,Withdrawn
519102,2672,Fail
519115,2115,Fail
519116,913,Withdrawn
519116,913,Withdrawn
519155,1619,Withdrawn
519185,4,Fail
519211,671,Fail
519222,1868,Pass
519258,1412,Withdrawn
519258,1412,Fail
519294,428,Pass
519358,83,Withdrawn
519387,812,Fail
519449,1,Withdrawn
519472,1733,Pass
519506,266,Pass
519510,2414,Pass
519540,302,Fail
519544,711,Pass
519552,1584,Pass
519584,1118,Pass
519589,249,Fail
519589,249,Fail
519600,48,Withdrawn
519602,203,Pass
519622,104,Fail
519684,3937,Withdrawn
519684,3937,Pass
519715,5251,Pass
519800,4459,Pass
519859,1085,Pass
519879,105,Withdrawn
519910,346,Fail
519936,2224,Pass
519941,540,Withdrawn
519945,17,Withdrawn
519961,167,Fail
519969,2303,Fail
519995,6,Withdrawn
520002,4620,Pass
520006,213,Distinction
520024,323,Withdrawn
520024,323,Pass
520061,8002,Withdrawn
520061,8002,Fail
520073,1297,Fail
520076,3984,Pass
520077,7565,Fail
520077,7565,Distinction
520082,3497,Pass
520097,6383,Distinction
520100,16,Fail
520150,1504,Pass
520153,8,Withdrawn
520153,8,Withdrawn
520187,4620,Pass
520249,624,Withdrawn
520265,2,Fail
520286,766,Distinction
520307,206,Withdrawn
520325,300,Fail
520332,2090,Withdrawn
520332,2090,Pass
520349,1408,Withdrawn
520349,1408,Pass
520360,1165,Withdrawn
520377,2914,Pass
520400,837,Fail
520544,3142,Fail
520588,2298,Fail
520711,3297,Fail
520749,65,Withdrawn
520750,173,Fail
520750,173,Fail
520751,517,Withdrawn
520824,365,Withdrawn
520824,365,Withdrawn
520836,734,Pass
520854,16,Withdrawn
520857,1550,Fail
520873,476,Withdrawn
520891,3502,Pass
520962,2387,Pass
520972,3487,Pass
521032,584,Withdrawn
521032,584,Withdrawn
521051,553,Pass
521069,152,Fail
521081,1019,Fail
521081,1019,Pass
521096,3322,Pass
521109,809,Withdrawn
521109,809,Withdrawn
521115,3572,Pass
521115,3572,Pass
521153,188,Fail
521160,1522,Pass
521164,385,Fail
521164,385,Distinction
521249,18,Withdrawn
521255,1520,Withdrawn
521255,1520,Fail
521292,597,Pass
521297,2307,Pass
521329,2800,Pass
521341,2277,Pass
521350,75,Fail
521377,229,Withdrawn
521377,229,Fail
521394,1952,Pass
521404,828,Distinction
521430,6869,Distinction
521496,1,Fail
521509,176,Pass
521526,1240,Pass
521541,922,Fail
521542,13,Fail
521542,13,Fail
521590,2691,Pass
521601,69,Withdrawn
521614,3335,Distinction
521631,682,Pass
521644,618,Distinction
521666,1,Fail
521671,7,Fail
521703,574,Withdrawn
521709,393,Pass
521742,2088,Fail
521755,1130,Withdrawn
521764,1099,Pass
521788,210,Fail
521895,144,Pass
521903,502,Fail
521957,267,Withdrawn
521957,267,Withdrawn
522004,275,Withdrawn
522007,3872,Fail
522023,505,Fail
522082,4573,Withdrawn
522082,4573,Pass
522087,389,Distinction
522090,180,Pass
522129,117,Withdrawn
522189,1357,Pass
522205,397,Fail
522249,751,Pass
522257,8629,Pass
522257,8629,Pass
522302,3,Fail
522312,2081,Pass
522312,2081,Pass
522363,1929,Withdrawn
522363,1929,Withdrawn
522373,501,Pass
522381,995,Pass
522383,550,Fail
522426,1515,Pass
522428,4,Fail
522433,3373,Fail
522434,1162,Pass
522441,294,Pass
522443,375,Fail
522446,7505,Pass
522473,1749,Pass
522478,205,Fail
522479,14,Fail
522482,212,Withdrawn
522484,1276,Fail
522484,1276,Distinction
522512,10,Fail
522525,5678,Pass
522525,5678,Pass
522529,1274,Pass
522534,696,Withdrawn
522538,443,Withdrawn
522538,443,Withdrawn
522561,717,Distinction
522572,1239,Pass
522622,21,Pass
522645,264,Fail
522650,42,Withdrawn
522654,773,Pass
522682,54,Withdrawn
522690,214,Withdrawn
522690,214,Withdrawn
522708,341,Fail
522714,1573,Pass
522718,2835,Pass
522731,299,Pass
522739,9,Withdrawn
522740,1476,Pass
522743,3103,Pass
522754,301,Pass
522777,883,Pass
522792,2915,Pass
522840,998,Pass
522850,7514,Pass
522859,4078,Pass
522862,330,Withdrawn
522862,330,Fail
522878,979,Withdrawn
522881,112,Fail
522889,629,Fail
522891,770,Pass
522894,1707,Pass
522899,1561,Fail
522923,2711,Pass
522924,433,Withdrawn
522994,783,Pass
523012,901,Pass
523017,2912,Pass
523021,383,Withdrawn
523047,78,Fail
523061,1795,Pass
523061,1795,Pass
523079,848,Pass
523132,1280,Pass
523142,1620,Fail
523156,8,Withdrawn
523169,1050,Pass
523239,423,Withdrawn
523239,423,Fail
523247,909,Distinction
523248,636,Pass
523249,2745,Pass
523271,110,Withdrawn
523275,769,Withdrawn
523331,7,Fail
523334,344,Withdrawn
523335,1705,Withdrawn
523335,1705,Fail
523392,1220,Fail
523419,3,Fail
523427,56,Withdrawn
523466,656,Pass
523545,440,Pass
523583,288,Withdrawn
523583,288,Fail
523589,795,Withdrawn
523596,357,Fail
523599,224,Pass
523630,556,Pass
523632,43,Withdrawn
523655,258,Pass
523672,401,Pass
523680,9616,Pass
523700,3208,Fail
523710,285,Fail
523757,54,Fail
523762,1145,Pass
523762,1145,Pass
523777,5,Fail
523803,326,Pass
523804,183,Fail
523817,63,Withdrawn
523817,63,Withdrawn
523831,783,Withdrawn
523833,5585,Pass
523834,178,Withdrawn
523841,1085,Fail
523857,2588,Pass
523857,2588,Pass
523872,3610,Pass
523872,3610,Pass
523875,5258,Distinction
523905,1552,Pass
523928,2190,Pass
523940,7094,Distinction
523944,3157,Pass
523966,792,Pass
523971,1485,Fail
523978,1172,Pass
524019,534,Withdrawn
524020,106,Withdrawn
524020,106,Withdrawn
524043,328,Distinction
524076,22,Fail
524101,1622,Withdrawn
524109,264,Fail
524128,4723,Distinction
524137,3404,Withdrawn
524137,3404,Pass
524160,3776,Pass
524170,244,Withdrawn
524171,2,Fail
524175,1117,Fail
524227,1794,Pass
524232,181,Withdrawn
524261,2038,Withdrawn
524261,2038,Withdrawn
524276,195,Withdrawn
524276,195,Fail
524290,811,Pass
524295,2692,Pass
524296,1494,Fail
524361,2142,Pass
524369,686,Pass
524374,96,Withdrawn
524377,2934,Pass
524378,3794,Pass
524378,3794,Pass
524379,366,Withdrawn
524379,366,Withdrawn
524384,1560,Fail
524386,295,Fail
524386,295,Fail
524396,1223,Pass
524407,4017,Pass
524427,864,Pass
524431,1024,Withdrawn
524431,1024,Withdrawn
524431,1024,Withdrawn
524452,2245,Pass
524466,2882,Pass
524496,111,Withdrawn
524496,111,Fail
524575,1521,Distinction
524598,4,Fail
524631,1157,Fail
524711,247,Pass
524731,32,Fail
524769,36,Withdrawn
524790,6539,Distinction
524791,1186,Fail
524825,1745,Pass
524827,686,Withdrawn
524845,5380,Pass
524851,51,Withdrawn
524938,3136,Fail
524968,18,Withdrawn
524974,2027,Pass
524984,16,Withdrawn
524996,431,Withdrawn
525027,129,Withdrawn
525060,213,Withdrawn
525066,1977,Fail
525068,475,Distinction
525128,184,Fail
525189,67,Withdrawn
525217,1913,Pass
525246,1878,Pass
525332,1338,Fail
525332,1338,Fail
525412,4679,Fail
525412,4679,Pass
525456,1165,Pass
525469,1364,Pass
525472,1154,Distinction
525490,2520,Fail
525501,2099,Pass
525512,2464,Pass
525520,970,Fail
525523,75,Withdrawn
525557,79,Fail
525596,33,Withdrawn
525624,4683,Pass
525625,1637,Pass
525632,3726,Pass
525635,690,Fail
525679,119,Fail
525683,5391,Pass
525700,5124,Distinction
525703,1999,Pass
525749,3468,Distinction
525762,340,Withdrawn
525800,183,Withdrawn
525820,1442,Fail
525832,3209,Pass
525869,38,Fail
525870,756,Pass
525874,397,Fail
525877,274,Withdrawn
525885,505,Fail
525942,1902,Withdrawn
525942,1902,Fail
525974,2596,Distinction
526051,5780,Withdrawn
526051,5780,Distinction
526060,58,Withdrawn
526068,1025,Pass
526073,1772,Withdrawn
526073,1772,Pass
526088,102,Fail
526098,676,Withdrawn
526098,676,Withdrawn
526124,108,Withdrawn
526132,100,Withdrawn
526151,3018,Pass
526158,555,Pass
526175,192,Fail
526177,168,Pass
526200,725,Fail
526235,1037,Withdrawn
526235,1037,Fail
526242,1333,Pass
526285,290,Pass
526303,3571,Withdrawn
526303,3571,Pass
526352,906,Pass
526356,11,Withdrawn
526370,532,Pass
526392,67,Fail
526417,7186,Distinction
526426,75,Withdrawn
526441,672,Fail
526506,408,Withdrawn
526506,408,Withdrawn
526527,458,Fail
526547,151,Withdrawn
526549,2378,Pass
526551,4022,Pass
526559,2830,Pass
526564,3212,Withdrawn
526589,2907,Fail
526601,4719,Withdrawn
526601,4719,Pass
526659,338,Withdrawn
526679,2326,Pass
526699,165,Withdrawn
526699,165,Withdrawn
526721,4576,Distinction
526741,827,Fail
526761,1263,Fail
526810,801,Withdrawn
526818,3429,Pass
526819,4771,Fail
526819,4771,Fail
526821,2102,Pass
526876,1576,Fail
526896,3302,Pass
526912,1255,Withdrawn
526927,3108,Pass
526927,3108,Pass
526980,1287,Fail
527020,233,Pass
527039,214,Fail
527081,431,Withdrawn
527100,914,Distinction
527102,202,Fail
527148,3336,Pass
527164,6095,Distinction
527225,3474,Pass
527227,1117,Pass
527242,1226,Withdrawn
527306,686,Fail
527313,53,Fail
527323,793,Fail
527323,793,Fail
527343,30,Withdrawn
527382,46,Withdrawn
527393,815,Pass
527400,855,Fail
527427,329,Pass
527494,4156,Pass
527505,54,Withdrawn
527533,484,Withdrawn
527538,688,Distinction
527565,1139,Withdrawn
527574,3374,Pass
527580,1014,Pass
527601,673,Withdrawn
527619,2037,Withdrawn
527619,2037,Withdrawn
527619,2037,Withdrawn
527622,3601,Pass
527636,441,Fail
527659,63,Fail
527685,2527,Fail
527713,5545,Distinction
527742,278,Fail
527742,278,Distinction
527744,2079,Withdrawn
527744,2079,Withdrawn
527747,858,Withdrawn
527751,1046,Fail
527771,1148,Fail
527771,1148,Fail
527775,132,Fail
527789,80,Fail
527799,1071,Fail
527801,607,Fail
527826,7549,Distinction
527886,960,Pass
527917,2875,Pass
527927,3052,Withdrawn
527954,684,Fail
527958,366,Withdrawn
527964,946,Pass
527980,1597,Distinction
527991,852,Fail
528021,1423,Withdrawn
528021,1423,Withdrawn
528021,1423,Pass
528023,385,Fail
528034,1270,Fail
528056,43,Fail
528066,2173,Pass
528071,67,Withdrawn
528075,3515,Distinction
528083,1960,Withdrawn
528083,1960,Pass
528161,264,Pass
528175,822,Withdrawn
528175,822,Withdrawn
528184,2641,Pass
528204,33,Withdrawn
528220,294,Withdrawn
528250,512,Pass
528261,941,Distinction
528264,91,Withdrawn
528270,2058,Withdrawn
528270,2058,Withdrawn
528271,868,Withdrawn
528290,658,Withdrawn
528302,39,Fail
528330,9,Withdrawn
528351,5019,Distinction
528353,1197,Pass
528363,1193,Withdrawn
528420,661,Withdrawn
528424,951,Fail
528432,417,Distinction
528464,251,Pass
528467,935,Pass
528506,2532,Pass
528506,2532,Pass
528509,5262,Fail
528515,1090,Withdrawn
528517,3247,Pass
528535,304,Withdrawn
528538,366,Withdrawn
528551,1945,Pass
528559,2344,Pass
528642,134,Withdrawn
528642,134,Withdrawn
528649,391,Fail
528662,3221,Fail
528698,1997,Pass
528699,461,Withdrawn
528700,216,Withdrawn
528702,660,Fail
528713,1364,Withdrawn
528713,1364,Fail
528734,7498,Pass
528782,1023,Withdrawn
528822,24,Withdrawn
528846,5430,Fail
528892,1343,Pass
528892,1343,Pass
528904,1278,Pass
528918,60,Withdrawn
528923,1401,Fail
528961,31,Fail
528971,2120,Fail
528992,3147,Pass
528996,43,Withdrawn
529000,28,Fail
529025,4359,Pass
529025,4359,Pass
529030,2038,Pass
529065,1335,Pass
529073,802,Withdrawn
529073,802,Withdrawn
529078,2548,Fail
529078,2548,Pass
529097,3540,Pass
529153,206,Withdrawn
529163,12,Withdrawn
529174,329,Fail
529175,2763,Fail
529179,1,Withdrawn
529190,2663,Pass
529197,2197,Pass
529201,1608,Pass
529211,216,Fail
529212,341,Pass
529226,483,Fail
529240,5094,Pass
529287,785,Withdrawn
529297,1821,Pass
529304,423,Pass
529309,2317,Withdrawn
529309,2317,Pass
529349,7555,Distinction
529366,4457,Pass
529381,1797,Withdrawn
529383,202,Fail
529390,3,Withdrawn
529404,1483,Pass
529412,756,Fail
529434,540,Pass
529438,188,Fail
529446,781,Pass
529452,947,Fail
529458,556,Withdrawn
529486,4169,Pass
529490,851,Withdrawn
529493,5946,Pass
529502,3139,Pass
529503,686,Withdrawn
529509,248,Fail
529512,1263,Withdrawn
529512,1263,Pass
529522,267,Fail
529525,84,Withdrawn
529550,844,Withdrawn
529561,2222,Distinction
529563,1450,Pass
529565,2095,Pass
529566,1987,Pass
529567,1937,Distinction
529569,3196,Pass
529572,74,Fail
529597,109,Fail
529644,2547,Pass
529670,2682,Withdrawn
529670,2682,Withdrawn
529670,2682,Pass
529684,2291,Fail
529689,5283,Pass
529693,3738,Pass
529723,3485,Withdrawn
529723,3485,Pass
529760,189,Fail
529762,5079,Pass
529789,157,Fail
529789,157,Withdrawn
529795,115,Fail
529834,4776,Fail
529862,3763,Distinction
529863,1139,Pass
529864,3142,Fail
529868,1230,Pass
529870,4031,Distinction
529871,4949,Pass
529877,19,Withdrawn
529885,3,Withdrawn
529975,142,Fail
529991,5732,Fail
529991,5732,Pass
530021,598,Fail
530021,598,Withdrawn
530043,3310,Pass
530057,3730,Pass
530065,170,Pass
530087,1515,Pass
530112,3,Fail
530113,192,Withdrawn
530148,1359,Withdrawn
530153,404,Fail
530159,2249,Pass
530172,482,Withdrawn
530196,4700,Withdrawn
530196,4700,Withdrawn
530226,362,Pass
530234,1289,Pass
530245,71,Withdrawn
530266,103,Fail
530270,55,Withdrawn
530270,55,Withdrawn
530296,4545,Pass
530344,6848,Pass
530360,1833,Fail
530398,5,Withdrawn
530445,3325,Distinction
530481,9,Withdrawn
530487,1621,Pass
530493,183,Fail
530514,218,Pass
530519,334,Withdrawn
530558,5017,Pass
530567,5266,Distinction
530650,479,Pass
530663,1202,Pass
530669,2656,Pass
530676,499,Withdrawn
530736,1547,Pass
530748,305,Withdrawn
530753,240,Fail
530762,57,Withdrawn
530765,623,Pass
530772,2709,Pass
530802,7107,Distinction
530841,1731,Pass
530852,1583,Withdrawn
530852,1583,Withdrawn
530853,780,Fail
530862,4536,Pass
530936,251,Withdrawn
530940,9159,Pass
530941,989,Pass
530944,3924,Distinction
530967,614,Pass
530987,404,Pass
531000,8,Withdrawn
531018,4593,Distinction
531027,110,Fail
531047,2896,Withdrawn
531047,2896,Pass
531069,1277,Withdrawn
531069,1277,Withdrawn
531075,848,Withdrawn
531075,848,Fail
531077,3922,Distinction
531097,555,Fail
531124,1001,Pass
531182,2559,Pass
531190,2599,Pass
531202,4568,Distinction
531205,85,Withdrawn
531224,173,Pass
531234,1498,Withdrawn
531234,1498,Pass
531235,36,Withdrawn
531243,97,Withdrawn
531270,8552,Pass
531294,3427,Pass
531340,490,Withdrawn
531340,490,Withdrawn
531344,28,Withdrawn
531377,105,Fail
531384,4370,Pass
531397,252,Fail
531402,1665,Pass
531427,105,Fail
531428,90,Withdrawn
531448,1144,Fail
531450,1400,Fail
531464,102,Fail
531569,25,Fail
531573,143,Fail
531629,3711,Pass
531634,284,Fail
531643,3134,Distinction
531646,584,Fail
531709,3976,Distinction
531753,1256,Pass
531755,242,Pass
531787,997,Fail
531791,2201,Fail
531845,352,Fail
531865,1167,Pass
531871,2118,Pass
531888,150,Withdrawn
531888,150,Fail
531894,2156,Withdrawn
531896,955,Fail
531905,4895,Pass
531924,948,Pass
531953,12,Fail
532000,201,Withdrawn
532020,2180,Pass
532020,2180,Pass
532034,142,Fail
532049,1775,Fail
532050,1524,Fail
532062,1723,Withdrawn
532062,1723,Withdrawn
532067,44,Withdrawn
532114,80,Withdrawn
532116,859,Pass
532121,4224,Pass
532140,281,Pass
532142,26,Withdrawn
532144,538,Withdrawn
532144,538,Pass
532194,1374,Withdrawn
532236,328,Pass
532252,18,Withdrawn
532254,4016,Pass
532267,854,Withdrawn
532274,325,Fail
532335,1993,Pass
532350,2437,Pass
532396,317,Withdrawn
532413,2237,Pass
532428,2128,Fail
532436,3646,Pass
532440,2275,Withdrawn
532440,2275,Pass
532441,206,Withdrawn
532464,399,Fail
532468,6,Withdrawn
532473,100,Withdrawn
532477,4728,Pass
532491,3103,Pass
532491,3103,Pass
532500,460,Fail
532512,635,Withdrawn
532531,634,Fail
532531,634,Pass
532534,612,Fail
532565,4560,Withdrawn
532565,4560,Fail
532565,4560,Pass
532575,468,Withdrawn
532575,468,Fail
532578,1883,Pass
532579,10168,Pass
532579,10168,Pass
532584,29,Fail
532589,2474,Fail
532608,8907,Pass
532615,601,Distinction
532617,257,Distinction
532627,3552,Pass
532648,323,Withdrawn
532649,157,Fail
532665,144,Pass
532668,14,Fail
532683,47,Withdrawn
532695,4207,Fail
532703,169,Withdrawn
532710,85,Fail
532715,3579,Pass
532718,1221,Pass
532718,1221,Distinction
532739,221,Pass
532741,673,Fail
532742,8,Withdrawn
532745,1806,Pass
532750,379,Distinction
532779,1274,Pass
532839,1156,Withdrawn
532839,1156,Fail
532846,1649,Withdrawn
532846,1649,Fail
532855,1526,Pass
532859,176,Fail
532859,176,Withdrawn
532862,241,Fail
532863,458,Fail
532868,2775,Fail
532869,714,Pass
532886,577,Pass
532895,1033,Withdrawn
532928,224,Withdrawn
532941,67,Fail
532950,5349,Pass
532968,6045,Pass
532988,63,Fail
532988,63,Fail
533004,987,Fail
533004,987,Fail
533006,131,Withdrawn
533012,503,Fail
533012,503,Fail
533016,1518,Withdrawn
533044,2758,Pass
533054,266,Distinction
533068,398,Pass
533077,1035,Fail
533091,146,Distinction
533134,3816,Pass
533140,1496,Withdrawn
533141,265,Fail
533164,93,Withdrawn
533172,2975,Pass
533198,1829,Withdrawn
533198,1829,Withdrawn
533201,2920,Pass
533209,829,Pass
533210,908,Distinction
533217,2738,Pass
533291,1097,Pass
533301,165,Pass
533311,2006,Withdrawn
533311,2006,Pass
533321,7325,Distinction
533324,423,Pass
533347,433,Pass
533348,1409,Withdrawn
533365,182,Fail
533414,34,Withdrawn
533418,4263,Distinction
533449,11,Withdrawn
533458,2,Withdrawn
533485,2068,Pass
533512,325,Withdrawn
533512,325,Fail
533522,657,Fail
533523,5521,Pass
533527,246,Fail
533535,5463,Pass
533545,641,Pass
533614,3723,Distinction
533689,365,Fail
533697,322,Withdrawn
533709,188,Fail
533722,570,Distinction
533731,39,Fail
533737,6,Withdrawn
533829,84,Withdrawn
533839,433,Pass
533846,145,Fail
533874,592,Withdrawn
533877,3427,Distinction
533929,4537,Distinction
533944,445,Withdrawn
533969,72,Fail
533975,3071,Pass
533988,1625,Pass
533996,560,Withdrawn
533997,1591,Withdrawn
534014,1400,Fail
534018,472,Withdrawn
534037,4328,Pass
534047,10,Withdrawn
534051,294,Fail
534064,5540,Pass
534074,89,Withdrawn
534074,89,Withdrawn
534086,540,Fail
534093,2947,Pass
534093,2947,Pass
534112,1336,Withdrawn
534133,2003,Pass
534143,81,Fail
534151,90,Withdrawn
534163,242,Fail
534201,1800,Pass
534203,1659,Withdrawn
534203,1659,Pass
534234,2074,Fail
534251,190,Fail
534318,269,Withdrawn
534323,500,Pass
534343,703,Distinction
534346,628,Fail
534349,773,Withdrawn
534360,160,Pass
534371,2901,Pass
534373,916,Pass
534428,524,Withdrawn
534428,524,Pass
534431,5360,Pass
534432,381,Pass
534457,2312,Pass
534530,3,Fail
534588,114,Withdrawn
534602,5237,Distinction
534609,516,Fail
534647,560,Fail
534652,1253,Distinction
534671,47,Withdrawn
534672,369,Pass
534698,2497,Pass
534709,649,Pass
534715,493,Pass
534733,1465,Pass
534744,290,Fail
534750,3047,Fail
534765,532,Pass
534777,34,Withdrawn
534784,2997,Pass
534792,6130,Pass
534816,198,Fail
534827,178,Withdrawn
534854,2145,Fail
534856,2576,Pass
534884,177,Withdrawn
534892,3966,Fail
534908,118,Fail
534910,777,Pass
534913,1331,Pass
534944,151,Withdrawn
534946,265,Pass
534952,4868,Pass
534958,3257,Pass
534962,960,Withdrawn
534983,383,Pass
534989,1753,Pass
534991,203,Pass
534998,1426,Pass
535012,540,Fail
535037,5492,Pass
535047,613,Pass
535052,2025,Withdrawn
535077,1562,Pass
535131,2623,Pass
535140,753,Pass
535145,1794,Fail
535152,622,Withdrawn
535155,302,Withdrawn
535161,2005,Fail
535161,2005,Pass
535215,3247,Pass
535220,723,Withdrawn
535220,723,Fail
535228,46,Withdrawn
535259,6968,Fail
535259,6968,Distinction
535269,470,Withdrawn
535269,470,Fail
535276,286,Withdrawn
535278,213,Fail
535324,571,Fail
535328,981,Pass
535351,495,Fail
535351,495,Fail
535379,377,Pass
535390,948,Withdrawn
535396,252,Withdrawn
535407,364,Pass
535424,1082,Fail
535460,1459,Fail
535460,1459,Withdrawn
535462,38,Fail
535463,1087,Withdrawn
535468,2205,Pass
535486,142,Withdrawn
535506,598,Pass
535529,1399,Fail
535530,437,Pass
535542,749,Withdrawn
535548,373,Pass
535605,6139,Distinction
535618,37,Fail
535620,399,Fail
535628,2707,Pass
535632,620,Fail
535648,1583,Pass
535662,3506,Pass
535671,3628,Withdrawn
535671,3628,Pass
535682,67,Fail
535707,1220,Withdrawn
535707,1220,Withdrawn
535747,63,Withdrawn
535755,392,Pass
535760,326,Pass
535773,9162,Pass
535778,41,Fail
535789,23,Withdrawn
535794,1089,Fail
535799,1936,Pass
535800,726,Pass
535804,4463,Pass
535807,339,Fail
535820,734,Pass
535831,3533,Pass
535833,274,Pass
535963,1518,Distinction
535986,3263,Distinction
535997,949,Withdrawn
536032,576,Fail
536032,576,Pass
536038,2029,Withdrawn
536046,648,Fail
536050,55,Fail
536103,373,Withdrawn
536103,373,Fail
536112,943,Pass
536125,2645,Pass
536145,179,Withdrawn
536147,1124,Fail
536170,8459,Distinction
536170,8459,Distinction
536178,7593,Distinction
536188,443,Fail
536189,989,Pass
536199,445,Pass
536203,944,Withdrawn
536205,165,Pass
536210,917,Withdrawn
536210,917,Withdrawn
536214,3767,Pass
536243,22,Fail
536261,1118,Pass
536261,1118,Pass
536270,379,Withdrawn
536276,1729,Pass
536286,1103,Distinction
536296,1054,Pass
536318,628,Pass
536331,1105,Pass
536351,2666,Pass
536435,1332,Fail
536442,524,Withdrawn
536452,287,Pass
536455,2961,Pass
536475,2210,Fail
536487,28,Withdrawn
536503,82,Withdrawn
536510,170,Withdrawn
536519,142,Withdrawn
536536,860,Withdrawn
536536,860,Pass
536556,4771,Pass
536591,3051,Fail
536593,3994,Pass
536629,313,Pass
536632,158,Pass
536636,621,Fail
536647,420,Distinction
536649,434,Fail
536660,334,Pass
536663,89,Withdrawn
536666,206,Pass
536681,2001,Withdrawn
536696,763,Fail
536698,1210,Pass
536711,891,Withdrawn
536711,891,Withdrawn
536722,500,Fail
536726,8214,Fail
536736,266,Withdrawn
536736,266,Withdrawn
536767,67,Fail
536805,264,Pass
536825,126,Withdrawn
536843,536,Fail
536852,445,Fail
536856,461,Fail
536900,143,Pass
536906,2101,Pass
536926,1874,Pass
536930,2598,Pass
536941,2544,Pass
536950,3543,Pass
536963,3389,Pass
536979,589,Fail
536984,2543,Pass
536992,324,Pass
536996,28,Withdrawn
536999,296,Withdrawn
536999,296,Withdrawn
537028,118,Withdrawn
537028,118,Fail
537077,179,Pass
537081,871,Fail
537115,104,Fail
537133,2401,Withdrawn
537133,2401,Fail
537138,2070,Pass
537139,672,Pass
537151,95,Withdrawn
537162,4945,Pass
537171,551,Pass
537181,403,Pass
537193,2774,Pass
537194,4372,Pass
537255,5407,Pass
537259,647,Fail
537271,27,Fail
537320,108,Withdrawn
537321,9,Withdrawn
537322,6597,Pass
537322,6597,Withdrawn
537322,6597,Pass
537328,2624,Pass
537335,1134,Withdrawn
537342,1076,Distinction
537373,1453,Pass
537392,417,Withdrawn
537394,655,Withdrawn
537414,394,Pass
537434,2895,Pass
537452,270,Fail
537463,204,Withdrawn
537464,867,Pass
537473,1192,Pass
537488,3356,Pass
537515,2833,Pass
537558,658,Distinction
537572,3856,Pass
537577,725,Pass
537603,3456,Fail
537603,3456,Pass
537605,37,Fail
537606,1122,Fail
537606,1122,Fail
537621,75,Fail
537622,3270,Withdrawn
537622,3270,Pass
537640,976,Distinction
537645,4141,Pass
537652,709,Withdrawn
537652,709,Withdrawn
537654,2787,Withdrawn
537654,2787,Pass
537656,5554,Pass
537658,970,Fail
537658,970,Pass
537662,311,Pass
537670,642,Fail
537672,10364,Fail
537674,298,Fail
537676,40,Fail
537679,1405,Pass
537683,995,Fail
537687,4869,Pass
537688,576,Pass
537691,92,Withdrawn
537698,899,Pass
537700,2338,Fail
537703,6746,Distinction
537704,784,Pass
537747,1495,Pass
537756,563,Pass
537811,25159,Distinction
537811,25159,Distinction
537811,25159,Distinction
537844,2239,Fail
537868,2446,Fail
537875,1290,Pass
537898,707,Pass
537905,1058,Distinction
537918,94,Fail
537926,887,Fail
537929,2675,Pass
537938,1601,Pass
537942,3786,Pass
537955,3276,Pass
537962,794,Pass
537980,7640,Pass
537995,2710,Fail
538040,1346,Fail
538045,2480,Pass
538051,179,Fail
538069,126,Withdrawn
538102,690,Fail
538131,359,Withdrawn
538138,180,Withdrawn
538196,362,Withdrawn
538196,362,Withdrawn
538202,2836,Pass
538210,323,Pass
538211,140,Fail
538221,4842,Pass
538232,537,Withdrawn
538232,537,Withdrawn
538251,1790,Distinction
538611,1033,Fail
538701,933,Pass
538863,1253,Pass
538887,2421,Withdrawn
538887,2421,Pass
538897,1240,Distinction
538903,1115,Pass
538916,4582,Pass
538918,273,Fail
538941,2348,Pass
538942,832,Fail
538949,4830,Pass
538987,2123,Distinction
539035,63,Fail
539043,190,Fail
539056,1655,Pass
539060,317,Withdrawn
539063,1273,Pass
539066,734,Pass
539117,1996,Fail
539142,460,Fail
539186,721,Withdrawn
539186,721,Fail
539209,2664,Pass
539219,284,Fail
539232,247,Withdrawn
539241,2421,Pass
539253,899,Fail
539262,564,Withdrawn
539265,3259,Pass
539303,636,Pass
539308,4818,Fail
539308,4818,Fail
539328,8275,Withdrawn
539328,8275,Pass
539332,4024,Pass
539345,275,Pass
539359,4651,Distinction
539364,1958,Fail
539365,3663,Pass
539385,672,Pass
539401,3069,Withdrawn
539401,3069,Withdrawn
539408,375,Withdrawn
539414,2,Withdrawn
539416,128,Fail
539418,3874,Distinction
539426,23,Withdrawn
539426,23,Fail
539436,1971,Distinction
539440,14841,Distinction
539444,6696,Pass
539451,1014,Fail
539451,1014,Pass
539468,72,Fail
539497,2216,Pass
539514,3919,Fail
539514,3919,Pass
539558,550,Fail
539572,485,Pass
539588,311,Fail
539622,1793,Pass
539635,1814,Distinction
539643,911,Pass
539670,20,Fail
539675,116,Fail
539695,500,Withdrawn
539695,500,Fail
539710,21,Fail
539727,401,Withdrawn
539737,165,Pass
539759,4214,Pass
539774,336,Withdrawn
539775,42,Withdrawn
539784,4174,Pass
539872,623,Withdrawn
539872,623,Withdrawn
539886,723,Fail
539891,135,Withdrawn
539894,282,Pass
539896,3185,Pass
539922,5885,Withdrawn
539922,5885,Pass
539945,4646,Withdrawn
539945,4646,Pass
539953,436,Fail
539962,738,Fail
539963,4720,Pass
539971,348,Pass
539990,470,Pass
539994,1924,Fail
540005,5,Pass
540054,4527,Pass
540055,896,Distinction
540147,2313,Fail
540155,1343,Withdrawn
540155,1343,Withdrawn
540160,6151,Pass
540184,13874,Pass
540207,795,Pass
540209,3770,Pass
540219,2561,Distinction
540224,2948,Pass
540249,836,Fail
540293,457,Pass
540298,1383,Fail
540310,2406,Pass
540422,514,Withdrawn
540503,2356,Pass
540509,2920,Withdrawn
540509,2920,Withdrawn
540509,2920,Pass
540511,1443,Distinction
540513,462,Pass
540521,303,Pass
540530,219,Fail
540530,219,Withdrawn
540547,226,Fail
540549,1778,Pass
540558,2436,Pass
540568,574,Withdrawn
540568,574,Withdrawn
540577,2661,Pass
540581,2489,Fail
540592,3180,Fail
540594,11,Withdrawn
540602,406,Pass
540605,2350,Pass
540607,531,Pass
540614,1009,Pass
540637,1497,Withdrawn
540637,1497,Pass
540656,387,Pass
540682,1997,Pass
540686,8751,Pass
540686,8751,Pass
540694,2779,Withdrawn
540694,2779,Pass
540713,1196,Pass
540723,7400,Pass
540727,4811,Pass
540750,967,Pass
540758,4073,Fail
540758,4073,Pass
540759,751,Withdrawn
540780,201,Distinction
540787,109,Withdrawn
540800,5269,Pass
540801,758,Withdrawn
540806,3160,Pass
540821,1762,Fail
540826,511,Fail
540848,3944,Pass
540909,259,Withdrawn
540909,259,Withdrawn
540918,152,Withdrawn
540920,133,Withdrawn
540937,1,Withdrawn
540947,1777,Pass
540953,7,Withdrawn
540997,1043,Withdrawn
541000,858,Pass
541003,1884,Fail
541003,1884,Pass
541013,2463,Pass
541040,2492,Withdrawn
541040,2492,Fail
541044,82,Withdrawn
541048,154,Fail
541061,45,Withdrawn
541073,880,Pass
541101,1275,Fail
541108,1092,Pass
541113,320,Pass
541123,28,Withdrawn
541171,857,Withdrawn
541171,857,Fail
541174,828,Pass
541184,524,Withdrawn
541184,524,Withdrawn
541196,172,Withdrawn
541202,268,Withdrawn
541228,807,Fail
541231,1561,Fail
541232,1713,Pass
541252,187,Pass
541260,23,Fail
541274,856,Distinction
541281,631,Withdrawn
541315,654,Fail
541327,336,Withdrawn
541327,336,Fail
541349,5034,Pass
541363,653,Pass
541369,76,Withdrawn
541418,4823,Pass
541476,3176,Pass
541482,2806,Fail
541482,2806,Pass
541521,4247,Pass
541523,888,Pass
541531,1495,Pass
541532,3145,Withdrawn
541538,786,Pass
541579,3220,Distinction
541586,2555,Distinction
541697,317,Pass
541702,523,Distinction
541706,394,Fail
541708,2879,Distinction
541727,92,Withdrawn
541753,2754,Pass
541763,123,Fail
541764,333,Pass
541765,774,Pass
541768,3035,Pass
541769,1109,Pass
541774,60,Fail
541781,1550,Pass
541783,2058,Pass
541794,1511,Pass
541803,164,Fail
541808,172,Pass
541822,227,Distinction
541832,499,Fail
541838,48,Withdrawn
541887,578,Withdrawn
541890,343,Pass
541921,4932,Pass
541923,302,Fail
541973,336,Fail
541977,384,Fail
541985,13,Withdrawn
541995,116,Withdrawn
541999,208,Fail
541999,208,Fail
542003,2560,Pass
542010,70,Withdrawn
542012,96,Fail
542020,2367,Pass
542026,3619,Fail
542036,1042,Pass
542049,1775,Pass
542050,3286,Withdrawn
542050,3286,Pass
542054,3269,Withdrawn
542054,3269,Pass
542081,42,Withdrawn
542084,673,Pass
542100,3390,Pass
542115,458,Fail
542134,87,Withdrawn
542164,1246,Pass
542167,1255,Pass
542167,1255,Withdrawn
542172,115,Withdrawn
542180,1220,Withdrawn
542180,1220,Pass
542202,4278,Pass
542205,1508,Pass
542259,634,Withdrawn
542260,234,Fail
542279,2115,Pass
542287,3324,Pass
542291,385,Pass
542293,3059,Pass
542296,1330,Pass
542356,1670,Fail
542372,1392,Fail
542386,2609,Distinction
542394,305,Withdrawn
542396,82,Withdrawn
542423,1032,Withdrawn
542466,556,Pass
542472,7,Fail
542476,613,Withdrawn
542506,7183,Distinction
542524,1217,Pass
542536,2882,Pass
542543,177,Fail
542547,188,Pass
542550,3141,Withdrawn
542550,3141,Withdrawn
542550,3141,Withdrawn
542557,8637,Distinction
542557,8637,Distinction
542558,1348,Pass
542562,1418,Withdrawn
542562,1418,Withdrawn
542562,1418,Withdrawn
542562,1418,Pass
542574,475,Distinction
542602,40,Withdrawn
542613,1350,Pass
542635,5001,Pass
542646,4050,Pass
542653,6295,Pass
542657,1820,Withdrawn
542663,400,Fail
542687,287,Fail
542692,24,Fail
542707,666,Fail
542745,423,Fail
542748,351,Distinction
542987,3310,Fail
542991,226,Fail
543010,14696,Fail
543010,14696,Fail
543019,10020,Pass
543021,172,Withdrawn
543054,785,Fail
543060,4418,Pass
543095,26,Withdrawn
543113,4810,Fail
543124,1203,Pass
543140,826,Fail
543155,1115,Withdrawn
543165,1381,Pass
543170,534,Pass
543180,721,Pass
543202,2607,Pass
543231,237,Withdrawn
543279,191,Fail
543295,265,Fail
543340,3610,Pass
543351,544,Pass
543356,2729,Pass
543356,2729,Withdrawn
543361,195,Withdrawn
543383,31,Withdrawn
543384,3150,Distinction
543386,651,Withdrawn
543408,85,Withdrawn
543415,3114,Pass
543417,1119,Withdrawn
543417,1119,Withdrawn
543417,1119,Pass
543418,52,Withdrawn
543421,53,Withdrawn
543428,2295,Pass
543432,1472,Withdrawn
543436,1382,Fail
543439,1130,Pass
543446,22,Fail
543447,3326,Pass
543459,1008,Pass
543465,13,Fail
543473,1250,Pass
543474,245,Pass
543475,2748,Fail
543475,2748,Pass
543478,497,Fail
543481,1948,Fail
543482,574,Withdrawn
543510,574,Pass
543533,376,Withdrawn
543536,1011,Fail
543557,7,Withdrawn
543571,37,Withdrawn
543573,1926,Pass
543576,18,Fail
543599,5947,Pass
543607,3415,Pass
543630,243,Fail
543643,5721,Pass
543648,1647,Fail
543653,198,Fail
543663,256,Withdrawn
543678,789,Pass
543683,82,Withdrawn
543683,82,Fail
543686,7260,Pass
543719,628,Pass
543723,643,Pass
543749,426,Fail
543756,2817,Pass
543763,1116,Pass
543785,2056,Withdrawn
543785,2056,Withdrawn
543788,4884,Pass
543788,4884,Pass
543789,2616,Distinction
543798,2552,Pass
543818,610,Fail
543825,329,Pass
543853,1805,Pass
543860,3390,Pass
543910,572,Pass
543919,558,Pass
543924,239,Fail
543924,239,Fail
543926,215,Withdrawn
543931,1719,Pass
543948,6051,Pass
543948,6051,Pass
543953,11174,Withdrawn
543953,11174,Pass
543963,15,Withdrawn
543970,3562,Fail
543976,1153,Withdrawn
543976,1153,Withdrawn
544017,103,Fail
544021,3136,Withdrawn
544021,3136,Withdrawn
544031,101,Withdrawn
544050,4,Fail
544052,4341,Pass
544052,4341,Pass
544053,1072,Pass
544055,6188,Pass
544063,171,Fail
544071,330,Withdrawn
544071,330,Withdrawn
544090,4612,Fail
544090,4612,Distinction
544091,3054,Pass
544092,3002,Pass
544098,1254,Pass
544103,2328,Pass
544108,855,Pass
544122,567,Distinction
544140,406,Fail
544141,1151,Fail
544155,255,Withdrawn
544155,255,Fail
544173,7719,Distinction
544186,769,Distinction
544195,574,Fail
544207,5318,Distinction
544212,4687,Pass
544226,711,Fail
544249,1362,Pass
544253,2270,Pass
544267,4639,Pass
544271,3029,Withdrawn
544271,3029,Distinction
544279,14,Fail
544284,1143,Fail
544289,6735,Pass
544295,2957,Fail
544295,2957,Pass
544296,148,Withdrawn
544307,2311,Pass
544313,4303,Pass
544319,42,Withdrawn
544351,919,Fail
544352,70,Withdrawn
544356,195,Withdrawn
544367,18,Fail
544383,1598,Distinction
544408,113,Fail
544430,66,Fail
544444,358,Withdrawn
544455,3526,Pass
544467,1608,Withdrawn
544467,1608,Pass
544479,6851,Pass
544490,963,Pass
544499,310,Withdrawn
544499,310,Withdrawn
544500,408,Fail
544519,239,Fail
544530,4355,Pass
544532,417,Pass
544543,3768,Fail
544576,987,Pass
544587,1440,Withdrawn
544587,1440,Fail
544593,2120,Fail
544594,7678,Distinction
544594,7678,Distinction
544603,1434,Pass
544612,1133,Withdrawn
544615,305,Pass
544627,460,Withdrawn
544627,460,Fail
544632,786,Pass
544639,82,Fail
544642,1254,Pass
544649,1925,Withdrawn
544649,1925,Withdrawn
544649,1925,Withdrawn
544651,306,Withdrawn
544697,439,Fail
544720,277,Fail
544741,231,Pass
544745,3423,Withdrawn
544745,3423,Fail
544791,925,Withdrawn
544791,925,Pass
544839,11539,Distinction
544839,11539,Distinction
544847,1906,Fail
544848,875,Pass
544850,9212,Pass
544859,674,Fail
544880,857,Fail
544881,1411,Pass
544890,316,Pass
544894,3496,Pass
544898,245,Fail
544907,1420,Fail
544930,322,Withdrawn
544942,263,Withdrawn
544943,193,Fail
544963,2523,Pass
544978,71,Fail
544982,401,Fail
544989,829,Fail
544991,1892,Pass
545041,212,Fail
545045,232,Fail
545048,2993,Fail
545072,42,Fail
545080,2106,Fail
545083,593,Pass
545093,2417,Pass
545115,820,Fail
545118,919,Fail
545118,919,Pass
545119,5342,Withdrawn
545119,5342,Pass
545124,21,Fail
545127,5,Withdrawn
545146,231,Pass
545164,3060,Pass
545179,391,Fail
545191,1604,Pass
545196,1577,Pass
545200,226,Pass
545201,22,Withdrawn
545211,985,Pass
545219,133,Withdrawn
545223,4524,Withdrawn
545223,4524,Fail
545229,5276,Distinction
545245,2046,Fail
545254,306,Pass
545255,1524,Fail
545255,1524,Pass
545297,32,Fail
545298,168,Pass
545313,122,Fail
545337,136,Withdrawn
545340,124,Fail
545376,212,Withdrawn
545377,1639,Fail
545379,3864,Pass
545381,2,Fail
545384,186,Fail
545387,1154,Fail
545387,1154,Withdrawn
545392,538,Pass
545443,302,Pass
545462,5375,Pass
545480,777,Withdrawn
545493,3259,Withdrawn
545493,3259,Pass
545521,26,Withdrawn
545521,26,Withdrawn
545565,129,Withdrawn
545604,271,Fail
545637,3643,Pass
545658,580,Pass
545665,1551,Distinction
545693,737,Withdrawn
545697,1131,Pass
545702,219,Pass
545704,3997,Pass
545704,3997,Pass
545720,2061,Fail
545725,2402,Withdrawn
545740,3184,Pass
545740,3184,Distinction
545741,2619,Pass
545747,2359,Pass
545751,1607,Fail
545752,423,Fail
545758,782,Fail
545758,782,Pass
545769,1260,Pass
545785,414,Pass
545791,20,Withdrawn
545803,444,Fail
545896,6,Withdrawn
545909,2653,Pass
545916,1790,Fail
545918,278,Withdrawn
545944,722,Withdrawn
545944,722,Withdrawn
545951,671,Withdrawn
545962,4494,Pass
545964,783,Pass
545991,439,Fail
545993,693,Fail
546000,1082,Fail
546019,170,Fail
546025,409,Fail
546040,255,Fail
546048,121,Fail
546052,495,Distinction
546054,703,Pass
546065,2425,Pass
546071,6126,Pass
546074,2195,Pass
546089,820,Fail
546097,621,Pass
546136,308,Withdrawn
546139,228,Withdrawn
546141,148,Fail
546157,289,Pass
546164,381,Withdrawn
546191,784,Pass
546192,524,Pass
546196,556,Pass
546202,839,Fail
546202,839,Pass
546215,4506,Pass
546221,2444,Pass
546243,411,Withdrawn
546250,284,Pass
546262,1130,Withdrawn
546286,494,Distinction
546293,123,Withdrawn
546293,123,Fail
546299,464,Withdrawn
546299,464,Fail
546302,12,Fail
546322,567,Pass
546329,1910,Fail
546333,3,Withdrawn
546339,322,Withdrawn
546348,4695,Pass
546394,204,Withdrawn
546396,731,Withdrawn
546400,54,Withdrawn
546400,54,Withdrawn
546400,54,Withdrawn
546400,54,Withdrawn
546403,608,Withdrawn
546403,608,Withdrawn
546403,608,Withdrawn
546407,3750,Pass
546408,769,Fail
546412,2438,Fail
546428,3185,Pass
546431,169,Fail
546439,1716,Withdrawn
546455,27,Fail
546457,357,Pass
546464,7366,Distinction
546480,2622,Pass
546500,809,Fail
546533,1406,Fail
546547,6278,Withdrawn
546547,6278,Pass
546563,2334,Withdrawn
546583,6946,Pass
546584,1823,Pass
546604,1529,Pass
546609,649,Pass
546627,2951,Pass
546632,1424,Pass
546634,289,Withdrawn
546643,602,Fail
546645,3403,Pass
546654,2376,Pass
546654,2376,Withdrawn
546654,2376,Distinction
546675,1590,Withdrawn
546675,1590,Pass
546681,55,Fail
546682,4102,Pass
546685,1414,Pass
546722,1669,Pass
546724,696,Pass
546747,3,Withdrawn
546749,1653,Distinction
546754,17,Fail
546773,490,Fail
546780,1165,Fail
546804,428,Fail
546809,71,Withdrawn
546811,142,Pass
546826,1660,Pass
546830,1393,Withdrawn
546830,1393,Fail
546837,915,Pass
546843,310,Fail
546852,1047,Pass
546861,58,Withdrawn
546862,4293,Pass
546868,534,Fail
546909,713,Fail
546912,2749,Pass
546921,519,Pass
546925,4352,Pass
546932,2409,Pass
546934,3570,Withdrawn
546934,3570,Pass
546941,790,Withdrawn
546941,790,Distinction
546947,1094,Withdrawn
546953,1853,Pass
546958,218,Fail
546961,2511,Pass
547014,5532,Pass
547018,464,Fail
547128,4236,Withdrawn
547128,4236,Withdrawn
547128,4236,Pass
547153,2652,Fail
547153,2652,Pass
547154,3602,Pass
547155,223,Pass
547165,371,Fail
547173,1050,Distinction
547192,561,Pass
547228,4150,Pass
547252,572,Withdrawn
547259,1406,Distinction
547267,30,Withdrawn
547267,30,Withdrawn
547287,3092,Distinction
547302,1649,Fail
547303,25,Withdrawn
547311,756,Fail
547332,2159,Withdrawn
547334,54,Fail
547347,1765,Pass
547349,1895,Pass
547372,39,Fail
547378,189,Withdrawn
547390,97,Pass
547393,3390,Fail
547399,2430,Pass
547400,1692,Distinction
547403,982,Pass
547408,1483,Pass
547409,124,Fail
547413,4121,Fail
547413,4121,Fail
547424,2310,Pass
547427,569,Pass
547445,1424,Pass
547448,1740,Distinction
547466,597,Pass
547486,343,Fail
547487,406,Distinction
547506,1935,Withdrawn
547506,1935,Pass
547534,448,Fail
547556,268,Fail
547569,1219,Fail
547571,395,Withdrawn
547581,6846,Distinction
547584,471,Fail
547593,30,Withdrawn
547609,17,Withdrawn
547612,776,Pass
547620,310,Fail
547629,1616,Withdrawn
547629,1616,Withdrawn
547663,108,Fail
547666,402,Withdrawn
547679,2481,Fail
547680,5479,Distinction
547685,228,Withdrawn
547685,228,Withdrawn
547689,1294,Pass
547690,1188,Pass
547697,229,Pass
547718,545,Withdrawn
547737,1489,Pass
547755,1120,Withdrawn
547755,1120,Withdrawn
547757,1753,Distinction
547773,2382,Pass
547784,2121,Withdrawn
547784,2121,Fail
547786,492,Withdrawn
547786,492,Fail
547787,9,Withdrawn
547788,1297,Pass
547816,24,Withdrawn
547816,24,Withdrawn
547841,957,Distinction
547873,357,Pass
547876,299,Withdrawn
547884,1741,Withdrawn
547884,1741,Fail
547892,571,Pass
547897,93,Withdrawn
547902,603,Pass
547903,7353,Pass
547953,1747,Fail
547979,12,Withdrawn
547986,1102,Withdrawn
547986,1102,Fail
548027,2244,Pass
548043,129,Withdrawn
548057,2130,Fail
548069,1875,Pass
548087,5878,Pass
548090,2975,Distinction
548095,3322,Distinction
548099,5844,Pass
548106,54,Withdrawn
548120,804,Pass
548124,468,Pass
548132,433,Withdrawn
548173,2065,Withdrawn
548173,2065,Fail
548180,519,Fail
548190,883,Fail
548197,636,Pass
548219,5501,Pass
548241,501,Pass
548255,1875,Distinction
548261,1159,Fail
548261,1159,Fail
548267,1201,Pass
548271,674,Fail
548275,905,Pass
548292,2311,Pass
548296,55,Fail
548301,1507,Pass
548307,196,Fail
548312,3999,Distinction
548334,839,Pass
548344,53,Fail
548352,4155,Pass
548355,5,Withdrawn
548371,81,Fail
548371,81,Fail
548383,115,Withdrawn
548386,3645,Distinction
548388,272,Pass
548403,55,Fail
548415,2801,Withdrawn
548420,129,Withdrawn
548424,6133,Pass
548439,714,Pass
548445,279,Fail
548459,7322,Pass
548473,1776,Fail
548486,99,Withdrawn
548488,189,Withdrawn
548500,545,Withdrawn
548504,429,Distinction
548508,4209,Pass
548509,2074,Distinction
548521,5207,Pass
548535,1091,Pass
548547,2042,Withdrawn
548547,2042,Fail
548573,3001,Withdrawn
548573,3001,Withdrawn
548578,667,Withdrawn
548578,667,Fail
548585,813,Withdrawn
548602,942,Pass
548602,942,Pass
548617,736,Distinction
548642,299,Withdrawn
548650,188,Withdrawn
548666,4111,Pass
548677,4048,Pass
548677,4048,Pass
548679,197,Fail
548693,126,Withdrawn
548714,1006,Pass
548722,5941,Pass
548739,24,Withdrawn
548741,180,Fail
548744,481,Pass
548759,8269,Pass
548764,4017,Fail
548764,4017,Pass
548773,73,Fail
548791,448,Pass
548797,281,Withdrawn
548800,81,Withdrawn
548807,1120,Pass
548813,22,Fail
548819,15,Withdrawn
548825,566,Withdrawn
548831,10,Withdrawn
548834,1697,Pass
548838,378,Pass
548839,476,Pass
548843,971,Pass
548844,205,Fail
548851,331,Withdrawn
548851,331,Withdrawn
548854,888,Pass
548857,3882,Pass
548861,2191,Pass
548869,545,Fail
548871,323,Fail
548872,62,Withdrawn
548884,493,Pass
548885,483,Distinction
548893,155,Withdrawn
548899,386,Pass
548900,28,Withdrawn
548921,418,Pass
548922,101,Withdrawn
548924,263,Fail
548926,1724,Withdrawn
548926,1724,Fail
548926,1724,Fail
548926,1724,Fail
548935,1363,Pass
548938,461,Fail
548948,523,Withdrawn
548954,124,Pass
548959,778,Fail
548969,623,Withdrawn
548981,99,Fail
548992,437,Withdrawn
548992,437,Fail
548993,343,Withdrawn
548994,1450,Pass
548996,2383,Pass
549009,58,Withdrawn
549014,966,Fail
549032,982,Pass
549038,2283,Pass
549047,598,Pass
549056,523,Fail
549065,9374,Pass
549078,335,Fail
549078,335,Fail
549087,1,Fail
549093,255,Fail
549095,1833,Pass
549106,360,Fail
549113,976,Withdrawn
549113,976,Pass
549125,816,Pass
549129,322,Pass
549135,801,Pass
549139,68,Withdrawn
549143,72,Withdrawn
549149,223,Fail
549156,21,Withdrawn
549158,235,Pass
549160,208,Withdrawn
549160,208,Withdrawn
549190,123,Pass
549196,676,Distinction
549204,119,Fail
549213,1011,Withdrawn
549219,4043,Pass
549226,274,Fail
549239,4530,Pass
549261,556,Pass
549262,811,Pass
549278,22,Fail
549283,741,Fail
549288,54,Withdrawn
549300,3023,Distinction
549311,119,Withdrawn
549321,3040,Distinction
549334,77,Withdrawn
549337,159,Withdrawn
549337,159,Fail
549343,6163,Pass
549354,154,Fail
549361,944,Withdrawn
549369,2659,Pass
549370,3630,Fail
549391,442,Distinction
549397,4644,Pass
549401,388,Withdrawn
549410,528,Fail
549420,5907,Distinction
549424,1368,Withdrawn
549424,1368,Withdrawn
549439,1076,Fail
549445,889,Pass
549498,22,Fail
549504,1012,Withdrawn
549505,27,Withdrawn
549512,179,Withdrawn
549513,1266,Withdrawn
549517,5404,Pass
549523,3071,Withdrawn
549523,3071,Fail
549537,3072,Pass
549545,1601,Pass
549568,580,Pass
549575,30,Withdrawn
549586,272,Pass
549590,127,Withdrawn
549596,2433,Fail
549601,3166,Withdrawn
549603,20,Fail
549622,2,Withdrawn
549626,5010,Withdrawn
549626,5010,Pass
549636,1071,Withdrawn
549648,2034,Pass
549651,547,Pass
549670,92,Fail
549677,527,Withdrawn
549681,2202,Pass
549684,2084,Pass
549687,909,Pass
549690,732,Pass
549698,1231,Pass
549706,4288,Pass
549706,4288,Pass
549710,1541,Pass
549713,75,Withdrawn
549731,1309,Pass
549732,241,Pass
549745,290,Withdrawn
549751,2633,Fail
549754,2074,Pass
549769,1483,Withdrawn
549775,1483,Distinction
549783,7058,Distinction
549783,7058,Pass
549790,4118,Pass
549792,2549,Withdrawn
549792,2549,Fail
549795,1841,Pass
549825,1525,Pass
549847,5034,Pass
549862,337,Pass
549872,1341,Pass
549873,420,Withdrawn
549873,420,Fail
549887,976,Distinction
549888,696,Withdrawn
549892,242,Withdrawn
549897,541,Fail
549898,2660,Pass
549904,6,Fail
549907,235,Fail
549909,787,Distinction
549913,1515,Withdrawn
549918,7195,Fail
549922,1881,Withdrawn
549922,1881,Fail
549928,426,Fail
549928,426,Withdrawn
549951,516,Pass
549960,2862,Distinction
549973,121,Fail
550003,309,Fail
550024,3199,Withdrawn
550025,1948,Pass
550026,1307,Pass
550038,3682,Pass
550046,1067,Distinction
550051,25,Withdrawn
550059,1237,Fail
550064,1415,Pass
550077,5618,Pass
550081,961,Pass
550092,1992,Fail
550092,1992,Pass
550095,198,Fail
550097,2271,Pass
550098,1456,Fail
550106,1342,Withdrawn
550123,4122,Pass
550142,1190,Withdrawn
550142,1190,Withdrawn
550142,1190,Fail
550163,77,Fail
550183,142,Withdrawn
550197,163,Fail
550209,1203,Pass
550245,227,Pass
550246,418,Withdrawn
550246,418,Fail
550269,149,Pass
550272,2611,Pass
550278,415,Withdrawn
550287,3947,Pass
550322,353,Fail
550331,1280,Pass
550342,2357,Pass
550348,330,Fail
550354,778,Distinction
550357,1399,Pass
550358,275,Fail
550359,379,Withdrawn
550371,283,Fail
550377,637,Withdrawn
550380,887,Withdrawn
550380,887,Fail
550381,1746,Pass
550383,910,Pass
550393,983,Fail
550393,983,Pass
550400,3343,Fail
550403,1548,Pass
550412,198,Pass
550420,3884,Distinction
550428,215,Fail
550429,3635,Fail
550435,1866,Fail
550470,5348,Distinction
550477,537,Fail
550495,5344,Distinction
550498,295,Fail
550515,809,Pass
550520,567,Pass
550521,28,Withdrawn
550545,7872,Withdrawn
550545,7872,Withdrawn
550545,7872,Pass
550549,290,Pass
550556,4604,Fail
550559,118,Withdrawn
550573,1237,Pass
550597,434,Pass
550604,2683,Pass
550610,18,Withdrawn
550613,1110,Pass
550617,216,Fail
550638,849,Fail
550651,3192,Pass
550657,199,Withdrawn
550662,157,Fail
550668,428,Fail
550702,1438,Distinction
550703,6205,Distinction
550707,664,Pass
550708,794,Pass
550711,461,Fail
550725,1175,Pass
550736,4783,Pass
550758,543,Distinction
550762,1601,Pass
550763,7193,Distinction
550777,344,Withdrawn
550787,4599,Fail
550792,9265,Fail
550797,3947,Pass
550802,1877,Pass
550812,1154,Withdrawn
550812,1154,Pass
550813,1671,Pass
550814,796,Pass
550814,796,Pass
550853,5398,Pass
550865,1534,Pass
550866,1240,Fail
550867,450,Withdrawn
550880,495,Distinction
550893,830,Withdrawn
550893,830,Fail
550893,830,Fail
550898,297,Fail
550903,8660,Distinction
550909,1223,Fail
550921,4391,Pass
550923,279,Pass
550925,2560,Pass
550933,3387,Pass
550941,1630,Pass
550960,762,Withdrawn
550961,376,Fail
550963,674,Pass
550974,116,Fail
551000,546,Fail
551017,665,Pass
551027,8008,Pass
551031,859,Fail
551032,676,Fail
551052,305,Withdrawn
551053,740,Withdrawn
551053,740,Fail
551058,5864,Pass
551061,397,Fail
551080,1349,Pass
551109,108,Withdrawn
551115,2571,Pass
551117,188,Withdrawn
551126,1709,Pass
551129,137,Pass
551134,295,Withdrawn
551136,11,Withdrawn
551137,43,Withdrawn
551142,1983,Withdrawn
551156,1,Withdrawn
551158,2123,Withdrawn
551169,2394,Fail
551171,1131,Pass
551172,128,Withdrawn
551182,1670,Withdrawn
551182,1670,Pass
551183,872,Pass
551190,70,Fail
551205,120,Pass
551212,3640,Distinction
551214,1150,Pass
551214,1150,Pass
551219,791,Pass
551220,243,Fail
551234,8226,Pass
551237,209,Withdrawn
551242,1770,Pass
551245,4328,Pass
551252,1094,Distinction
551258,2765,Pass
551267,1489,Pass
551274,6,Pass
551276,38,Pass
551277,1052,Pass
551282,552,Fail
551287,306,Fail
551299,1236,Fail
551304,2626,Pass
551311,2979,Pass
551332,1090,Fail
551332,1090,Withdrawn
551334,2803,Pass
551340,61,Withdrawn
551347,563,Pass
551354,3933,Fail
551375,3597,Pass
551389,712,Pass
551397,11332,Pass
551397,11332,Pass
551399,1746,Pass
551427,181,Fail
551430,433,Withdrawn
551440,74,Fail
551456,357,Fail
551478,1418,Pass
551478,1418,Pass
551480,526,Pass
551482,15,Fail
551487,732,Pass
551495,1738,Fail
551515,1088,Withdrawn
551515,1088,Pass
551528,2574,Withdrawn
551528,2574,Withdrawn
551528,2574,Withdrawn
551545,101,Fail
551550,3014,Pass
551557,1960,Pass
551562,165,Fail
551573,1920,Pass
551576,1175,Distinction
551583,3260,Pass
551589,162,Withdrawn
551589,162,Withdrawn
551595,148,Withdrawn
551602,2894,Pass
551604,967,Fail
551628,40,Withdrawn
551636,20,Withdrawn
551655,94,Withdrawn
551666,629,Withdrawn
551674,244,Withdrawn
551688,1687,Fail
551702,269,Withdrawn
551706,402,Pass
551714,507,Pass
551715,3286,Pass
551716,730,Pass
551718,868,Fail
551730,857,Fail
551745,322,Fail
551759,5,Fail
551760,809,Fail
551764,109,Withdrawn
551770,450,Pass
551772,519,Fail
551774,148,Withdrawn
551791,2051,Withdrawn
551791,2051,Pass
551796,3430,Pass
551802,487,Fail
551805,1740,Pass
551812,4699,Pass
551814,670,Pass
551836,471,Pass
551856,621,Fail
551856,621,Fail
551886,2290,Pass
551895,558,Pass
551902,1713,Fail
551906,1165,Withdrawn
551922,385,Pass
551938,434,Pass
551953,199,Fail
551954,1156,Pass
551979,40,Fail
551985,1,Fail
552003,1917,Withdrawn
552003,1917,Distinction
552007,516,Pass
552017,1184,Distinction
552025,441,Withdrawn
552025,441,Fail
552030,40,Withdrawn
552039,880,Distinction
552057,502,Fail
552067,1317,Distinction
552069,34,Withdrawn
552104,5671,Distinction
552110,2073,Fail
552114,1603,Fail
552114,1603,Fail
552116,623,Pass
552135,300,Fail
552142,1411,Pass
552166,1942,Withdrawn
552166,1942,Pass
552173,5964,Pass
552177,29,Fail
552192,10,Withdrawn
552205,1046,Pass
552220,725,Fail
552222,274,Withdrawn
552234,906,Withdrawn
552255,414,Withdrawn
552255,414,Withdrawn
552255,414,Pass
552273,719,Pass
552282,446,Fail
552284,1694,Withdrawn
552284,1694,Pass
552313,1569,Pass
552320,1406,Pass
552327,120,Withdrawn
552339,2461,Pass
552374,2495,Pass
552395,2839,Withdrawn
552395,2839,Fail
552399,969,Distinction
552441,7061,Distinction
552441,7061,Pass
552450,3692,Fail
552475,170,Withdrawn
552485,514,Fail
552486,608,Distinction
552491,2764,Pass
552498,716,Withdrawn
552498,716,Pass
552509,262,Fail
552515,93,Pass
552535,191,Pass
552537,237,Pass
552560,193,Fail
552567,655,Fail
552580,333,Withdrawn
552590,252,Withdrawn
552622,2518,Pass
552635,1432,Pass
552640,1,Withdrawn
552648,4161,Fail
552648,4161,Pass
552656,1008,Withdrawn
552661,2143,Pass
552666,394,Withdrawn
552667,626,Pass
552698,640,Fail
552701,458,Pass
552708,4560,Distinction
552718,232,Fail
552719,3,Withdrawn
552721,2748,Pass
552740,490,Withdrawn
552747,4277,Pass
552749,522,Fail
552750,486,Pass
552789,1137,Pass
552795,1767,Pass
552822,1019,Pass
552824,30,Fail
552826,566,Pass
552832,65,Fail
552834,1670,Fail
552859,407,Pass
552865,2,Withdrawn
552883,54,Fail
552894,962,Pass
552896,338,Withdrawn
552898,601,Pass
552902,500,Pass
552908,431,Withdrawn
552913,432,Pass
552914,2504,Fail
552921,1417,Distinction
552929,1108,Pass
552955,356,Fail
552965,11407,Distinction
552965,11407,Pass
552987,4506,Pass
552991,282,Pass
552999,497,Withdrawn
553000,35,Withdrawn
553017,2818,Fail
553021,3162,Distinction
553031,4217,Pass
553032,839,Withdrawn
553047,1373,Pass
553078,275,Pass
553100,4346,Pass
553104,2349,Pass
553125,1390,Distinction
553155,2678,Distinction
553160,2771,Fail
553170,152,Withdrawn
553187,2702,Pass
553196,40,Withdrawn
553220,4483,Distinction
553253,61,Withdrawn
553262,15858,Pass
553275,660,Pass
553280,1810,Distinction
553280,1810,Pass
553283,2166,Distinction
553284,5283,Pass
553301,4055,Pass
553320,253,Fail
553321,981,Distinction
553325,4256,Fail
553353,26,Fail
553364,2887,Pass
553367,1283,Pass
553382,5393,Pass
553394,3297,Pass
553404,174,Withdrawn
553410,257,Withdrawn
553425,1765,Pass
553427,2281,Pass
553437,59,Fail
553442,673,Pass
553443,45,Fail
553462,169,Pass
553487,532,Distinction
553490,129,Fail
553500,3832,Pass
553502,6358,Pass
553508,210,Pass
553520,192,Withdrawn
553528,2405,Fail
553568,924,Withdrawn
553568,924,Withdrawn
553572,797,Pass
553575,2732,Pass
553576,92,Withdrawn
553599,3862,Distinction
553627,41,Withdrawn
553643,311,Distinction
553649,3112,Pass
553655,5280,Pass
553655,5280,Pass
553716,175,Pass
553719,2753,Distinction
553719,2753,Distinction
553727,2021,Fail
553729,168,Fail
553733,159,Fail
553741,637,Withdrawn
553741,637,Pass
553753,112,Withdrawn
553755,327,Fail
553763,95,Fail
553781,7026,Pass
553800,133,Fail
553807,773,Withdrawn
553807,773,Fail
553808,778,Pass
553813,3906,Fail
553813,3906,Pass
553825,106,Pass
553831,3673,Pass
553832,761,Fail
553834,1186,Withdrawn
553840,790,Distinction
553841,424,Fail
553856,1113,Pass
553864,128,Withdrawn
553878,1978,Pass
553893,25,Fail
553938,15,Withdrawn
553943,373,Fail
553963,3314,Fail
553964,2156,Pass
554004,948,Pass
554038,5512,Fail
554044,3885,Pass
554045,323,Withdrawn
554048,1130,Pass
554052,3159,Distinction
554063,3812,Distinction
554065,2955,Distinction
554065,2955,Distinction
554068,560,Fail
554083,840,Pass
554132,471,Fail
554139,56,Fail
554141,244,Pass
554152,116,Withdrawn
554161,1714,Pass
554166,1689,Fail
554174,1360,Distinction
554193,1519,Fail
554203,330,Withdrawn
554205,7109,Fail
554205,7109,Pass
554206,621,Pass
554215,24,Withdrawn
554226,1739,Pass
554235,1505,Withdrawn
554235,1505,Fail
554236,3008,Pass
554243,621,Fail
554243,621,Fail
554245,1387,Pass
554256,2549,Fail
554257,2742,Pass
554266,419,Withdrawn
554276,249,Fail
554283,676,Pass
554289,3314,Pass
554294,118,Fail
554295,370,Pass
554297,201,Fail
554300,844,Pass
554314,603,Fail
554331,7123,Pass
554336,739,Pass
554344,662,Distinction
554352,949,Pass
554356,3154,Pass
554365,810,Withdrawn
554372,7110,Pass
554374,195,Distinction
554393,21,Fail
554407,18,Withdrawn
554435,5293,Fail
554444,210,Withdrawn
554444,210,Withdrawn
554446,1738,Pass
554459,1581,Fail
554459,1581,Fail
554459,1581,Pass
554470,4645,Withdrawn
554470,4645,Pass
554476,4029,Pass
554482,6,Withdrawn
554484,1435,Pass
554512,235,Withdrawn
554525,3690,Pass
554540,834,Pass
554545,510,Withdrawn
554551,586,Fail
554558,7222,Distinction
554574,1950,Pass
554580,1654,Pass
554583,2667,Pass
554583,2667,Pass
554585,45,Withdrawn
554586,3348,Pass
554587,68,Withdrawn
554588,1636,Withdrawn
554588,1636,Withdrawn
554588,1636,Fail
554592,4911,Pass
554599,301,Pass
554608,1227,Pass
554620,2302,Pass
554637,3,Withdrawn
554664,2619,Pass
554691,4069,Withdrawn
554691,4069,Withdrawn
554691,4069,Pass
554712,494,Withdrawn
554729,63,Withdrawn
554746,468,Fail
554748,8209,Pass
554761,2980,Fail
554761,2980,Pass
554766,1,Withdrawn
554773,641,Fail
554783,804,Withdrawn
554795,487,Distinction
554813,5460,Pass
554818,17,Withdrawn
554830,603,Fail
554846,9049,Distinction
554852,8277,Pass
554863,720,Pass
554870,1196,Pass
554881,2817,Fail
554881,2817,Pass
554885,544,Fail
554885,544,Withdrawn
554888,374,Withdrawn
554894,2732,Pass
554898,472,Fail
554908,4105,Distinction
554919,1770,Withdrawn
554923,1850,Fail
554930,603,Withdrawn
554940,2870,Fail
554946,205,Fail
554951,972,Pass
554967,529,Pass
554969,267,Distinction
554986,740,Fail
554988,311,Withdrawn
554995,3659,Pass
554998,548,Pass
554999,286,Withdrawn
554999,286,Withdrawn
555008,754,Pass
555015,1065,Distinction
555022,2644,Pass
555035,77,Withdrawn
555049,5280,Distinction
555051,142,Withdrawn
555059,1037,Distinction
555061,60,Fail
555086,719,Pass
555102,140,Pass
555132,611,Withdrawn
555132,611,Withdrawn
555137,81,Fail
555144,3984,Pass
555148,96,Withdrawn
555151,129,Withdrawn
555157,65,Fail
555168,49,Withdrawn
555178,2,Withdrawn
555228,1751,Pass
555239,2956,Distinction
555250,2466,Pass
555263,876,Pass
555297,155,Withdrawn
555309,1915,Pass
555316,449,Fail
555346,798,Pass
555349,1893,Fail
555360,254,Fail
555368,398,Withdrawn
555407,288,Fail
555408,614,Fail
555408,614,Fail
555414,747,Pass
555422,93,Withdrawn
555428,148,Fail
555440,4874,Withdrawn
555444,3940,Pass
555446,800,Withdrawn
555446,800,Fail
555447,1091,Pass
555497,175,Fail
555498,7576,Pass
555498,7576,Pass
555503,4532,Pass
555539,28,Withdrawn
555552,33,Withdrawn
555603,13,Withdrawn
555604,1310,Pass
555609,427,Withdrawn
555614,2329,Distinction
555619,1005,Fail
555627,140,Fail
555644,256,Fail
555653,152,Withdrawn
555667,700,Distinction
555670,1227,Pass
555672,1104,Pass
555673,3550,Fail
555674,1024,Distinction
555675,1730,Distinction
555691,1629,Withdrawn
555691,1629,Withdrawn
555695,1009,Pass
555706,1982,Distinction
555709,1114,Withdrawn
555720,8,Fail
555721,1468,Pass
555740,847,Pass
555747,2397,Pass
555749,657,Pass
555756,1514,Distinction
555760,625,Distinction
555765,310,Fail
555772,582,Fail
555786,1128,Withdrawn
555786,1128,Fail
555791,581,Fail
555827,333,Fail
555837,9420,Withdrawn
555838,687,Pass
555855,7834,Pass
555860,249,Fail
555880,199,Fail
555884,1518,Pass
555895,932,Withdrawn
555902,89,Fail
555909,165,Withdrawn
555929,2150,Pass
555930,2071,Fail
555935,150,Withdrawn
555946,474,Fail
555953,187,Withdrawn
555989,1198,Distinction
555989,1198,Pass
555994,324,Fail
556004,1812,Fail
556007,112,Withdrawn
556007,112,Withdrawn
556007,112,Fail
556012,298,Fail
556022,5947,Pass
556030,303,Fail
556042,218,Withdrawn
556052,56,Withdrawn
556057,805,Pass
556062,61,Fail
556077,149,Withdrawn
556082,2214,Pass
556089,375,Distinction
556093,386,Withdrawn
556109,3768,Withdrawn
556109,3768,Pass
556121,1501,Fail
556126,4003,Withdrawn
556126,4003,Withdrawn
556126,4003,Pass
556133,4630,Pass
556138,259,Withdrawn
556140,2785,Pass
556140,2785,Pass
556153,442,Withdrawn
556165,1698,Fail
556170,46,Withdrawn
556171,145,Fail
556175,225,Pass
556177,1372,Pass
556185,1156,Distinction
556210,6942,Pass
556211,2392,Pass
556228,1181,Pass
556231,1289,Fail
556246,2000,Distinction
556251,3109,Pass
556251,3109,Pass
556284,381,Pass
556290,144,Withdrawn
556292,1171,Distinction
556295,4416,Distinction
556295,4416,Fail
556301,696,Pass
556302,4003,Pass
556308,1329,Withdrawn
556318,75,Fail
556337,2658,Pass
556349,259,Pass
556351,2031,Fail
556354,917,Withdrawn
556360,1047,Withdrawn
556362,2792,Pass
556369,413,Withdrawn
556370,950,Fail
556370,950,Fail
556373,1317,Distinction
556374,992,Withdrawn
556374,992,Fail
556389,836,Pass
556391,2256,Pass
556404,1410,Withdrawn
556406,741,Pass
556408,192,Withdrawn
556416,1277,Distinction
556427,141,Withdrawn
556429,5899,Pass
556440,5665,Fail
556440,5665,Pass
556450,117,Fail
556450,117,Fail
556450,117,Fail
556463,85,Fail
556476,933,Fail
556481,7,Withdrawn
556489,96,Withdrawn
556492,5171,Withdrawn
556492,5171,Withdrawn
556492,5171,Fail
556498,2370,Pass
556502,1897,Pass
556509,380,Fail
556514,1595,Pass
556520,1653,Distinction
556521,1609,Withdrawn
556521,1609,Withdrawn
556521,1609,Pass
556523,452,Pass
556539,1681,Pass
556540,8103,Pass
556542,644,Withdrawn
556553,598,Pass
556567,2116,Pass
556568,136,Withdrawn
556575,1722,Distinction
556584,6430,Pass
556584,6430,Pass
556587,561,Fail
556592,377,Pass
556605,257,Pass
556637,203,Withdrawn
556639,2322,Pass
556644,1689,Distinction
556645,5713,Fail
556645,5713,Pass
556646,3992,Pass
556648,242,Fail
556659,6825,Pass
556660,2620,Fail
556692,493,Withdrawn
556709,1651,Withdrawn
556709,1651,Fail
556713,23,Withdrawn
556721,1248,Pass
556738,60,Fail
556739,65,Withdrawn
556742,41,Fail
556751,256,Withdrawn
556756,273,Fail
556774,1306,Distinction
556780,3233,Pass
556783,12143,Distinction
556785,1839,Pass
556788,5,Withdrawn
556824,1005,Distinction
556835,2716,Pass
556840,374,Withdrawn
556853,195,Pass
556858,818,Pass
556860,1977,Fail
556863,917,Withdrawn
556863,917,Pass
556865,579,Pass
556871,1198,Distinction
556876,530,Distinction
556877,2481,Withdrawn
556877,2481,Pass
556878,1176,Pass
556880,1575,Fail
556882,405,Withdrawn
556883,549,Pass
556887,364,Pass
556892,1934,Pass
556898,14172,Pass
556911,653,Withdrawn
556918,3809,Withdrawn
556918,3809,Pass
556924,5361,Pass
556931,3356,Fail
556934,975,Pass
556945,4920,Pass
556959,1146,Pass
556970,499,Fail
556972,651,Pass
556986,228,Withdrawn
556987,534,Fail
556988,129,Withdrawn
556990,491,Pass
556992,439,Pass
556997,582,Pass
556999,320,Pass
557005,105,Fail
557006,235,Pass
557012,4782,Distinction
557020,8826,Pass
557024,792,Pass
557029,133,Fail
557031,23,Fail
557032,2722,Distinction
557040,474,Withdrawn
557044,3259,Pass
557045,911,Pass
557053,6984,Pass
557054,2361,Distinction
557057,1426,Pass
557060,1134,Pass
557083,89,Withdrawn
557083,89,Withdrawn
557085,8746,Withdrawn
557085,8746,Distinction
557085,8746,Pass
557089,82,Withdrawn
557129,1047,Fail
557145,386,Fail
557147,859,Pass
557172,28,Fail
557177,2471,Pass
557203,304,Fail
557220,801,Pass
557229,3993,Pass
557232,1529,Withdrawn
557237,2107,Fail
557237,2107,Pass
557247,576,Withdrawn
557247,576,Withdrawn
557285,1157,Pass
557290,3124,Pass
557308,691,Fail
557314,3003,Pass
557320,4,Withdrawn
557325,619,Distinction
557345,9394,Distinction
557351,718,Fail
557351,718,Fail
557358,1534,Fail
557385,2541,Pass
557388,6178,Pass
557389,4295,Pass
557395,3485,Pass
557404,1441,Pass
557415,1539,Pass
557432,1014,Fail
557445,10207,Pass
557451,613,Fail
557467,426,Withdrawn
557469,1803,Withdrawn
557469,1803,Pass
557474,703,Fail
557474,703,Withdrawn
557477,549,Fail
557481,1995,Withdrawn
557490,425,Fail
557504,68,Withdrawn
557528,1052,Pass
557542,580,Withdrawn
557545,2988,Pass
557586,1909,Fail
557594,476,Pass
557608,264,Withdrawn
557622,1668,Distinction
557650,8350,Pass
557650,8350,Pass
557652,836,Fail
557655,3265,Pass
557661,1438,Pass
557694,2868,Pass
557700,7511,Withdrawn
557700,7511,Pass
557700,7511,Pass
557708,151,Fail
557709,223,Withdrawn
557710,15300,Distinction
557735,2986,Withdrawn
557735,2986,Pass
557742,2737,Pass
557751,749,Withdrawn
557751,749,Withdrawn
557752,194,Withdrawn
557758,13144,Pass
557764,1923,Fail
557766,809,Fail
557773,1415,Withdrawn
557775,1664,Pass
557787,1394,Pass
557792,472,Fail
557792,472,Withdrawn
557811,3385,Pass
557826,1212,Withdrawn
557827,705,Fail
557830,946,Fail
557840,6408,Distinction
557846,765,Pass
557850,716,Fail
557877,1699,Pass
557891,4236,Pass
557894,356,Withdrawn
557908,878,Withdrawn
557911,1382,Pass
557924,5329,Pass
557935,270,Fail
557938,15,Withdrawn
557959,592,Pass
557968,468,Distinction
557979,191,Pass
557995,655,Withdrawn
558018,7291,Distinction
558021,1290,Pass
558024,400,Pass
558029,4219,Withdrawn
558029,4219,Pass
558035,434,Withdrawn
558040,388,Pass
558042,195,Distinction
558044,3346,Distinction
558052,43,Withdrawn
558054,1964,Pass
558066,431,Distinction
558068,449,Pass
558075,403,Pass
558084,1994,Pass
558090,273,Fail
558092,276,Fail
558098,3580,Pass
558099,994,Distinction
558104,5625,Pass
558105,2788,Pass
558113,1104,Pass
558114,306,Fail
558121,3047,Pass
558122,289,Fail
558122,289,Fail
558123,53,Withdrawn
558134,45,Withdrawn
558140,261,Fail
558146,1,Withdrawn
558153,482,Fail
558163,92,Withdrawn
558168,225,Pass
558200,3344,Pass
558205,1960,Withdrawn
558208,13258,Pass
558224,1550,Fail
558244,3061,Withdrawn
558244,3061,Fail
558247,399,Fail
558250,2764,Pass
558262,425,Fail
558280,1770,Pass
558284,784,Withdrawn
558284,784,Withdrawn
558290,9578,Pass
558292,700,Pass
558301,924,Fail
558308,439,Withdrawn
558309,16,Withdrawn
558317,42,Withdrawn
558324,544,Withdrawn
558333,106,Pass
558342,385,Withdrawn
558342,385,Withdrawn
558342,385,Fail
558345,11272,Pass
558373,1031,Distinction
558404,275,Withdrawn
558404,275,Withdrawn
558415,1031,Pass
558435,948,Distinction
558440,3097,Withdrawn
558440,3097,Pass
558444,946,Fail
558444,946,Fail
558463,1823,Pass
558463,1823,Pass
558471,663,Withdrawn
558484,6286,Pass
558486,623,Pass
558488,436,Fail
558489,1815,Pass
558492,14,Fail
558503,2899,Pass
558509,1326,Pass
558518,539,Pass
558533,484,Pass
558558,7810,Distinction
558595,286,Pass
558597,4443,Distinction
558602,24,Fail
558610,1788,Withdrawn
558610,1788,Fail
558616,2026,Pass
558622,2478,Pass
558626,132,Withdrawn
558628,8738,Pass
558629,1422,Fail
558635,3076,Pass
558645,1711,Fail
558654,55,Withdrawn
558661,242,Fail
558662,592,Fail
558678,2430,Pass
558689,397,Pass
558692,1485,Fail
558701,395,Withdrawn
558703,191,Pass
558705,328,Pass
558747,2230,Pass
558755,100,Fail
558760,1144,Pass
558764,3750,Pass
558765,917,Fail
558769,1267,Fail
558770,3055,Pass
558772,3762,Pass
558776,343,Withdrawn
558779,85,Fail
558787,1513,Distinction
558801,5924,Pass
558806,993,Withdrawn
558806,993,Pass
558807,1448,Withdrawn
558809,1474,Fail
558817,11,Withdrawn
558820,1008,Fail
558829,809,Fail
558837,682,Pass
558839,2479,Pass
558851,6419,Pass
558854,1055,Fail
558893,5557,Distinction
558903,144,Fail
558907,4468,Pass
558909,57,Withdrawn
558914,4716,Fail
558914,4716,Fail
558915,6336,Pass
558921,804,Distinction
558948,533,Pass
558955,415,Fail
558962,562,Pass
558963,2254,Pass
558965,1384,Pass
558970,4663,Pass
558983,1161,Fail
559004,2554,Distinction
559011,154,Withdrawn
559019,16,Withdrawn
559031,555,Pass
559058,7082,Pass
559062,497,Fail
559067,401,Withdrawn
559081,816,Pass
559090,13,Withdrawn
559096,728,Pass
559113,317,Fail
559123,451,Pass
559139,138,Withdrawn
559140,1783,Pass
559155,10858,Pass
559157,683,Withdrawn
559168,247,Pass
559173,96,Fail
559180,628,Pass
559225,483,Fail
559227,5,Withdrawn
559253,1495,Pass
559261,13,Withdrawn
559282,1397,Distinction
559293,1543,Fail
559325,5624,Distinction
559328,523,Pass
559335,2679,Pass
559336,531,Pass
559344,501,Withdrawn
559344,501,Pass
559350,727,Pass
559366,90,Fail
559381,250,Pass
559382,783,Pass
559389,860,Pass
559397,849,Fail
559405,1775,Fail
559410,465,Fail
559414,628,Pass
559420,2354,Pass
559423,9158,Distinction
559425,302,Withdrawn
559428,6945,Distinction
559440,2087,Pass
559447,1973,Pass
559449,905,Withdrawn
559449,905,Fail
559451,1514,Fail
559452,370,Distinction
559454,4017,Pass
559458,990,Pass
559459,599,Fail
559467,113,Pass
559469,2223,Withdrawn
559469,2223,Pass
559474,1058,Pass
559475,797,Pass
559495,10794,Distinction
559496,764,Withdrawn
559518,637,Fail
559518,637,Pass
559519,101,Fail
559540,409,Fail
559551,770,Fail
559573,285,Fail
559584,219,Pass
559589,4340,Pass
559594,4777,Pass
559595,498,Pass
559603,1736,Pass
559606,3382,Pass
559608,640,Pass
559609,2817,Pass
559610,205,Fail
559611,919,Pass
559612,2761,Fail
559617,1104,Pass
559642,2469,Pass
559645,340,Fail
559651,226,Pass
559656,93,Withdrawn
559672,1069,Withdrawn
559672,1069,Pass
559680,1116,Pass
559685,543,Fail
559685,543,Fail
559688,287,Fail
559697,210,Withdrawn
559706,2814,Pass
559706,2814,Pass
559707,301,Fail
559735,70,Withdrawn
559744,675,Pass
559754,7020,Pass
559758,518,Pass
559760,6915,Pass
559766,1271,Fail
559768,1414,Fail
559770,10918,Pass
559770,10918,Pass
559785,11858,Distinction
559808,54,Fail
559813,1841,Pass
559823,353,Fail
559826,228,Fail
559831,194,Pass
559838,360,Fail
559851,352,Pass
559852,1051,Pass
559855,720,Withdrawn
559856,12110,Pass
559861,2245,Pass
559863,8496,Distinction
559863,8496,Pass
559872,428,Pass
559876,7169,Distinction
559882,356,Withdrawn
559882,356,Withdrawn
559903,2028,Pass
559908,599,Pass
559912,2168,Withdrawn
559912,2168,Withdrawn
559912,2168,Pass
559919,526,Distinction
559930,2288,Fail
559950,700,Fail
559973,313,Withdrawn
559977,376,Fail
559977,376,Fail
559979,3552,Pass
559989,206,Fail
559991,600,Fail
559992,780,Pass
559999,969,Withdrawn
560005,144,Withdrawn
560010,124,Fail
560012,113,Fail
560015,488,Fail
560022,4281,Pass
560024,615,Distinction
560030,259,Fail
560046,3949,Pass
560047,3593,Pass
560064,1684,Fail
560065,762,Pass
560067,858,Fail
560072,5697,Distinction
560074,748,Pass
560075,529,Pass
560089,912,Pass
560114,6757,Pass
560114,6757,Pass
560117,225,Withdrawn
560117,225,Fail
560127,26,Withdrawn
560160,28,Fail
560168,1428,Fail
560170,735,Pass
560179,2991,Pass
560182,8122,Pass
560185,262,Withdrawn
560197,8,Withdrawn
560199,3320,Pass
560207,7450,Pass
560208,531,Fail
560208,531,Pass
560238,671,Distinction
560240,1391,Pass
560243,2143,Pass
560260,655,Pass
560301,393,Pass
560311,5338,Distinction
560311,5338,Pass
560319,1846,Pass
560326,423,Withdrawn
560328,597,Pass
560329,2641,Pass
560335,1317,Withdrawn
560335,1317,Fail
560347,1566,Pass
560374,179,Pass
560381,2089,Pass
560384,66,Withdrawn
560391,1423,Pass
560399,5976,Withdrawn
560399,5976,Pass
560401,2434,Pass
560404,6060,Fail
560410,2010,Withdrawn
560410,2010,Pass
560423,145,Withdrawn
560425,6592,Pass
560430,211,Fail
560431,18039,Distinction
560443,23,Withdrawn
560444,1981,Pass
560455,471,Pass
560458,713,Withdrawn
560458,713,Pass
560459,1876,Withdrawn
560459,1876,Withdrawn
560468,855,Pass
560486,1533,Pass
560493,1256,Pass
560494,1294,Pass
560496,6430,Withdrawn
560496,6430,Withdrawn
560496,6430,Pass
560502,1074,Fail
560536,372,Pass
560554,271,Fail
560567,298,Pass
560585,9875,Pass
560592,489,Fail
560595,1102,Withdrawn
560597,1211,Distinction
560643,93,Fail
560645,5065,Pass
560652,744,Pass
560653,1665,Pass
560659,203,Withdrawn
560659,203,Withdrawn
560670,832,Withdrawn
560676,260,Fail
560685,1344,Fail
560703,6796,Pass
560707,807,Pass
560723,2742,Withdrawn
560723,2742,Pass
560727,5772,Pass
560734,1553,Fail
560743,1144,Withdrawn
560759,2074,Pass
560759,2074,Pass
560765,1361,Withdrawn
560772,5,Withdrawn
560773,1307,Pass
560784,4249,Withdrawn
560784,4249,Fail
560784,4249,Pass
560823,14,Withdrawn
560870,166,Withdrawn
560876,774,Pass
560879,2832,Pass
560879,2832,Pass
560881,1710,Fail
560891,110,Fail
560920,378,Withdrawn
560920,378,Withdrawn
560921,1008,Pass
560924,4,Withdrawn
560928,1340,Pass
560934,110,Fail
560944,695,Pass
560946,557,Fail
560948,976,Fail
560949,3782,Pass
560951,758,Fail
560951,758,Fail
560953,23,Withdrawn
560968,1193,Distinction
560970,611,Pass
561009,4062,Pass
561009,4062,Pass
561031,2525,Pass
561054,651,Fail
561060,1815,Pass
561061,209,Pass
561068,697,Fail
561072,1265,Pass
561088,693,Withdrawn
561113,294,Withdrawn
561138,720,Pass
561148,483,Pass
561161,811,Distinction
561163,1161,Pass
561164,2424,Distinction
561166,1113,Distinction
561167,1412,Pass
561192,1138,Pass
561195,5279,Pass
561195,5279,Pass
561206,783,Pass
561208,1922,Pass
561208,1922,Fail
561208,1922,Pass
561215,1819,Withdrawn
561231,4532,Pass
561268,6290,Distinction
561271,1007,Fail
561272,69,Fail
561311,36,Withdrawn
561312,1115,Distinction
561343,607,Pass
561363,2221,Pass
561363,2221,Pass
561366,396,Withdrawn
561386,3438,Distinction
561413,5776,Distinction
561419,374,Pass
561437,426,Pass
561441,171,Withdrawn
561444,1240,Pass
561445,1337,Pass
561448,381,Pass
561452,1641,Distinction
561455,854,Pass
561457,1062,Pass
561458,592,Pass
561459,760,Distinction
561461,746,Pass
561467,453,Withdrawn
561476,1924,Pass
561476,1924,Pass
561503,558,Withdrawn
561515,360,Pass
561519,1144,Withdrawn
561519,1144,Withdrawn
561534,2406,Pass
561542,3078,Pass
561549,392,Fail
561559,3501,Pass
561559,3501,Pass
561560,894,Fail
561591,328,Pass
561608,938,Pass
561618,1678,Pass
561640,617,Distinction
561674,14,Withdrawn
561674,14,Fail
561711,626,Fail
561713,806,Pass
561714,2185,Distinction
561715,430,Fail
561716,893,Pass
561718,66,Fail
561734,1548,Withdrawn
561734,1548,Distinction
561740,139,Withdrawn
561752,618,Pass
561774,4412,Pass
561774,4412,Distinction
561787,7,Withdrawn
561799,58,Fail
561807,3002,Distinction
561810,1435,Pass
561819,2716,Distinction
561823,481,Withdrawn
561823,481,Withdrawn
561826,2887,Pass
561826,2887,Pass
561841,1711,Pass
561848,607,Fail
561848,607,Withdrawn
561848,607,Fail
561865,4803,Pass
561867,2200,Pass
561868,5598,Pass
561873,2171,Pass
561874,7080,Pass
561879,2115,Pass
561880,1808,Withdrawn
561881,2439,Distinction
561884,562,Pass
561889,2867,Pass
561904,1977,Pass
561905,947,Withdrawn
561906,195,Withdrawn
561913,2780,Pass
561913,2780,Pass
561929,4430,Pass
561930,1128,Pass
561953,302,Pass
561955,1858,Pass
561976,1368,Pass
561978,345,Distinction
561979,65,Pass
562064,2733,Fail
562064,2733,Withdrawn
562064,2733,Pass
562090,730,Pass
562100,921,Withdrawn
562100,921,Withdrawn
562112,678,Distinction
562139,39,Withdrawn
562239,1900,Pass
562248,264,Fail
562270,2944,Pass
562315,65,Withdrawn
562377,2359,Pass
562437,1168,Withdrawn
562437,1168,Pass
562448,6249,Fail
562450,865,Pass
562456,714,Fail
562460,2199,Withdrawn
562465,681,Pass
562489,1476,Distinction
562490,680,Withdrawn
562494,67,Withdrawn
562495,648,Fail
562561,282,Withdrawn
562585,225,Withdrawn
562585,225,Withdrawn
562619,807,Withdrawn
562628,405,Pass
562632,1701,Pass
562643,212,Withdrawn
562696,1805,Distinction
562708,1450,Withdrawn
562728,1643,Pass
562754,2100,Pass
562763,1151,Fail
562783,401,Withdrawn
562825,1505,Pass
562825,1505,Pass
562827,187,Withdrawn
562857,2998,Pass
562884,3225,Pass
562890,125,Withdrawn
562913,1823,Pass
562917,322,Withdrawn
562920,778,Fail
562929,1161,Withdrawn
562929,1161,Fail
562990,1800,Pass
563014,1673,Withdrawn
563016,2762,Pass
563016,2762,Pass
563019,58,Fail
563020,1880,Withdrawn
563027,816,Pass
563046,961,Pass
563046,961,Pass
563051,2317,Pass
563051,2317,Pass
563081,2892,Pass
563108,1327,Pass
563157,58,Withdrawn
563174,33,Fail
563196,6335,Withdrawn
563230,2293,Withdrawn
563230,2293,Distinction
563299,3177,Pass
563301,104,Fail
563302,1336,Pass
563321,1454,Pass
563321,1454,Pass
563330,713,Pass
563363,308,Pass
563374,920,Fail
563413,718,Distinction
563414,5896,Pass
563418,3120,Distinction
563430,14,Withdrawn
563430,14,Withdrawn
563453,1279,Pass
563487,1068,Pass
563534,815,Withdrawn
563556,37,Withdrawn
563595,766,Fail
563612,252,Fail
563631,163,Fail
563631,163,Fail
563636,923,Fail
563666,884,Pass
563675,2181,Pass
563706,1185,Pass
563710,302,Withdrawn
563718,434,Withdrawn
563733,343,Pass
563735,558,Pass
563742,622,Withdrawn
563754,207,Pass
563763,685,Pass
563769,217,Fail
563770,369,Fail
563783,6888,Pass
563787,4225,Distinction
563794,456,Pass
563813,55,Withdrawn
563819,952,Pass
563819,952,Pass
563820,1105,Pass
563823,3595,Pass
563845,2087,Distinction
563847,252,Withdrawn
563847,252,Fail
563862,670,Fail
563874,2980,Distinction
563877,1150,Pass
563878,2591,Pass
563879,413,Pass
563888,574,Withdrawn
563902,4,Withdrawn
563920,634,Pass
563951,246,Withdrawn
563967,1549,Withdrawn
563967,1549,Withdrawn
563967,1549,Pass
563971,1190,Pass
563986,779,Fail
563987,562,Pass
563990,168,Withdrawn
564000,563,Withdrawn
564081,325,Fail
564105,2592,Pass
564115,6342,Distinction
564119,3276,Pass
564129,157,Pass
564144,242,Pass
564213,2269,Pass
564213,2269,Pass
564243,8079,Pass
564245,645,Pass
564262,3287,Pass
564268,665,Pass
564278,2405,Pass
564325,266,Withdrawn
564325,266,Withdrawn
564356,908,Withdrawn
564356,908,Pass
564409,224,Pass
564437,322,Fail
564444,250,Withdrawn
564444,250,Withdrawn
564445,1091,Pass
564450,224,Fail
564454,37,Fail
564465,69,Fail
564562,69,Withdrawn
564596,274,Withdrawn
564609,274,Pass
564617,6139,Fail
564626,299,Fail
564632,4386,Fail
564643,233,Withdrawn
564643,233,Withdrawn
564649,772,Fail
564700,2788,Withdrawn
564700,2788,Pass
564702,3196,Pass
564712,569,Withdrawn
564714,1450,Fail
564714,1450,Pass
564734,2800,Pass
564770,997,Withdrawn
564770,997,Fail
564792,615,Fail
564821,2514,Withdrawn
564821,2514,Withdrawn
564894,1888,Distinction
564898,465,Distinction
564906,473,Pass
564931,176,Withdrawn
564933,2374,Distinction
564958,929,Pass
564970,13,Withdrawn
564972,78,Withdrawn
564981,3749,Distinction
565002,588,Pass
565006,772,Fail
565009,239,Fail
565017,7372,Pass
565066,721,Withdrawn
565109,4049,Withdrawn
565109,4049,Distinction
565158,838,Pass
565175,1040,Pass
565182,1669,Pass
565209,454,Pass
565222,647,Distinction
565273,1775,Distinction
565275,3895,Withdrawn
565275,3895,Withdrawn
565275,3895,Withdrawn
565275,3895,Pass
565301,1769,Pass
565344,138,Fail
565348,2043,Withdrawn
565373,3497,Pass
565393,395,Fail
565399,2490,Distinction
565402,1,Withdrawn
565402,1,Withdrawn
565446,301,Pass
565469,679,Withdrawn
565469,679,Withdrawn
565513,1457,Distinction
565525,198,Fail
565526,91,Withdrawn
565561,290,Fail
565570,620,Fail
565575,683,Pass
565576,1890,Pass
565582,251,Pass
565587,4198,Pass
565599,2186,Distinction
565605,4235,Pass
565607,638,Pass
565640,1051,Pass
565653,2501,Withdrawn
565657,2774,Pass
565698,2929,Pass
565715,1200,Pass
565743,820,Pass
565838,1112,Fail
565838,1112,Fail
565840,488,Withdrawn
565840,488,Fail
565849,8934,Pass
565851,169,Fail
565869,1107,Pass
565870,674,Fail
565883,6286,Withdrawn
565883,6286,Withdrawn
565883,6286,Pass
565888,739,Pass
565892,365,Pass
565919,1404,Pass
565952,1541,Pass
565988,153,Fail
565990,4661,Pass
565993,382,Pass
565997,3283,Withdrawn
566009,3889,Distinction
566071,715,Fail
566133,432,Distinction
566134,781,Withdrawn
566134,781,Withdrawn
566135,2327,Pass
566135,2327,Pass
566172,560,Withdrawn
566181,555,Pass
566183,273,Pass
566185,2103,Fail
566185,2103,Pass
566201,1879,Pass
566240,1343,Pass
566270,4352,Pass
566279,1103,Pass
566300,1933,Pass
566310,11143,Pass
566310,11143,Distinction
566337,513,Fail
566339,155,Pass
566346,4577,Distinction
566358,335,Fail
566369,925,Pass
566381,1632,Fail
566392,1055,Fail
566407,380,Pass
566415,273,Pass
566422,4936,Pass
566428,968,Distinction
566428,968,Pass
566447,4949,Distinction
566460,729,Fail
566464,437,Pass
566465,3606,Pass
566482,1304,Withdrawn
566482,1304,Withdrawn
566512,379,Pass
566553,1260,Withdrawn
566553,1260,Fail
566652,185,Fail
566664,2718,Withdrawn
566664,2718,Withdrawn
566664,2718,Pass
566669,583,Pass
566670,2990,Pass
566675,88,Withdrawn
566694,1613,Withdrawn
566694,1613,Pass
566704,263,Withdrawn
566704,263,Withdrawn
566712,43,Withdrawn
566715,415,Pass
566720,1092,Pass
566788,598,Pass
566795,9,Fail
566810,84,Fail
566813,358,Pass
566814,570,Pass
566817,3927,Pass
566818,97,Fail
566823,1268,Withdrawn
566823,1268,Fail
566863,1342,Pass
566871,1273,Fail
566871,1273,Fail
566872,176,Withdrawn
566923,337,Fail
566938,2445,Distinction
566963,1120,Pass
566973,6842,Pass
566979,2482,Pass
566979,2482,Distinction
567009,440,Pass
567013,44,Fail
567033,733,Distinction
567048,1553,Pass
567059,97,Withdrawn
567059,97,Pass
567152,1142,Withdrawn
567152,1142,Pass
567160,106,Fail
567165,1770,Pass
567167,828,Pass
567168,217,Withdrawn
567176,486,Withdrawn
567176,486,Fail
567211,942,Distinction
567213,40,Withdrawn
567222,2891,Pass
567223,540,Fail
567246,1,Withdrawn
567262,247,Pass
567281,101,Withdrawn
567285,1405,Pass
567292,899,Pass
567304,2368,Pass
567304,2368,Pass
567312,4255,Pass
567325,769,Pass
567363,334,Pass
567402,414,Pass
567417,2813,Pass
567429,313,Pass
567451,1952,Withdrawn
567451,1952,Pass
567500,776,Distinction
567595,2074,Distinction
567597,707,Pass
567597,707,Withdrawn
567627,362,Pass
567629,2090,Pass
567676,317,Fail
567681,567,Withdrawn
567681,567,Withdrawn
567719,511,Fail
567752,2086,Pass
567754,1623,Pass
567757,252,Pass
567779,503,Fail
567808,429,Fail
567831,2,Fail
567859,2280,Fail
567873,2452,Distinction
567880,2423,Fail
567888,8759,Distinction
567888,8759,Distinction
567889,291,Pass
567892,1083,Fail
567892,1083,Fail
567896,131,Fail
567901,4022,Pass
567915,263,Fail
567929,819,Fail
567950,2061,Fail
567958,191,Pass
567963,1420,Pass
567970,650,Fail
567979,116,Pass
568019,590,Pass
568042,94,Fail
568047,302,Fail
568068,201,Fail
568074,647,Pass
568084,4099,Distinction
568084,4099,Pass
568103,675,Pass
568118,1102,Fail
568132,1287,Pass
568153,7759,Pass
568184,873,Fail
568196,1787,Pass
568204,3437,Fail
568207,2279,Pass
568223,1471,Distinction
568232,1989,Pass
568234,1188,Pass
568288,701,Distinction
568297,513,Fail
568307,290,Withdrawn
568333,6250,Pass
568370,2590,Withdrawn
568370,2590,Pass
568381,347,Fail
568415,386,Withdrawn
568422,12,Fail
568446,2217,Distinction
568447,144,Withdrawn
568450,3963,Pass
568474,366,Pass
568502,266,Pass
568533,192,Distinction
568539,1218,Pass
568551,6121,Pass
568559,1095,Pass
568566,1489,Pass
568578,514,Fail
568592,11250,Fail
568596,1012,Withdrawn
568598,6066,Pass
568601,488,Withdrawn
568602,1021,Withdrawn
568609,87,Withdrawn
568631,296,Withdrawn
568644,2113,Pass
568668,90,Fail
568686,382,Fail
568691,4067,Distinction
568741,1143,Withdrawn
568749,2372,Pass
568763,368,Fail
568767,2702,Fail
568774,4731,Pass
568775,389,Withdrawn
568775,389,Withdrawn
568813,1063,Pass
568835,986,Fail
568852,753,Fail
568910,1633,Fail
568948,2226,Distinction
568948,2226,Pass
568954,6774,Pass
568963,997,Pass
568968,360,Pass
568973,371,Fail
568987,1109,Withdrawn
568987,1109,Fail
568998,524,Withdrawn
568998,524,Withdrawn
569016,2651,Pass
569034,9783,Pass
569035,1104,Pass
569049,152,Withdrawn
569065,5302,Pass
569074,159,Withdrawn
569080,9555,Distinction
569080,9555,Pass
569084,961,Pass
569093,373,Pass
569107,11864,Pass
569108,6375,Distinction
569108,6375,Distinction
569132,5012,Withdrawn
569132,5012,Fail
569141,268,Pass
569167,3122,Pass
569199,5,Withdrawn
569225,424,Pass
569253,1079,Distinction
569277,949,Pass
569279,712,Fail
569334,85,Fail
569342,3920,Fail
569342,3920,Pass
569342,3920,Withdrawn
569358,505,Pass
569372,7422,Distinction
569374,172,Fail
569474,3739,Pass
569490,420,Pass
569505,4225,Distinction
569507,8339,Pass
569511,626,Pass
569556,420,Withdrawn
569556,420,Withdrawn
569560,954,Pass
569566,5350,Pass
569589,3310,Pass
569595,67,Fail
569609,5600,Pass
569609,5600,Pass
569620,117,Fail
569625,1456,Fail
569625,1456,Pass
569633,489,Pass
569663,2839,Pass
569664,787,Pass
569672,265,Pass
569679,401,Pass
569694,1611,Distinction
569706,1193,Withdrawn
569706,1193,Pass
569712,6753,Withdrawn
569712,6753,Distinction
569737,4157,Pass
569745,89,Withdrawn
569749,234,Withdrawn
569761,742,Pass
569783,843,Withdrawn
569807,192,Withdrawn
569840,1701,Pass
569854,425,Pass
569857,1531,Withdrawn
569862,442,Pass
569864,362,Pass
569876,6245,Pass
569891,13,Withdrawn
569928,1214,Withdrawn
569928,1214,Pass
569930,1076,Pass
569935,1381,Pass
569944,10335,Distinction
569944,10335,Distinction
569953,1391,Pass
569970,812,Pass
569974,649,Pass
569978,5779,Pass
569981,1296,Pass
569984,534,Fail
569994,521,Fail
570004,2440,Withdrawn
570004,2440,Fail
570023,272,Withdrawn
570031,620,Pass
570045,2853,Pass
570049,3092,Pass
570061,7679,Pass
570113,136,Withdrawn
570119,991,Pass
570137,1329,Pass
570141,383,Pass
570157,1387,Pass
570168,10433,Pass
570177,42,Withdrawn
570177,42,Fail
570186,466,Withdrawn
570213,9222,Fail
570213,9222,Fail
570215,1641,Pass
570237,2011,Pass
570239,254,Fail
570264,2007,Fail
570271,2855,Pass
570273,2870,Pass
570275,2394,Pass
570278,424,Withdrawn
570280,1722,Withdrawn
570280,1722,Fail
570287,469,Pass
570317,1027,Pass
570351,339,Pass
570377,1254,Withdrawn
570377,1254,Withdrawn
570403,1036,Pass
570410,599,Pass
570411,1209,Pass
570414,1136,Fail
570428,3669,Pass
570437,4945,Distinction
570448,652,Fail
570453,945,Pass
570453,945,Pass
570455,5712,Pass
570484,2355,Pass
570488,1275,Withdrawn
570488,1275,Withdrawn
570491,4417,Pass
570491,4417,Pass
570514,1177,Withdrawn
570515,1101,Fail
570517,3115,Pass
570519,33,Fail
570529,1200,Pass
570531,724,Pass
570550,2063,Fail
570623,1675,Pass
570626,754,Pass
570627,2422,Distinction
570630,983,Pass
570671,1672,Withdrawn
570671,1672,Pass
570689,1165,Withdrawn
570689,1165,Fail
570692,123,Withdrawn
570717,3509,Withdrawn
570717,3509,Pass
570732,5341,Distinction
570732,5341,Distinction
570757,742,Pass
570759,805,Pass
570783,517,Pass
570801,1179,Pass
570807,3262,Distinction
570862,2,Withdrawn
570863,799,Pass
570864,256,Pass
570871,1607,Pass
570872,2262,Pass
570872,2262,Pass
570878,1933,Fail
570895,74,Fail
570896,1300,Pass
570954,2118,Withdrawn
570954,2118,Withdrawn
570967,1343,Pass
570970,30,Withdrawn
570978,3212,Pass
570985,2365,Pass
570997,312,Withdrawn
571000,616,Withdrawn
571000,616,Pass
571008,117,Withdrawn
571019,3127,Distinction
571022,5623,Pass
571025,2801,Withdrawn
571025,2801,Withdrawn
571050,2656,Pass
571055,711,Fail
571074,5171,Distinction
571079,72,Withdrawn
571083,525,Pass
571089,1476,Pass
571117,2560,Fail
571128,3357,Withdrawn
571128,3357,Pass
571129,7140,Distinction
571131,2302,Pass
571131,2302,Pass
571186,2249,Pass
571190,4609,Pass
571223,1352,Pass
571233,2333,Withdrawn
571233,2333,Fail
571242,652,Pass
571292,337,Withdrawn
571292,337,Fail
571316,3020,Distinction
571334,2528,Fail
571334,2528,Pass
571355,5540,Pass
571363,3949,Fail
571365,24,Withdrawn
571380,671,Pass
571382,189,Withdrawn
571382,189,Withdrawn
571389,802,Withdrawn
571389,802,Withdrawn
571395,40,Fail
571397,2518,Pass
571441,300,Pass
571443,3472,Distinction
571448,537,Pass
571451,1512,Pass
571458,1264,Distinction
571490,4731,Pass
571503,732,Pass
571512,2000,Pass
571516,634,Pass
571540,401,Withdrawn
571540,401,Pass
571554,1205,Pass
571571,1332,Distinction
571575,245,Withdrawn
571577,1221,Pass
571583,683,Distinction
571595,1482,Fail
571595,1482,Fail
571601,60,Withdrawn
571610,1960,Withdrawn
571610,1960,Pass
571612,1177,Withdrawn
571612,1177,Withdrawn
571614,560,Pass
571620,1257,Pass
571622,2461,Pass
571630,588,Withdrawn
571638,1,Fail
571640,1203,Fail
571641,440,Distinction
571644,2940,Pass
571650,3281,Pass
571672,29,Fail
571681,1558,Pass
571686,1231,Pass
571693,475,Fail
571696,488,Pass
571702,10,Withdrawn
571702,10,Withdrawn
571710,9,Withdrawn
571711,125,Withdrawn
571716,1114,Fail
571757,28,Fail
571765,1808,Distinction
571765,1808,Pass
571768,227,Fail
571776,4462,Pass
571776,4462,Pass
571779,1175,Pass
571787,68,Fail
571789,625,Withdrawn
571800,3957,Pass
571802,867,Fail
571808,7951,Distinction
571808,7951,Pass
571815,550,Fail
571818,1090,Distinction
571828,4133,Pass
571831,1729,Pass
571833,1474,Pass
571844,2055,Withdrawn
571844,2055,Pass
571859,3409,Pass
571862,4952,Distinction
571868,43,Withdrawn
571871,903,Pass
571880,607,Pass
571883,327,Distinction
571885,681,Pass
571893,2058,Pass
571897,565,Pass
571907,473,Pass
571921,4695,Pass
571921,4695,Distinction
571926,6171,Pass
571927,85,Fail
571932,1,Withdrawn
571950,956,Withdrawn
571950,956,Withdrawn
571950,956,Withdrawn
571951,1909,Pass
571952,507,Fail
571954,344,Pass
571962,6321,Fail
571962,6321,Pass
571963,1021,Withdrawn
571963,1021,Pass
571973,2619,Fail
571992,1312,Withdrawn
571992,1312,Fail
572003,3512,Pass
572011,3610,Fail
572011,3610,Pass
572021,199,Fail
572024,1355,Pass
572032,1418,Pass
572036,4855,Pass
572036,4855,Pass
572043,39,Withdrawn
572043,39,Withdrawn
572047,2609,Fail
572051,317,Pass
572053,6355,Distinction
572060,2009,Pass
572067,1140,Pass
572071,570,Withdrawn
572071,570,Fail
572074,4720,Pass
572076,1921,Fail
572080,265,Fail
572087,460,Withdrawn
572098,1953,Pass
572101,1032,Pass
572103,1388,Pass
572106,33,Fail
572116,488,Fail
572119,361,Fail
572124,3809,Pass
572125,2646,Pass
572128,187,Withdrawn
572131,17,Fail
572134,230,Fail
572143,118,Withdrawn
572146,247,Fail
572149,990,Pass
572154,6590,Withdrawn
572154,6590,Withdrawn
572154,6590,Withdrawn
572154,6590,Pass
572156,2293,Pass
572163,343,Withdrawn
572168,2243,Withdrawn
572168,2243,Withdrawn
572173,11,Fail
572179,202,Withdrawn
572187,357,Fail
572199,118,Fail
572209,179,Withdrawn
572213,3197,Withdrawn
572213,3197,Distinction
572231,1843,Pass
572231,1843,Pass
572233,2362,Pass
572235,150,Withdrawn
572241,773,Withdrawn
572241,773,Fail
572249,20,Fail
572250,1683,Withdrawn
572250,1683,Pass
572265,1039,Withdrawn
572265,1039,Fail
572270,2560,Fail
572274,2835,Pass
572277,70,Fail
572279,728,Withdrawn
572279,728,Fail
572280,1223,Pass
572281,1794,Withdrawn
572281,1794,Pass
572290,201,Pass
572302,307,Withdrawn
572303,2571,Pass
572303,2571,Pass
572304,630,Fail
572306,237,Pass
572335,243,Fail
572338,1449,Pass
572339,371,Withdrawn
572346,59,Fail
572348,2756,Distinction
572367,1594,Fail
572371,341,Withdrawn
572382,1003,Fail
572382,1003,Pass
572388,938,Pass
572395,1232,Pass
572395,1232,Withdrawn
572396,4610,Distinction
572396,4610,Pass
572397,1952,Pass
572401,201,Fail
572403,10,Fail
572410,3331,Pass
572414,140,Withdrawn
572414,140,Withdrawn
572416,818,Pass
572430,267,Pass
572431,2443,Pass
572431,2443,Pass
572434,542,Pass
572436,616,Distinction
572438,2726,Pass
572447,74,Pass
572452,595,Fail
572457,2770,Pass
572460,714,Fail
572470,53,Fail
572471,812,Pass
572493,589,Fail
572495,427,Withdrawn
572496,1086,Pass
572504,547,Pass
572505,5196,Pass
572508,900,Pass
572514,462,Fail
572515,2244,Distinction
572532,827,Withdrawn
572537,3092,Distinction
572538,1103,Pass
572554,501,Withdrawn
572560,3098,Pass
572567,606,Withdrawn
572570,4690,Pass
572570,4690,Pass
572584,4391,Withdrawn
572584,4391,Pass
572588,2482,Withdrawn
572588,2482,Distinction
572589,973,Withdrawn
572589,973,Withdrawn
572599,2639,Withdrawn
572599,2639,Pass
572602,1312,Pass
572620,25,Withdrawn
572634,2015,Pass
572648,585,Fail
572652,780,Pass
572659,179,Withdrawn
572659,179,Withdrawn
572659,179,Withdrawn
572663,338,Pass
572688,1430,Pass
572697,713,Pass
572702,4351,Pass
572714,1063,Pass
572716,1791,Pass
572718,2571,Fail
572722,109,Withdrawn
572730,749,Pass
572733,525,Pass
572735,2861,Pass
572735,2861,Pass
572739,95,Withdrawn
572746,406,Withdrawn
572751,224,Fail
572752,254,Pass
572754,744,Withdrawn
572754,744,Pass
572765,351,Pass
572769,3986,Pass
572774,1987,Pass
572783,3184,Pass
572783,3184,Pass
572804,105,Withdrawn
572804,105,Withdrawn
572806,2032,Pass
572816,149,Withdrawn
572816,149,Withdrawn
572832,5256,Pass
572845,5109,Distinction
572854,6147,Distinction
572854,6147,Distinction
572860,7015,Pass
572870,2828,Distinction
572871,628,Withdrawn
572874,1860,Pass
572874,1860,Pass
572880,2919,Withdrawn
572880,2919,Fail
572891,2578,Pass
572891,2578,Pass
572898,639,Distinction
572909,77,Withdrawn
572909,77,Fail
572918,240,Fail
572919,798,Pass
572924,1556,Pass
572937,38,Fail
572944,700,Fail
572949,343,Withdrawn
572976,463,Pass
573007,705,Withdrawn
573007,705,Withdrawn
573043,932,Pass
573054,821,Pass
573063,690,Pass
573093,3885,Withdrawn
573093,3885,Pass
573108,989,Withdrawn
573126,972,Pass
573130,1334,Pass
573131,663,Fail
573134,448,Pass
573150,477,Fail
573152,3172,Pass
573153,1894,Withdrawn
573153,1894,Withdrawn
573153,1894,Pass
573159,849,Withdrawn
573159,849,Fail
573166,2152,Withdrawn
573166,2152,Pass
573173,4059,Pass
573197,193,Withdrawn
573199,602,Fail
573200,1503,Distinction
573208,152,Pass
573214,1268,Pass
573217,290,Fail
573223,22,Fail
573224,1790,Distinction
573225,243,Fail
573235,752,Withdrawn
573235,752,Fail
573245,902,Fail
573252,27,Withdrawn
573275,16,Fail
573280,643,Fail
573291,3168,Withdrawn
573291,3168,Withdrawn
573292,2977,Pass
573294,520,Fail
573297,1035,Pass
573317,669,Fail
573320,141,Fail
573323,213,Distinction
573328,334,Fail
573331,777,Pass
573336,2018,Pass
573377,3416,Pass
573377,3416,Pass
573411,547,Pass
573433,2280,Pass
573434,3553,Pass
573440,3000,Pass
573440,3000,Distinction
573441,276,Withdrawn
573453,1186,Pass
573460,458,Fail
573462,1155,Withdrawn
573462,1155,Fail
573464,775,Pass
573467,5058,Pass
573473,654,Withdrawn
573473,654,Pass
573481,111,Withdrawn
573481,111,Withdrawn
573481,111,Withdrawn
573487,32,Fail
573488,91,Pass
573496,154,Pass
573503,535,Withdrawn
573519,382,Distinction
573534,1140,Pass
573547,4,Withdrawn
573549,5389,Pass
573550,1102,Pass
573554,255,Withdrawn
573554,255,Pass
573558,4320,Pass
573558,4320,Pass
573578,814,Pass
573583,2388,Pass
573593,2073,Pass
573600,106,Withdrawn
573602,2215,Fail
573639,5051,Pass
573646,970,Withdrawn
573646,970,Fail
573654,1118,Pass
573662,2115,Withdrawn
573662,2115,Pass
573665,10,Withdrawn
573665,10,Withdrawn
573666,550,Pass
573674,300,Fail
573678,1422,Pass
573689,1581,Withdrawn
573689,1581,Pass
573694,39,Withdrawn
573696,998,Fail
573696,998,Fail
573697,2448,Withdrawn
573697,2448,Withdrawn
573697,2448,Withdrawn
573701,137,Fail
573701,137,Withdrawn
573704,2480,Pass
573712,766,Withdrawn
573713,2898,Pass
573742,971,Pass
573742,971,Pass
573766,1939,Fail
573777,391,Pass
573780,326,Pass
573790,764,Pass
573806,1130,Distinction
573821,558,Pass
573824,210,Withdrawn
573831,446,Pass
573834,154,Fail
573845,566,Pass
573851,458,Pass
573853,231,Pass
573858,1892,Pass
573860,755,Fail
573864,3422,Pass
573873,32,Fail
573893,662,Fail
573900,3565,Pass
573901,463,Fail
573920,1505,Withdrawn
573920,1505,Pass
573924,2410,Pass
573934,1201,Pass
573944,242,Withdrawn
573951,4010,Pass
573969,346,Pass
573986,169,Pass
574002,762,Fail
574028,4350,Pass
574029,35,Withdrawn
574031,3136,Pass
574035,780,Pass
574038,3019,Pass
574051,267,Fail
574056,2838,Withdrawn
574056,2838,Fail
574063,497,Pass
574065,145,Distinction
574068,218,Withdrawn
574070,4893,Pass
574078,2824,Pass
574088,1028,Pass
574098,1633,Pass
574099,439,Withdrawn
574101,158,Fail
574125,648,Pass
574181,31,Withdrawn
574190,370,Withdrawn
574194,883,Pass
574207,2822,Pass
574212,5235,Distinction
574221,1231,Distinction
574238,482,Pass
574244,590,Fail
574245,1181,Fail
574250,1524,Pass
574253,968,Distinction
574259,1581,Pass
574259,1581,Distinction
574282,607,Withdrawn
574283,3015,Fail
574283,3015,Pass
574310,3621,Distinction
574310,3621,Distinction
574315,11622,Distinction
574319,13,Withdrawn
574320,1914,Distinction
574325,1761,Fail
574330,535,Withdrawn
574347,195,Pass
574348,1929,Pass
574351,325,Fail
574382,205,Fail
574418,5983,Pass
574431,4864,Fail
574446,4789,Distinction
574470,761,Withdrawn
574498,2820,Pass
574504,37,Fail
574505,850,Pass
574507,1193,Withdrawn
574507,1193,Pass
574508,2927,Withdrawn
574508,2927,Pass
574512,1073,Pass
574512,1073,Distinction
574523,920,Withdrawn
574523,920,Withdrawn
574523,920,Pass
574527,6506,Fail
574529,985,Fail
574529,985,Fail
574534,5124,Pass
574549,324,Pass
574551,1735,Fail
574551,1735,Pass
574564,145,Withdrawn
574565,293,Fail
574569,279,Pass
574570,3030,Pass
574580,488,Fail
574580,488,Fail
574586,5659,Withdrawn
574586,5659,Pass
574590,3932,Pass
574590,3932,Pass
574605,220,Fail
574606,208,Withdrawn
574608,2530,Pass
574612,371,Fail
574623,586,Fail
574627,101,Withdrawn
574637,3891,Pass
574637,3891,Pass
574638,413,Withdrawn
574642,430,Withdrawn
574642,430,Withdrawn
574648,579,Distinction
574663,427,Withdrawn
574663,427,Withdrawn
574664,505,Fail
574670,1,Withdrawn
574671,2859,Pass
574681,1526,Pass
574683,266,Fail
574695,1075,Withdrawn
574695,1075,Withdrawn
574705,3295,Distinction
574705,3295,Distinction
574708,194,Fail
574720,1489,Pass
574720,1489,Pass
574722,4084,Pass
574730,6,Fail
574732,3733,Pass
574735,3487,Withdrawn
574743,812,Fail
574766,774,Fail
574783,17,Withdrawn
574815,884,Withdrawn
574815,884,Withdrawn
574817,752,Distinction
574819,1267,Fail
574820,132,Withdrawn
574830,2184,Withdrawn
574830,2184,Pass
574841,820,Pass
574842,728,Pass
574843,749,Withdrawn
574845,5115,Pass
574849,1107,Pass
574856,176,Fail
574857,858,Pass
574860,19,Withdrawn
574865,1463,Distinction
574866,564,Withdrawn
574866,564,Withdrawn
574871,130,Withdrawn
574873,3230,Pass
574874,15729,Distinction
574888,1,Fail
574891,45,Withdrawn
574895,1056,Distinction
574909,5651,Distinction
574919,2281,Withdrawn
574928,6929,Pass
574928,6929,Pass
574935,485,Withdrawn
574938,1812,Distinction
574944,57,Withdrawn
574948,402,Pass
574955,315,Fail
574957,48,Fail
574960,1046,Distinction
574973,1166,Pass
574983,1088,Pass
574988,1721,Pass
575000,73,Fail
575003,587,Withdrawn
575009,2159,Pass
575018,262,Pass
575019,26,Withdrawn
575039,7534,Fail
575039,7534,Pass
575047,3396,Fail
575047,3396,Pass
575061,557,Pass
575066,3678,Fail
575069,3280,Pass
575080,15,Withdrawn
575089,148,Fail
575100,159,Fail
575112,3501,Pass
575124,1057,Pass
575136,550,Fail
575162,621,Fail
575162,621,Pass
575166,4406,Withdrawn
575166,4406,Pass
575186,3008,Pass
575192,729,Pass
575199,748,Pass
575200,201,Withdrawn
575208,3,Withdrawn
575213,153,Withdrawn
575214,418,Pass
575217,1000,Pass
575241,2253,Pass
575251,83,Withdrawn
575258,2175,Withdrawn
575258,2175,Pass
575265,1555,Withdrawn
575265,1555,Pass
575281,86,Fail
575282,2805,Fail
575287,90,Withdrawn
575290,853,Pass
575302,7769,Pass
575318,88,Fail
575324,133,Fail
575336,3505,Pass
575337,279,Withdrawn
575337,279,Withdrawn
575343,502,Fail
575355,690,Pass
575365,57,Withdrawn
575372,4060,Pass
575376,1405,Pass
575380,2785,Pass
575385,566,Distinction
575387,4916,Pass
575398,1444,Withdrawn
575398,1444,Fail
575401,740,Distinction
575404,500,Fail
575411,1418,Pass
575419,1623,Withdrawn
575419,1623,Fail
575423,83,Withdrawn
575431,806,Pass
575454,76,Fail
575459,604,Withdrawn
575473,963,Pass
575476,664,Withdrawn
575480,18,Fail
575488,248,Distinction
575493,1818,Withdrawn
575512,2814,Pass
575520,2019,Withdrawn
575533,85,Withdrawn
575545,2225,Withdrawn
575545,2225,Pass
575553,6455,Withdrawn
575553,6455,Pass
575554,132,Pass
575559,686,Distinction
575560,565,Distinction
575566,124,Fail
575601,376,Withdrawn
575602,510,Pass
575603,661,Pass
575623,5562,Distinction
575630,956,Pass
575678,2094,Pass
575680,362,Pass
575681,2576,Pass
575685,258,Fail
575693,107,Withdrawn
575703,2464,Withdrawn
575703,2464,Pass
575709,521,Pass
575710,586,Withdrawn
575720,641,Distinction
575733,6775,Pass
575733,6775,Distinction
575745,4679,Pass
575745,4679,Pass
575762,1301,Pass
575763,1443,Withdrawn
575763,1443,Pass
575764,2027,Pass
575766,2213,Pass
575766,2213,Pass
575773,73,Withdrawn
575773,73,Fail
575777,1348,Pass
575792,300,Pass
575797,1770,Pass
575798,2055,Pass
575798,2055,Pass
575811,678,Withdrawn
575822,297,Fail
575824,3946,Pass
575855,1593,Withdrawn
575855,1593,Pass
575855,1593,Withdrawn
575875,388,Withdrawn
575892,142,Withdrawn
575919,105,Fail
575927,106,Withdrawn
575929,503,Fail
575930,673,Pass
575941,519,Withdrawn
575956,2811,Pass
575962,183,Fail
575967,1313,Distinction
575980,70,Withdrawn
575982,289,Fail
575983,279,Withdrawn
575984,152,Pass
575990,38,Withdrawn
575999,277,Withdrawn
575999,277,Fail
576031,4,Withdrawn
576036,671,Pass
576041,1474,Pass
576046,5,Withdrawn
576083,955,Pass
576088,317,Fail
576097,4617,Pass
576107,1448,Pass
576131,183,Withdrawn
576140,1247,Withdrawn
576141,22,Fail
576143,963,Pass
576158,495,Pass
576159,3002,Distinction
576191,819,Fail
576191,819,Fail
576202,61,Fail
576203,48,Fail
576205,5081,Pass
576226,131,Fail
576229,3457,Pass
576233,2908,Fail
576233,2908,Pass
576251,3110,Distinction
576251,3110,Distinction
576262,150,Withdrawn
576268,472,Pass
576281,218,Fail
576292,368,Fail
576301,9,Withdrawn
576306,1388,Pass
576314,896,Fail
576350,96,Fail
576368,1171,Fail
576371,357,Fail
576375,475,Withdrawn
576375,475,Pass
576383,4284,Distinction
576383,4284,Distinction
576390,146,Fail
576399,3551,Pass
576405,1437,Pass
576409,3,Withdrawn
576413,10891,Distinction
576413,10891,Distinction
576416,6,Withdrawn
576423,344,Fail
576423,344,Withdrawn
576425,362,Pass
576431,1419,Pass
576433,4715,Distinction
576433,4715,Distinction
576439,2730,Pass
576439,2730,Pass
576445,1740,Withdrawn
576445,1740,Pass
576447,25,Fail
576453,4368,Distinction
576453,4368,Distinction
576455,136,Fail
576466,202,Withdrawn
576475,3174,Pass
576481,1,Withdrawn
576483,559,Pass
576488,636,Pass
576492,286,Fail
576512,768,Fail
576515,3679,Pass
576516,3305,Fail
576516,3305,Pass
576518,3360,Pass
576524,457,Fail
576541,1829,Fail
576568,3888,Pass
576568,3888,Pass
576584,1048,Pass
576593,29,Fail
576600,838,Pass
576606,714,Withdrawn
576631,103,Fail
576654,944,Pass
576672,1275,Pass
576689,1115,Distinction
576704,5014,Pass
576714,304,Withdrawn
576738,1254,Distinction
576750,1721,Pass
576761,742,Pass
576765,585,Fail
576767,1331,Pass
576780,8238,Distinction
576780,8238,Distinction
576782,730,Fail
576789,6305,Pass
576791,6010,Pass
576791,6010,Distinction
576813,2369,Pass
576815,31,Fail
576827,180,Withdrawn
576834,57,Withdrawn
576841,799,Pass
576847,1470,Distinction
576856,598,Fail
576876,2481,Withdrawn
576876,2481,Distinction
576879,764,Fail
576882,418,Fail
576885,3223,Pass
576888,2942,Pass
576909,1224,Distinction
576913,310,Fail
576921,4547,Distinction
576923,1615,Pass
576935,1577,Fail
576940,7341,Pass
576946,932,Pass
576947,17,Fail
576948,465,Pass
576949,630,Pass
576962,1029,Fail
576972,265,Withdrawn
576981,269,Pass
576983,232,Withdrawn
576996,98,Withdrawn
577000,167,Pass
577007,17,Withdrawn
577032,914,Fail
577035,3317,Distinction
577035,3317,Distinction
577042,6290,Pass
577069,1380,Distinction
577096,1672,Distinction
577099,715,Pass
577126,482,Pass
577136,933,Pass
577142,1024,Withdrawn
577148,1591,Withdrawn
577148,1591,Fail
577149,4877,Withdrawn
577149,4877,Pass
577196,1894,Withdrawn
577196,1894,Pass
577200,122,Fail
577212,116,Fail
577222,4406,Distinction
577235,2458,Fail
577235,2458,Pass
577236,1586,Distinction
577239,10,Withdrawn
577245,6281,Fail
577245,6281,Pass
577256,341,Pass
577273,35,Fail
577275,590,Distinction
577279,3979,Distinction
577279,3979,Distinction
577280,713,Pass
577286,252,Pass
577304,174,Fail
577347,147,Fail
577354,256,Withdrawn
577359,6,Withdrawn
577376,738,Pass
577389,79,Fail
577396,1943,Withdrawn
577401,85,Withdrawn
577404,4398,Distinction
577414,1697,Pass
577414,1697,Pass
577427,1390,Withdrawn
577427,1390,Fail
577427,1390,Pass
577429,2539,Fail
577439,41,Fail
577454,30,Withdrawn
577456,10,Fail
577458,965,Fail
577460,4980,Withdrawn
577460,4980,Distinction
577464,2405,Pass
577467,1167,Distinction
577471,232,Withdrawn
577476,4147,Pass
577498,808,Fail
577502,2673,Pass
577520,750,Pass
577526,379,Pass
577527,462,Pass
577533,2647,Withdrawn
577533,2647,Pass
577551,1905,Withdrawn
577551,1905,Pass
577560,287,Fail
577562,2354,Pass
577566,1561,Pass
577566,1561,Pass
577570,456,Withdrawn
577603,25,Withdrawn
577603,25,Withdrawn
577603,25,Withdrawn
577605,1392,Pass
577607,1171,Fail
577618,814,Pass
577638,456,Withdrawn
577638,456,Pass
577640,961,Withdrawn
577645,2415,Distinction
577648,575,Fail
577652,2815,Withdrawn
577652,2815,Pass
577659,117,Withdrawn
577676,609,Pass
577679,11,Withdrawn
577680,1355,Pass
577686,2300,Fail
577686,2300,Pass
577692,113,Fail
577695,6,Withdrawn
577721,67,Withdrawn
577728,140,Fail
577735,3167,Pass
577736,42,Withdrawn
577743,1008,Pass
577751,757,Pass
577763,3091,Pass
577764,8101,Distinction
577780,1233,Pass
577784,1270,Pass
577792,639,Distinction
577797,896,Withdrawn
577820,932,Pass
577824,145,Distinction
577827,67,Fail
577867,1108,Pass
577887,130,Withdrawn
577888,1281,Distinction
577905,7,Withdrawn
577905,7,Fail
577914,1320,Distinction
577915,326,Pass
577922,1996,Distinction
577934,70,Withdrawn
577934,70,Withdrawn
577937,974,Pass
577949,21,Fail
577954,1699,Withdrawn
577959,2200,Distinction
577965,1372,Withdrawn
577965,1372,Distinction
577977,268,Withdrawn
577977,268,Withdrawn
577980,553,Pass
577995,2984,Distinction
577999,3636,Distinction
578000,1399,Fail
578000,1399,Pass
578003,118,Fail
578022,146,Fail
578026,2689,Withdrawn
578026,2689,Fail
578030,490,Distinction
578031,817,Distinction
578034,4557,Withdrawn
578034,4557,Pass
578050,2293,Pass
578056,751,Fail
578057,104,Fail
578062,10,Fail
578109,593,Distinction
578117,194,Fail
578132,1809,Pass
578140,900,Pass
578150,447,Withdrawn
578152,3444,Withdrawn
578152,3444,Pass
578189,2533,Pass
578197,615,Pass
578199,3393,Pass
578207,585,Distinction
578208,456,Withdrawn
578258,141,Withdrawn
578258,141,Fail
578264,10,Withdrawn
578276,76,Fail
578281,6647,Distinction
578282,286,Fail
578303,1128,Pass
578362,287,Fail
578375,846,Pass
578378,300,Withdrawn
578389,217,Pass
578395,1220,Pass
578418,408,Withdrawn
578427,894,Withdrawn
578427,894,Fail
578438,1784,Pass
578439,73,Pass
578447,132,Pass
578450,1249,Fail
578450,1249,Fail
578452,577,Pass
578469,1999,Pass
578472,280,Fail
578492,1854,Pass
578495,188,Withdrawn
578497,8719,Distinction
578519,2911,Pass
578541,2691,Withdrawn
578541,2691,Fail
578544,21,Withdrawn
578546,979,Pass
578547,338,Fail
578550,1291,Withdrawn
578551,2762,Pass
578555,25,Fail
578561,787,Fail
578573,179,Withdrawn
578574,988,Pass
578578,480,Pass
578595,984,Fail
578599,1272,Withdrawn
578600,1344,Pass
578616,487,Pass
578623,448,Withdrawn
578634,1260,Withdrawn
578634,1260,Pass
578644,3134,Pass
578646,853,Pass
578654,1427,Fail
578655,4967,Pass
578666,1061,Fail
578676,240,Fail
578697,1589,Pass
578710,1001,Pass
578717,471,Pass
578725,1241,Fail
578736,878,Pass
578739,3,Withdrawn
578744,2829,Pass
578754,855,Pass
578764,4924,Pass
578781,10,Fail
578797,572,Distinction
578815,1077,Pass
578815,1077,Pass
578820,2059,Withdrawn
578820,2059,Pass
578823,1551,Withdrawn
578823,1551,Withdrawn
578823,1551,Pass
578845,267,Fail
578847,3653,Distinction
578850,1585,Pass
578850,1585,Pass
578854,323,Withdrawn
578857,348,Pass
578861,2842,Pass
578906,630,Distinction
578940,3891,Pass
578943,3537,Pass
578953,9,Withdrawn
578956,900,Pass
578958,3359,Pass
578958,3359,Pass
578977,56,Fail
579011,1584,Pass
579015,393,Pass
579017,440,Pass
579020,502,Pass
579027,523,Fail
579027,523,Fail
579038,4643,Pass
579046,18,Withdrawn
579052,2470,Withdrawn
579052,2470,Pass
579064,1619,Withdrawn
579069,955,Withdrawn
579081,3838,Distinction
579086,544,Pass
579105,3408,Distinction
579112,253,Fail
579115,127,Fail
579125,470,Pass
579130,1948,Pass
579134,1448,Pass
579151,2152,Pass
579161,137,Pass
579164,475,Pass
579172,2635,Fail
579176,6735,Withdrawn
579176,6735,Pass
579178,185,Withdrawn
579199,26,Fail
579201,613,Withdrawn
579201,613,Pass
579203,528,Pass
579206,406,Fail
579221,986,Withdrawn
579251,172,Fail
579255,479,Withdrawn
579255,479,Withdrawn
579257,2760,Pass
579259,67,Withdrawn
579278,1858,Withdrawn
579278,1858,Pass
579279,582,Pass
579283,3514,Withdrawn
579283,3514,Distinction
579303,252,Withdrawn
579307,8,Withdrawn
579309,49,Fail
579316,109,Pass
579321,1,Withdrawn
579321,1,Withdrawn
579325,1735,Withdrawn
579325,1735,Pass
579340,1392,Withdrawn
579340,1392,Distinction
579343,9223,Pass
579343,9223,Distinction
579354,1902,Withdrawn
579362,321,Withdrawn
579367,2569,Pass
579372,1078,Withdrawn
579372,1078,Fail
579376,2095,Pass
579381,1067,Distinction
579386,920,Pass
579409,330,Pass
579415,179,Fail
579416,503,Fail
579470,663,Fail
579482,973,Fail
579486,60,Withdrawn
579486,60,Fail
579499,5,Withdrawn
579506,1578,Pass
579526,3787,Pass
579528,554,Pass
579537,208,Pass
579549,364,Pass
579550,950,Pass
579557,4910,Distinction
579567,2471,Pass
579571,810,Pass
579572,703,Pass
579575,210,Pass
579583,5231,Pass
579614,3382,Pass
579619,2719,Pass
579660,2119,Pass
579661,888,Pass
579685,3602,Fail
579686,3154,Pass
579692,945,Pass
579711,776,Pass
579717,1632,Pass
579718,37,Fail
579720,587,Fail
579723,2247,Pass
579737,2337,Pass
579762,522,Pass
580094,2259,Pass
580314,6,Fail
580317,2970,Distinction
580328,135,Withdrawn
580342,3941,Pass
580342,3941,Pass
580346,12969,Pass
580360,139,Pass
580372,436,Fail
580380,1986,Pass
580384,1870,Distinction
580389,1271,Pass
580393,889,Pass
580412,114,Withdrawn
580415,3455,Distinction
580425,2199,Withdrawn
580441,168,Fail
580450,350,Fail
580458,2626,Pass
580459,3397,Pass
580468,1512,Pass
580469,326,Fail
580477,1754,Withdrawn
580477,1754,Withdrawn
580484,856,Fail
580497,76,Withdrawn
580511,549,Withdrawn
580516,1225,Pass
580525,1113,Distinction
580533,10,Withdrawn
580534,504,Fail
580534,504,Fail
580540,427,Pass
580555,2113,Pass
580592,328,Withdrawn
580612,1554,Pass
580642,1602,Pass
580646,606,Distinction
580657,3556,Withdrawn
580657,3556,Pass
580669,7,Fail
580684,318,Fail
580688,2380,Distinction
580689,1416,Withdrawn
580689,1416,Withdrawn
580689,1416,Fail
580702,787,Pass
580706,485,Withdrawn
580709,1110,Withdrawn
580709,1110,Pass
580714,1984,Pass
580714,1984,Distinction
580719,2457,Distinction
580722,343,Withdrawn
580722,343,Withdrawn
580743,4410,Pass
580768,160,Withdrawn
580771,23,Withdrawn
580774,382,Fail
580779,7086,Pass
580779,7086,Pass
580798,3908,Pass
580798,3908,Pass
580824,173,Withdrawn
580834,8108,Distinction
580838,49,Withdrawn
580842,7492,Distinction
580845,5252,Pass
580845,5252,Pass
580860,993,Distinction
580867,2291,Pass
580870,433,Pass
580880,1548,Pass
580883,2401,Pass
580912,458,Pass
580916,2827,Pass
580916,2827,Pass
580925,338,Fail
580926,373,Fail
580960,1203,Pass
580970,1072,Pass
580975,251,Fail
581003,21,Fail
581011,1139,Withdrawn
581016,1606,Withdrawn
581016,1606,Pass
581027,91,Fail
581034,10088,Pass
581038,719,Fail
581062,587,Distinction
581063,712,Distinction
581065,734,Withdrawn
581065,734,Withdrawn
581082,3816,Pass
581118,1527,Pass
581118,1527,Distinction
581123,1781,Withdrawn
581123,1781,Pass
581123,1781,Pass
581129,194,Fail
581135,10898,Pass
581138,1969,Fail
581139,269,Pass
581178,643,Pass
581178,643,Pass
581179,3383,Pass
581179,3383,Pass
581200,364,Pass
581219,1779,Withdrawn
581219,1779,Fail
581222,443,Pass
581234,1856,Pass
581235,1377,Withdrawn
581235,1377,Pass
581238,1780,Pass
581239,492,Pass
581247,4655,Pass
581253,14946,Fail
581253,14946,Pass
581257,1401,Pass
581261,1953,Pass
581269,1110,Pass
581288,332,Withdrawn
581305,371,Fail
581307,1330,Fail
581316,992,Pass
581320,144,Withdrawn
581328,40,Withdrawn
581332,2309,Pass
581340,2553,Distinction
581341,157,Withdrawn
581342,882,Fail
581353,1050,Pass
581410,3521,Withdrawn
581410,3521,Pass
581412,644,Fail
581414,174,Pass
581431,326,Fail
581438,1419,Distinction
581439,121,Fail
581459,174,Fail
581485,777,Pass
581486,1693,Pass
581490,6727,Pass
581510,196,Fail
581520,3621,Fail
581523,4073,Pass
581530,81,Pass
581532,7346,Pass
581533,705,Pass
581552,3022,Pass
581552,3022,Distinction
581563,327,Withdrawn
581574,3160,Pass
581584,62,Withdrawn
581586,371,Pass
581593,2139,Pass
581598,4482,Pass
581606,206,Withdrawn
581611,1218,Pass
581614,2665,Pass
581614,2665,Pass
581616,4157,Fail
581625,305,Fail
581648,1087,Withdrawn
581648,1087,Distinction
581652,992,Distinction
581656,4042,Pass
581656,4042,Pass
581657,432,Pass
581659,8332,Distinction
581676,4900,Fail
581676,4900,Pass
581697,990,Pass
581700,119,Fail
581708,1465,Withdrawn
581708,1465,Pass
581716,1109,Pass
581716,1109,Withdrawn
581744,1526,Withdrawn
581744,1526,Pass
581755,61,Fail
581769,4057,Pass
581770,2407,Withdrawn
581770,2407,Pass
581772,9,Withdrawn
581779,3001,Pass
581787,3174,Pass
581796,1425,Pass
581806,458,Pass
581810,1943,Pass
581818,123,Withdrawn
581826,202,Withdrawn
581836,5182,Distinction
581838,1540,Pass
581851,5763,Pass
581866,1515,Pass
581877,708,Pass
581887,3368,Pass
581889,658,Fail
581909,84,Fail
581914,970,Withdrawn
581914,970,Pass
581922,3949,Pass
581956,1733,Distinction
581957,173,Fail
581965,1949,Distinction
582003,609,Withdrawn
582005,105,Withdrawn
582009,867,Pass
582026,117,Fail
582034,1249,Withdrawn
582039,53,Fail
582040,140,Pass
582063,5357,Pass
582080,188,Fail
582087,12732,Fail
582087,12732,Pass
582093,31,Fail
582094,3397,Withdrawn
582094,3397,Pass
582108,3349,Fail
582108,3349,Pass
582117,2188,Pass
582123,169,Pass
582125,1595,Pass
582141,20,Fail
582154,72,Withdrawn
582160,683,Fail
582170,7,Withdrawn
582184,289,Withdrawn
582190,521,Fail
582197,756,Pass
582218,44,Fail
582226,1076,Pass
582227,370,Fail
582235,3857,Pass
582243,148,Withdrawn
582250,1213,Distinction
582251,216,Withdrawn
582253,1689,Pass
582266,719,Fail
582275,339,Fail
582282,589,Withdrawn
582283,1400,Pass
582288,2,Withdrawn
582301,336,Fail
582302,421,Fail
582305,1477,Pass
582309,40,Withdrawn
582311,236,Fail
582320,3522,Pass
582320,3522,Pass
582332,4592,Distinction
582333,843,Distinction
582348,200,Fail
582364,4433,Pass
582373,864,Withdrawn
582390,471,Pass
582392,9623,Pass
582394,1697,Pass
582395,231,Withdrawn
582406,118,Pass
582416,1322,Pass
582420,624,Pass
582439,5,Fail
582446,990,Pass
582452,824,Pass
582460,2184,Pass
582460,2184,Pass
582464,1273,Pass
582474,1738,Pass
582479,1179,Pass
582486,562,Fail
582494,4954,Pass
582510,2659,Pass
582514,948,Withdrawn
582514,948,Pass
582530,665,Fail
582530,665,Fail
582536,957,Distinction
582550,2963,Pass
582553,1326,Fail
582554,1545,Fail
582562,6301,Pass
582568,226,Fail
582574,1224,Pass
582578,511,Pass
582591,2569,Fail
582608,718,Pass
582629,285,Withdrawn
582629,285,Fail
582636,242,Pass
582649,639,Fail
582650,795,Pass
582651,315,Withdrawn
582653,1086,Pass
582665,3,Withdrawn
582670,1228,Fail
582677,1539,Pass
582694,392,Withdrawn
582697,296,Pass
582705,6136,Pass
582709,1022,Pass
582709,1022,Distinction
582723,4322,Withdrawn
582723,4322,Withdrawn
582723,4322,Pass
582742,501,Fail
582749,117,Withdrawn
582768,101,Fail
582790,3116,Pass
582806,16,Withdrawn
582816,52,Fail
582827,1321,Withdrawn
582827,1321,Pass
582833,87,Fail
582848,565,Withdrawn
582878,306,Pass
582879,3852,Pass
582879,3852,Pass
582898,1299,Pass
582913,1544,Distinction
582920,7,Fail
582931,814,Fail
582933,234,Withdrawn
582940,361,Pass
582950,6170,Distinction
582950,6170,Distinction
582954,5,Fail
582958,1355,Distinction
582963,6,Withdrawn
582964,2498,Pass
582975,539,Pass
582983,8,Withdrawn
582992,124,Withdrawn
583007,1,Fail
583012,217,Pass
583031,604,Pass
583032,5008,Pass
583032,5008,Distinction
583037,955,Withdrawn
583039,843,Pass
583051,483,Withdrawn
583051,483,Withdrawn
583052,3525,Pass
583052,3525,Pass
583053,1758,Pass
583056,2445,Withdrawn
583056,2445,Fail
583070,377,Fail
583092,171,Withdrawn
583098,454,Fail
583101,139,Fail
583102,253,Fail
583113,550,Fail
583121,2,Fail
583128,547,Withdrawn
583131,1738,Pass
583138,909,Withdrawn
583142,384,Withdrawn
583146,808,Pass
583147,230,Withdrawn
583147,230,Withdrawn
583148,324,Pass
583149,541,Fail
583170,930,Distinction
583179,48,Withdrawn
583179,48,Withdrawn
583186,686,Fail
583191,330,Pass
583192,3648,Pass
583192,3648,Pass
583198,1197,Pass
583202,4448,Pass
583215,571,Withdrawn
583232,4356,Pass
583236,1030,Fail
583238,2915,Withdrawn
583238,2915,Distinction
583240,441,Fail
583247,269,Fail
583255,226,Withdrawn
583276,410,Withdrawn
583286,5413,Pass
583288,643,Withdrawn
583288,643,Withdrawn
583293,2885,Distinction
583293,2885,Pass
583301,2,Fail
583318,1203,Pass
583335,338,Fail
583367,25,Fail
583381,2946,Pass
583423,497,Pass
583433,3567,Pass
583438,59,Withdrawn
583459,413,Pass
583473,617,Pass
583487,19461,Pass
583502,82,Fail
583514,1470,Pass
583526,4818,Pass
583532,2027,Pass
583534,49,Fail
583540,744,Pass
583570,11,Fail
583580,144,Fail
583591,6,Withdrawn
583598,196,Fail
583599,280,Fail
583604,13,Withdrawn
583606,1159,Fail
583607,610,Pass
583609,1256,Pass
583623,364,Distinction
583625,162,Pass
583645,1154,Pass
583664,775,Distinction
583686,37,Withdrawn
583687,1,Fail
583704,1407,Pass
583708,345,Pass
583713,1571,Pass
583714,1217,Pass
583719,2157,Distinction
583721,347,Pass
583730,810,Fail
583741,2465,Pass
583775,1615,Pass
583775,1615,Withdrawn
583775,1615,Pass
583824,4164,Pass
583827,153,Fail
583833,34,Withdrawn
583839,631,Fail
583843,1752,Distinction
583855,2571,Pass
583867,3221,Pass
583871,1524,Pass
583873,1412,Pass
583906,2393,Distinction
583933,879,Fail
583946,1950,Pass
583950,382,Fail
583954,422,Pass
583955,2949,Pass
583964,285,Pass
583966,170,Fail
583968,2179,Distinction
583970,499,Distinction
583973,584,Pass
583977,178,Fail
583993,3533,Fail
583993,3533,Fail
584038,354,Withdrawn
584040,782,Fail
584042,993,Pass
584077,697,Withdrawn
584077,697,Withdrawn
584077,697,Withdrawn
584077,697,Withdrawn
584077,697,Withdrawn
584078,544,Fail
584082,303,Withdrawn
584082,303,Fail
584089,24,Withdrawn
584099,447,Pass
584111,4529,Pass
584115,6,Withdrawn
584132,512,Pass
584143,2009,Distinction
584178,306,Pass
584183,1051,Pass
584184,2536,Pass
584191,7271,Pass
584191,7271,Pass
584195,457,Pass
584210,1704,Fail
584210,1704,Withdrawn
584214,4121,Distinction
584225,218,Fail
584238,83,Fail
584281,488,Fail
584299,927,Pass
584315,751,Fail
584325,1021,Withdrawn
584362,19,Withdrawn
584362,19,Withdrawn
584386,4297,Fail
584386,4297,Pass
584408,119,Fail
584414,3079,Withdrawn
584414,3079,Pass
584433,1091,Pass
584442,133,Fail
584443,3836,Withdrawn
584443,3836,Distinction
584444,11,Withdrawn
584446,2099,Pass
584446,2099,Pass
584448,738,Pass
584455,197,Withdrawn
584468,5490,Withdrawn
584468,5490,Pass
584495,877,Pass
584500,769,Pass
584509,3785,Pass
584509,3785,Distinction
584514,420,Withdrawn
584514,420,Fail
584515,4810,Pass
584517,33,Withdrawn
584539,2901,Pass
584546,5437,Pass
584550,2472,Pass
584553,1834,Withdrawn
584553,1834,Pass
584567,300,Fail
584571,603,Fail
584580,107,Pass
584586,228,Withdrawn
584586,228,Fail
584591,835,Withdrawn
584591,835,Withdrawn
584594,536,Fail
584594,536,Withdrawn
584601,6607,Pass
584611,133,Fail
584615,21,Withdrawn
584628,98,Withdrawn
584632,10,Fail
584640,1098,Pass
584660,682,Pass
584673,1711,Withdrawn
584673,1711,Fail
584687,48,Fail
584698,344,Fail
584710,1336,Pass
584711,170,Withdrawn
584712,51,Fail
584718,2748,Fail
584733,2907,Distinction
584733,2907,Pass
584735,142,Withdrawn
584749,78,Withdrawn
584749,78,Withdrawn
584762,428,Withdrawn
584762,428,Withdrawn
584766,979,Pass
584771,4634,Withdrawn
584771,4634,Pass
584771,4634,Pass
584792,207,Withdrawn
584806,1719,Fail
584813,374,Pass
584827,663,Pass
584836,11,Withdrawn
584842,1498,Pass
584843,77,Withdrawn
584844,735,Fail
584864,2983,Pass
584884,951,Withdrawn
584908,195,Pass
584913,181,Withdrawn
584913,181,Withdrawn
584914,261,Pass
584918,752,Fail
584923,243,Withdrawn
584926,923,Pass
584932,10,Fail
584940,2451,Pass
584942,686,Pass
584943,1546,Pass
584969,964,Distinction
584981,1243,Pass
584990,173,Fail
585011,1536,Withdrawn
585011,1536,Pass
585021,25,Withdrawn
585025,131,Fail
585033,2253,Pass
585041,386,Pass
585048,768,Pass
585050,5024,Withdrawn
585057,411,Pass
585058,194,Pass
585074,21,Fail
585074,21,Fail
585093,11629,Distinction
585093,11629,Distinction
585098,2379,Pass
585098,2379,Pass
585114,655,Pass
585128,379,Fail
585134,1534,Pass
585134,1534,Pass
585141,309,Pass
585145,972,Pass
585147,1133,Pass
585149,570,Withdrawn
585150,375,Pass
585153,1921,Pass
585154,2275,Pass
585156,144,Fail
585162,1950,Pass
585166,1367,Pass
585170,593,Pass
585199,516,Pass
585200,512,Distinction
585201,375,Pass
585208,1074,Withdrawn
585210,255,Fail
585212,429,Pass
585222,1527,Fail
585222,1527,Pass
585224,3903,Pass
585230,1820,Fail
585236,155,Pass
585261,6671,Pass
585279,4639,Distinction
585284,2312,Pass
585290,121,Withdrawn
585301,985,Fail
585301,985,Withdrawn
585305,1146,Pass
585326,2729,Pass
585354,228,Pass
585359,1850,Pass
585359,1850,Fail
585372,305,Withdrawn
585383,3017,Pass
585383,3017,Distinction
585393,15356,Distinction
585393,15356,Distinction
585397,5429,Pass
585397,5429,Distinction
585406,217,Pass
585409,75,Fail
585422,2329,Withdrawn
585422,2329,Pass
585432,1224,Pass
585433,2837,Withdrawn
585433,2837,Withdrawn
585433,2837,Pass
585445,845,Fail
585449,2638,Fail
585454,3872,Withdrawn
585454,3872,Distinction
585455,4471,Pass
585455,4471,Distinction
585457,58,Fail
585464,2402,Withdrawn
585464,2402,Pass
585466,4909,Distinction
585471,4054,Distinction
585484,67,Fail
585503,7285,Distinction
585518,980,Pass
585525,93,Withdrawn
585526,696,Withdrawn
585526,696,Pass
585547,1310,Pass
585572,2791,Fail
585574,1949,Pass
585577,480,Pass
585579,61,Withdrawn
585603,384,Pass
585608,422,Pass
585611,680,Pass
585613,675,Pass
585615,2665,Fail
585626,5471,Pass
585643,964,Withdrawn
585643,964,Pass
585644,111,Pass
585652,136,Pass
585659,3177,Pass
585662,1887,Withdrawn
585662,1887,Pass
585668,431,Pass
585681,1210,Withdrawn
585681,1210,Withdrawn
585693,11619,Pass
585695,2135,Distinction
585695,2135,Pass
585702,394,Pass
585709,4519,Pass
585724,1717,Withdrawn
585724,1717,Fail
585727,77,Fail
585731,4238,Pass
585762,472,Pass
585764,99,Withdrawn
585768,188,Pass
585769,7014,Withdrawn
585769,7014,Withdrawn
585769,7014,Withdrawn
585769,7014,Withdrawn
585773,4162,Pass
585779,1188,Pass
585801,136,Fail
585812,1145,Fail
585816,101,Fail
585825,2982,Withdrawn
585825,2982,Withdrawn
585830,2306,Distinction
585832,1355,Pass
585837,2052,Pass
585841,148,Fail
585847,1967,Distinction
585852,2520,Pass
585900,315,Fail
585915,1,Fail
585921,10016,Distinction
585942,794,Fail
585958,2505,Pass
585963,630,Fail
585963,630,Withdrawn
585965,298,Fail
585998,1253,Withdrawn
585998,1253,Fail
586011,71,Withdrawn
586022,793,Fail
586034,2918,Distinction
586036,1226,Pass
586046,1298,Fail
586046,1298,Pass
586047,5261,Fail
586047,5261,Pass
586054,80,Fail
586060,472,Fail
586060,472,Fail
586072,160,Fail
586078,119,Pass
586080,840,Fail
586083,266,Fail
586086,920,Pass
586088,7753,Pass
586111,41,Fail
586113,1288,Fail
586120,57,Fail
586121,600,Pass
586128,2531,Pass
586132,764,Withdrawn
586132,764,Fail
586134,572,Pass
586137,1605,Pass
586142,4413,Distinction
586145,303,Fail
586158,444,Fail
586165,166,Fail
586180,396,Pass
586196,301,Pass
586224,625,Fail
586227,442,Withdrawn
586233,2211,Withdrawn
586233,2211,Pass
586236,1400,Pass
586243,1301,Distinction
586246,793,Fail
586251,95,Withdrawn
586257,1465,Pass
586259,576,Fail
586261,7070,Pass
586261,7070,Distinction
586281,3245,Withdrawn
586282,214,Withdrawn
586287,494,Pass
586315,1390,Pass
586324,1239,Distinction
586337,1005,Pass
586346,2386,Pass
586347,2134,Pass
586351,72,Withdrawn
586367,215,Fail
586369,342,Withdrawn
586370,72,Fail
586371,652,Pass
586376,1468,Pass
586398,14,Withdrawn
586407,122,Withdrawn
586416,1034,Pass
586423,420,Pass
586428,2919,Pass
586436,59,Fail
586440,314,Pass
586444,638,Withdrawn
586446,1866,Pass
586468,6711,Pass
586470,934,Fail
586473,1784,Fail
586473,1784,Fail
586474,1075,Pass
586476,2040,Withdrawn
586476,2040,Pass
586476,2040,Pass
586477,3006,Pass
586483,3633,Pass
586490,76,Fail
586493,608,Pass
586494,604,Distinction
586497,4694,Distinction
586497,4694,Pass
586502,1390,Pass
586502,1390,Pass
586506,426,Fail
586510,25,Withdrawn
586516,5155,Withdrawn
586516,5155,Distinction
586518,3989,Pass
586524,26,Withdrawn
586526,1445,Withdrawn
586526,1445,Withdrawn
586526,1445,Pass
586535,1579,Pass
586537,295,Withdrawn
586543,199,Withdrawn
586543,199,Fail
586550,224,Withdrawn
586550,224,Pass
586561,184,Withdrawn
586563,49,Fail
586581,584,Pass
586592,2410,Pass
586594,11488,Pass
586594,11488,Distinction
586598,370,Pass
586609,416,Withdrawn
586620,3,Withdrawn
586621,2048,Pass
586625,1136,Fail
586639,613,Pass
586642,2178,Pass
586652,633,Pass
586660,524,Pass
586668,7521,Pass
586668,7521,Pass
586689,901,Pass
586705,3897,Distinction
586707,78,Withdrawn
586712,1917,Pass
586716,1888,Withdrawn
586716,1888,Pass
586719,3136,Pass
586720,59,Fail
586729,623,Pass
586742,332,Pass
586750,6216,Fail
586750,6216,Pass
586753,873,Fail
586758,3266,Pass
586762,6479,Pass
586762,6479,Pass
586781,7546,Distinction
586781,7546,Distinction
586784,3378,Pass
586787,354,Pass
586800,4244,Distinction
586808,6043,Pass
586808,6043,Pass
586811,250,Fail
586814,6,Withdrawn
586818,838,Fail
586818,838,Pass
586823,33,Withdrawn
586836,108,Fail
586838,4176,Pass
586838,4176,Pass
586843,1055,Pass
586851,1326,Withdrawn
586855,2187,Pass
586876,873,Pass
586882,20,Fail
586891,3071,Pass
586906,3070,Withdrawn
586906,3070,Pass
586912,1696,Pass
586914,511,Pass
586917,4401,Pass
586921,3416,Withdrawn
586921,3416,Withdrawn
586921,3416,Pass
586925,823,Fail
586928,254,Fail
586935,2085,Pass
586946,1107,Withdrawn
586946,1107,Pass
586957,2366,Withdrawn
586957,2366,Pass
586961,2,Withdrawn
586962,3124,Withdrawn
586962,3124,Pass
586974,160,Fail
586979,446,Fail
586981,1709,Fail
586995,1270,Pass
586996,5257,Distinction
587002,1551,Pass
587004,805,Pass
587006,85,Fail
587008,3755,Pass
587008,3755,Pass
587014,182,Fail
587037,100,Withdrawn
587051,130,Fail
587054,1910,Pass
587071,4,Fail
587082,169,Fail
587099,22,Withdrawn
587122,1739,Withdrawn
587122,1739,Withdrawn
587122,1739,Withdrawn
587122,1739,Fail
587126,4713,Distinction
587140,4758,Pass
587150,742,Withdrawn
587161,1651,Pass
587178,2948,Pass
587179,31,Withdrawn
587179,31,Withdrawn
587181,237,Pass
587183,828,Pass
587192,838,Pass
587194,92,Fail
587195,1752,Withdrawn
587195,1752,Withdrawn
587195,1752,Withdrawn
587219,694,Withdrawn
587223,2105,Distinction
587244,1606,Fail
587275,502,Fail
587283,89,Fail
587285,45,Withdrawn
587286,3229,Distinction
587287,134,Fail
587294,6305,Pass
587297,1996,Pass
587308,16,Fail
587310,48,Withdrawn
587310,48,Withdrawn
587319,947,Pass
587323,582,Pass
587324,844,Withdrawn
587330,653,Distinction
587334,2981,Pass
587346,1771,Pass
587362,975,Distinction
587369,1626,Fail
587374,319,Withdrawn
587375,1325,Pass
587377,307,Fail
587382,499,Fail
587391,1483,Distinction
587403,79,Withdrawn
587409,151,Pass
587418,911,Pass
587423,2534,Distinction
587434,153,Withdrawn
587435,1585,Fail
587446,1152,Pass
587451,3361,Pass
587456,3732,Pass
587459,1645,Pass
587462,486,Fail
587478,59,Fail
587506,473,Pass
587509,815,Fail
587509,815,Fail
587523,445,Pass
587524,1292,Distinction
587529,1637,Pass
587538,273,Distinction
587547,1919,Withdrawn
587547,1919,Pass
587550,295,Withdrawn
587555,257,Pass
587564,725,Pass
587571,8868,Distinction
587576,1310,Withdrawn
587576,1310,Withdrawn
587576,1310,Pass
587579,2169,Pass
587585,34,Fail
587594,2218,Pass
587600,2369,Pass
587611,2149,Pass
587613,68,Fail
587616,1270,Pass
587619,6741,Distinction
587621,2938,Withdrawn
587621,2938,Fail
587621,2938,Fail
587633,64,Fail
587641,1130,Fail
587641,1130,Pass
587654,920,Withdrawn
587677,2293,Withdrawn
587682,716,Pass
587685,4058,Pass
587690,1747,Pass
587696,984,Fail
587702,1599,Pass
587706,581,Fail
587714,1476,Distinction
587722,308,Distinction
587732,652,Pass
587754,210,Pass
587755,186,Pass
587772,44,Withdrawn
587777,20,Fail
587780,1790,Pass
587783,6563,Pass
587783,6563,Distinction
587793,2114,Withdrawn
587793,2114,Distinction
587810,1427,Pass
587824,231,Fail
587838,572,Withdrawn
587848,4736,Pass
587852,801,Distinction
587859,829,Withdrawn
587860,123,Pass
587862,998,Pass
587868,1848,Fail
587881,2585,Fail
587881,2585,Withdrawn
587884,686,Withdrawn
587884,686,Withdrawn
587906,8755,Pass
587906,8755,Distinction
587909,892,Pass
587911,3844,Pass
587911,3844,Distinction
587912,61,Withdrawn
587923,432,Pass
587961,708,Fail
587975,388,Distinction
587976,499,Withdrawn
587985,301,Distinction
587989,5634,Pass
587997,367,Pass
588008,255,Pass
588013,390,Withdrawn
588014,1426,Distinction
588031,177,Pass
588033,1133,Withdrawn
588033,1133,Pass
588039,219,Pass
588052,610,Fail
588058,573,Withdrawn
588058,573,Withdrawn
588059,111,Withdrawn
588059,111,Withdrawn
588062,158,Withdrawn
588078,249,Pass
588086,635,Pass
588100,773,Pass
588105,818,Pass
588106,11,Fail
588107,426,Withdrawn
588117,1231,Distinction
588125,3834,Withdrawn
588125,3834,Pass
588128,2189,Fail
588128,2189,Pass
588131,2241,Pass
588132,4189,Pass
588133,72,Fail
588138,1195,Pass
588145,4018,Pass
588146,2162,Fail
588156,2195,Pass
588166,179,Withdrawn
588170,847,Withdrawn
588175,897,Withdrawn
588175,897,Withdrawn
588178,4477,Withdrawn
588178,4477,Pass
588179,254,Pass
588182,936,Fail
588197,515,Withdrawn
588198,1287,Pass
588203,1546,Pass
588207,405,Fail
588208,1845,Pass
588219,1348,Fail
588219,1348,Pass
588231,2603,Pass
588233,940,Distinction
588236,4997,Pass
588240,1884,Pass
588251,619,Fail
588261,8263,Withdrawn
588261,8263,Pass
588265,518,Pass
588274,13824,Distinction
588274,13824,Distinction
588280,3349,Distinction
588289,666,Distinction
588293,1629,Pass
588302,1577,Pass
588314,216,Pass
588321,238,Withdrawn
588352,2249,Pass
588355,534,Pass
588363,248,Pass
588367,377,Pass
588382,852,Pass
588391,551,Pass
588397,634,Fail
588402,2853,Fail
588402,2853,Pass
588411,516,Pass
588430,1563,Pass
588430,1563,Pass
588432,103,Fail
588436,456,Fail
588442,1060,Pass
588445,44,Withdrawn
588459,196,Fail
588460,3426,Withdrawn
588460,3426,Fail
588464,228,Withdrawn
588469,20,Fail
588473,1224,Distinction
588474,2178,Pass
588477,5183,Pass
588482,3109,Pass
588482,3109,Distinction
588484,185,Pass
588485,1,Withdrawn
588489,207,Fail
588493,2491,Fail
588493,2491,Pass
588495,4,Withdrawn
588502,1491,Pass
588505,586,Pass
588522,562,Pass
588524,2078,Pass
588524,2078,Distinction
588528,44,Withdrawn
588537,324,Withdrawn
588540,9486,Distinction
588556,764,Fail
588556,764,Pass
588560,952,Withdrawn
588560,952,Fail
588566,1902,Fail
588566,1902,Pass
588583,6,Fail
588590,260,Fail
588592,151,Withdrawn
588597,607,Fail
588628,9805,Distinction
588628,9805,Pass
588642,475,Pass
588672,2720,Pass
588676,4692,Pass
588676,4692,Pass
588685,95,Withdrawn
588685,95,Fail
588691,3,Withdrawn
588706,10,Withdrawn
588707,3749,Distinction
588707,3749,Distinction
588710,1242,Withdrawn
588710,1242,Pass
588713,9,Fail
588749,216,Withdrawn
588752,818,Fail
588765,7221,Pass
588765,7221,Pass
588775,7067,Pass
588781,469,Pass
588796,5,Withdrawn
588824,2862,Withdrawn
588824,2862,Pass
588835,881,Pass
588842,1969,Pass
588846,563,Fail
588850,1301,Pass
588883,1196,Distinction
588884,947,Withdrawn
588910,907,Pass
588913,2376,Withdrawn
588914,539,Fail
588925,357,Fail
588940,224,Fail
588942,686,Fail
588944,1450,Pass
588944,1450,Pass
588954,29,Withdrawn
588956,284,Pass
588963,3,Fail
588971,1663,Pass
588974,46,Withdrawn
588991,37,Fail
589001,3,Withdrawn
589003,4679,Pass
589007,63,Withdrawn
589009,237,Pass
589014,2611,Pass
589016,2049,Pass
589018,463,Withdrawn
589018,463,Withdrawn
589019,1467,Pass
589023,390,Withdrawn
589023,390,Withdrawn
589029,2396,Pass
589033,2649,Pass
589048,532,Fail
589053,566,Pass
589055,799,Fail
589067,514,Pass
589080,6556,Distinction
589099,488,Fail
589123,1008,Pass
589126,721,Distinction
589133,865,Pass
589147,304,Pass
589154,33,Withdrawn
589162,4885,Pass
589171,224,Fail
589178,2,Fail
589198,297,Fail
589211,1847,Pass
589212,53,Withdrawn
589216,32,Withdrawn
589220,3221,Pass
589223,1018,Withdrawn
589223,1018,Pass
589260,2215,Pass
589263,1182,Pass
589267,50,Withdrawn
589279,1002,Pass
589295,1961,Pass
589296,6099,Pass
589302,949,Pass
589303,3769,Pass
589326,4036,Distinction
589327,2456,Withdrawn
589327,2456,Withdrawn
589327,2456,Pass
589332,6017,Pass
589333,512,Pass
589377,439,Distinction
589380,2353,Distinction
589389,1179,Pass
589390,1642,Pass
589395,344,Pass
589409,6733,Distinction
589411,2057,Distinction
589438,805,Pass
589441,2716,Withdrawn
589441,2716,Withdrawn
589441,2716,Withdrawn
589444,481,Distinction
589445,56,Withdrawn
589445,56,Withdrawn
589449,5997,Distinction
589454,4577,Pass
589458,2581,Pass
589463,6195,Pass
589469,396,Withdrawn
589471,271,Withdrawn
589474,841,Fail
589490,383,Fail
589493,346,Pass
589503,798,Pass
589506,548,Fail
589507,551,Pass
589508,1650,Distinction
589509,349,Pass
589517,1090,Withdrawn
589517,1090,Withdrawn
589523,2372,Fail
589525,1535,Distinction
589531,312,Pass
589548,3392,Pass
589554,705,Pass
589555,16,Withdrawn
589557,758,Pass
589558,416,Pass
589559,2937,Pass
589562,723,Distinction
589565,12256,Distinction
589565,12256,Distinction
589569,639,Withdrawn
589569,639,Withdrawn
589578,4189,Pass
589582,650,Withdrawn
589583,9472,Distinction
589584,347,Fail
589585,1114,Pass
589587,2011,Pass
589594,579,Withdrawn
589605,4749,Pass
589621,1836,Pass
589634,1212,Distinction
589690,666,Pass
589691,55,Fail
589702,497,Pass
589707,1047,Fail
589722,266,Withdrawn
589722,266,Withdrawn
589723,1274,Withdrawn
589723,1274,Pass
589734,749,Fail
589744,260,Pass
589748,573,Pass
589749,26,Fail
589768,1,Withdrawn
589778,1038,Pass
589782,4327,Distinction
589782,4327,Pass
589798,858,Withdrawn
589798,858,Withdrawn
589799,194,Fail
589828,2707,Pass
589828,2707,Withdrawn
589828,2707,Pass
589843,190,Fail
589845,59,Fail
589856,2488,Withdrawn
589856,2488,Fail
589860,3906,Pass
589862,812,Pass
589875,1117,Pass
589894,1705,Withdrawn
589894,1705,Pass
589902,3783,Pass
589903,500,Pass
589914,793,Pass
589919,137,Fail
589932,495,Fail
589935,79,Withdrawn
589948,2392,Pass
589950,267,Pass
589956,2698,Distinction
589956,2698,Pass
589963,900,Withdrawn
589963,900,Pass
589968,72,Withdrawn
589973,173,Fail
589990,557,Pass
589997,382,Distinction
590017,964,Distinction
590018,4946,Pass
590028,43,Withdrawn
590034,476,Pass
590046,817,Distinction
590072,21,Fail
590072,21,Fail
590086,589,Pass
590107,87,Withdrawn
590110,373,Withdrawn
590120,3886,Pass
590122,599,Pass
590127,678,Pass
590128,100,Fail
590147,206,Fail
590177,19,Withdrawn
590184,71,Fail
590188,1153,Fail
590189,1474,Fail
590202,2938,Pass
590213,323,Fail
590215,1075,Pass
590226,3928,Pass
590227,860,Withdrawn
590231,763,Pass
590241,4365,Pass
590248,297,Withdrawn
590251,8,Fail
590289,1949,Fail
590305,39,Withdrawn
590308,114,Fail
590325,383,Pass
590328,2164,Pass
590340,3352,Distinction
590353,600,Pass
590360,64,Fail
590362,387,Pass
590365,334,Fail
590370,452,Fail
590372,990,Pass
590392,826,Pass
590397,3467,Pass
590397,3467,Pass
590402,234,Fail
590403,192,Fail
590408,533,Fail
590410,783,Withdrawn
590416,442,Fail
590420,53,Fail
590436,13,Withdrawn
590443,3689,Pass
590444,446,Withdrawn
590445,360,Pass
590461,1048,Fail
590462,1559,Withdrawn
590462,1559,Withdrawn
590482,1620,Pass
590499,1819,Fail
590502,614,Fail
590504,29,Fail
590508,4774,Pass
590519,220,Fail
590540,333,Distinction
590541,3189,Withdrawn
590541,3189,Distinction
590543,844,Withdrawn
590543,844,Fail
590548,2360,Withdrawn
590548,2360,Withdrawn
590562,628,Pass
590590,351,Withdrawn
590593,2376,Withdrawn
590593,2376,Pass
590604,5,Fail
590616,418,Fail
590625,873,Pass
590626,4231,Withdrawn
590626,4231,Pass
590632,8,Withdrawn
590662,364,Fail
590667,436,Distinction
590668,962,Withdrawn
590668,962,Pass
590676,2557,Pass
590676,2557,Pass
590680,787,Pass
590699,411,Withdrawn
590699,411,Withdrawn
590701,4142,Distinction
590707,1758,Distinction
590711,1026,Pass
590714,2,Fail
590739,17,Fail
590744,3343,Withdrawn
590744,3343,Pass
590749,1019,Withdrawn
590753,78,Fail
590758,11,Fail
590762,673,Fail
590762,673,Fail
590764,693,Withdrawn
590764,693,Distinction
590789,1489,Pass
590811,476,Withdrawn
590812,405,Withdrawn
590812,405,Fail
590818,283,Fail
590824,3857,Pass
590828,236,Withdrawn
590835,18,Fail
590836,392,Pass
590837,1412,Pass
590849,3970,Pass
590854,1258,Distinction
590864,491,Pass
590867,178,Fail
590867,178,Withdrawn
590870,190,Fail
590877,1573,Fail
590877,1573,Pass
590881,45,Withdrawn
590881,45,Withdrawn
590882,1789,Pass
590886,1334,Withdrawn
590886,1334,Withdrawn
590886,1334,Pass
590898,3,Withdrawn
590907,6591,Pass
590914,679,Fail
590918,319,Fail
590920,2206,Withdrawn
590920,2206,Pass
590921,1454,Fail
590923,44,Fail
590931,566,Pass
590951,58,Fail
590961,930,Withdrawn
590961,930,Withdrawn
590970,2808,Pass
590974,412,Withdrawn
590974,412,Fail
590980,9062,Pass
590989,1097,Pass
590994,446,Distinction
591008,269,Withdrawn
591015,29,Withdrawn
591021,2241,Distinction
591030,178,Pass
591034,177,Fail
591055,3298,Pass
591071,927,Pass
591078,2060,Pass
591083,3999,Fail
591094,593,Withdrawn
591111,1085,Fail
591132,84,Fail
591159,363,Withdrawn
591163,687,Withdrawn
591165,818,Fail
591179,879,Distinction
591193,3733,Pass
591198,549,Distinction
591202,480,Pass
591210,1090,Pass
591216,12,Withdrawn
591219,1736,Pass
591223,5747,Pass
591225,453,Distinction
591230,3930,Pass
591230,3930,Pass
591243,558,Pass
591255,57,Fail
591257,957,Fail
591273,407,Pass
591299,916,Distinction
591318,1354,Withdrawn
591321,269,Pass
591343,1216,Pass
591375,3050,Distinction
591375,3050,Distinction
591388,5102,Distinction
591388,5102,Distinction
591394,5431,Pass
591398,1696,Withdrawn
591398,1696,Distinction
591403,6816,Distinction
591409,449,Pass
591410,128,Fail
591411,16,Withdrawn
591412,460,Fail
591414,818,Pass
591420,522,Pass
591424,1229,Withdrawn
591440,38,Fail
591448,1732,Pass
591501,780,Distinction
591516,606,Fail
591518,493,Distinction
591523,4707,Pass
591525,3255,Pass
591540,686,Pass
591547,859,Fail
591549,1023,Pass
591550,1631,Fail
591558,1169,Pass
591563,893,Pass
591566,2301,Withdrawn
591566,2301,Pass
591574,890,Pass
591581,5315,Fail
591581,5315,Pass
591588,1075,Pass
591589,946,Pass
591591,299,Fail
591593,728,Withdrawn
591593,728,Pass
591602,322,Pass
591613,1546,Withdrawn
591619,280,Withdrawn
591619,280,Withdrawn
591648,261,Withdrawn
591648,261,Withdrawn
591650,217,Withdrawn
591654,44,Fail
591655,1444,Withdrawn
591655,1444,Fail
591655,1444,Withdrawn
591655,1444,Fail
591661,76,Withdrawn
591671,94,Fail
591685,1116,Pass
591692,684,Fail
591694,294,Fail
591695,4328,Pass
591719,865,Withdrawn
591719,865,Withdrawn
591721,46,Withdrawn
591725,1,Fail
591733,510,Withdrawn
591735,2342,Fail
591738,617,Withdrawn
591743,103,Fail
591746,1141,Withdrawn
591755,422,Pass
591761,940,Pass
591765,3405,Pass
591774,605,Pass
591785,256,Fail
591787,185,Pass
591804,624,Distinction
591814,166,Pass
591819,28,Fail
591820,912,Pass
591837,294,Pass
591845,34,Withdrawn
591849,288,Fail
591852,469,Withdrawn
591852,469,Withdrawn
591852,469,Withdrawn
591859,1020,Fail
591869,5074,Withdrawn
591869,5074,Pass
591872,7024,Pass
591873,572,Pass
591891,2902,Pass
591891,2902,Pass
591893,381,Fail
591895,3,Withdrawn
591940,6067,Pass
591942,5676,Pass
591944,835,Fail
591946,3158,Withdrawn
591946,3158,Pass
591958,3792,Distinction
591958,3792,Distinction
591975,4229,Fail
591978,583,Fail
591980,31,Fail
591986,241,Withdrawn
591986,241,Withdrawn
591995,1822,Pass
591999,471,Withdrawn
592001,422,Fail
592002,1098,Fail
592003,1162,Pass
592007,4794,Fail
592007,4794,Pass
592014,2831,Pass
592043,80,Fail
592047,5084,Pass
592051,10808,Withdrawn
592051,10808,Pass
592051,10808,Pass
592056,682,Pass
592059,530,Pass
592081,552,Fail
592092,3631,Pass
592093,2426,Withdrawn
592093,2426,Pass
592093,2426,Pass
592124,1,Withdrawn
592127,651,Pass
592135,2974,Pass
592139,1453,Distinction
592142,667,Fail
592147,957,Pass
592151,687,Pass
592158,360,Withdrawn
592168,6018,Pass
592172,340,Fail
592189,805,Pass
592190,501,Pass
592193,384,Distinction
592203,3538,Distinction
592205,250,Pass
592206,1566,Fail
592214,8669,Pass
592218,3276,Pass
592220,248,Fail
592221,394,Pass
592233,82,Withdrawn
592245,1362,Distinction
592248,627,Distinction
592250,668,Pass
592252,783,Pass
592256,156,Fail
592258,2274,Pass
592259,2841,Withdrawn
592259,2841,Withdrawn
592259,2841,Pass
592262,192,Withdrawn
592272,586,Pass
592284,95,Withdrawn
592284,95,Fail
592287,200,Pass
592290,420,Pass
592295,2083,Pass
592310,2126,Distinction
592315,1189,Pass
592317,534,Pass
592322,1938,Pass
592338,3184,Pass
592338,3184,Pass
592344,97,Withdrawn
592361,764,Distinction
592370,4343,Pass
592372,1898,Fail
592372,1898,Pass
592373,2049,Distinction
592382,2999,Pass
592407,97,Withdrawn
592422,1167,Fail
592437,1333,Withdrawn
592437,1333,Withdrawn
592441,581,Pass
592444,45,Withdrawn
592448,4,Fail
592450,5955,Withdrawn
592451,432,Pass
592465,918,Pass
592471,1090,Distinction
592476,896,Pass
592480,507,Pass
592494,5803,Pass
592494,5803,Pass
592496,2881,Pass
592538,3894,Withdrawn
592550,407,Fail
592558,5571,Pass
592577,3274,Pass
592581,245,Withdrawn
592593,563,Pass
592602,189,Withdrawn
592607,876,Withdrawn
592609,3593,Withdrawn
592609,3593,Distinction
592616,887,Pass
592618,915,Pass
592624,97,Pass
592625,1503,Pass
592625,1503,Distinction
592631,5432,Distinction
592632,1828,Fail
592634,9010,Fail
592640,4578,Distinction
592657,1052,Withdrawn
592657,1052,Withdrawn
592660,274,Pass
592661,1101,Pass
592666,1968,Pass
592669,26,Withdrawn
592689,3301,Pass
592709,403,Fail
592725,162,Pass
592731,3549,Withdrawn
592733,825,Pass
592737,658,Pass
592749,447,Fail
592763,2313,Pass
592766,4341,Pass
592772,717,Pass
592775,1563,Pass
592776,2383,Pass
592781,4744,Pass
592787,2178,Withdrawn
592787,2178,Pass
592789,4114,Pass
592791,695,Fail
592805,3,Withdrawn
592810,3767,Fail
592815,773,Withdrawn
592815,773,Withdrawn
592842,640,Fail
592842,640,Fail
592843,2315,Distinction
592854,336,Pass
592856,1215,Pass
592876,37,Withdrawn
592880,44,Fail
592882,613,Pass
592895,1016,Distinction
592899,378,Fail
592900,938,Pass
592924,2741,Pass
592939,2975,Withdrawn
592939,2975,Withdrawn
592939,2975,Withdrawn
592939,2975,Pass
592949,178,Withdrawn
592950,3392,Withdrawn
592950,3392,Pass
592951,92,Withdrawn
592951,92,Withdrawn
592961,8166,Distinction
592961,8166,Distinction
592972,147,Withdrawn
592976,4975,Distinction
592997,4778,Fail
592997,4778,Pass
593000,127,Pass
593010,106,Fail
593013,2,Fail
593017,215,Pass
593022,6940,Pass
593022,6940,Distinction
593023,225,Pass
593038,1132,Pass
593071,215,Withdrawn
593081,147,Pass
593099,1035,Withdrawn
593099,1035,Distinction
593103,2349,Pass
593103,2349,Pass
593104,332,Withdrawn
593121,251,Pass
593123,1397,Fail
593123,1397,Fail
593127,1043,Distinction
593136,3999,Pass
593139,2132,Fail
593157,362,Withdrawn
593189,33,Fail
593206,816,Withdrawn
593206,816,Withdrawn
593220,117,Withdrawn
593246,240,Pass
593272,5314,Distinction
593281,83,Withdrawn
593299,234,Fail
593303,341,Fail
593305,2178,Pass
593320,5955,Pass
593338,707,Pass
593345,495,Fail
593345,495,Withdrawn
593346,1199,Pass
593348,83,Withdrawn
593362,291,Withdrawn
593373,333,Pass
593385,654,Pass
593400,415,Fail
593421,554,Pass
593427,966,Pass
593431,74,Fail
593438,118,Fail
593440,20,Withdrawn
593441,301,Withdrawn
593443,237,Withdrawn
593444,862,Pass
593459,1774,Pass
593475,385,Withdrawn
593476,754,Pass
593487,965,Pass
593492,1276,Pass
593510,267,Pass
593513,172,Pass
593514,282,Fail
593532,30,Withdrawn
593534,1268,Pass
593535,922,Fail
593540,2625,Pass
593546,543,Pass
593556,124,Fail
593563,3234,Withdrawn
593563,3234,Pass
593569,228,Fail
593583,86,Withdrawn
593585,1530,Pass
593587,1071,Pass
593593,233,Pass
593594,285,Withdrawn
593607,813,Withdrawn
593607,813,Pass
593613,264,Fail
593617,267,Withdrawn
593617,267,Withdrawn
593631,977,Pass
593654,1674,Pass
593657,4321,Distinction
593657,4321,Distinction
593658,323,Pass
593670,38,Fail
593671,6,Fail
593681,1701,Pass
593685,196,Pass
593692,1029,Pass
593694,16440,Pass
593695,291,Pass
593707,545,Withdrawn
593709,210,Fail
593711,107,Pass
593712,546,Pass
593715,347,Pass
593722,2914,Fail
593727,2403,Pass
593733,2906,Distinction
593734,902,Pass
593743,973,Pass
593755,3472,Pass
593780,218,Fail
593785,2062,Pass
593787,877,Fail
593787,877,Fail
593791,32,Withdrawn
593793,313,Withdrawn
593796,10988,Distinction
593798,507,Pass
593819,398,Withdrawn
593819,398,Pass
593823,11328,Distinction
593823,11328,Pass
593840,245,Fail
593842,889,Distinction
593845,129,Fail
593846,934,Withdrawn
593858,867,Pass
593871,1130,Pass
593875,1320,Distinction
593896,1757,Pass
593898,1587,Pass
593900,518,Pass
593903,1271,Fail
593903,1271,Pass
593904,1398,Fail
593924,13382,Distinction
593930,33,Withdrawn
593953,9879,Pass
593954,750,Pass
593965,1041,Distinction
593970,1364,Fail
593972,1188,Pass
593973,2611,Pass
593976,697,Pass
593987,1667,Fail
593995,2312,Distinction
594011,1142,Pass
594015,442,Pass
594033,1525,Pass
594038,127,Fail
594043,957,Withdrawn
594044,6099,Pass
594044,6099,Pass
594048,729,Pass
594052,400,Withdrawn
594052,400,Withdrawn
594052,400,Pass
594056,1107,Pass
594061,3662,Distinction
594065,3112,Distinction
594071,837,Pass
594076,935,Withdrawn
594078,1196,Pass
594081,401,Withdrawn
594083,1186,Pass
594086,479,Fail
594111,694,Withdrawn
594111,694,Pass
594119,5214,Pass
594122,3733,Withdrawn
594122,3733,Pass
594131,949,Pass
594136,10002,Distinction
594139,2912,Pass
594157,8020,Pass
594157,8020,Pass
594161,1304,Pass
594162,5312,Pass
594164,5217,Withdrawn
594164,5217,Withdrawn
594167,843,Distinction
594184,388,Fail
594185,56,Fail
594188,657,Pass
594193,415,Fail
594193,415,Fail
594196,351,Pass
594199,4604,Withdrawn
594199,4604,Pass
594201,1802,Pass
594205,2231,Pass
594208,1,Withdrawn
594214,374,Withdrawn
594229,3707,Pass
594233,144,Fail
594246,1401,Fail
594246,1401,Fail
594250,5960,Pass
594258,1171,Withdrawn
594258,1171,Fail
594280,936,Fail
594282,1289,Distinction
594291,1292,Fail
594319,7464,Withdrawn
594319,7464,Pass
594326,2821,Withdrawn
594326,2821,Pass
594326,2821,Pass
594329,271,Fail
594342,1120,Fail
594359,29,Fail
594360,1404,Fail
594371,1143,Pass
594374,2129,Fail
594376,825,Withdrawn
594395,1458,Withdrawn
594399,1563,Withdrawn
594399,1563,Pass
594404,2180,Fail
594406,5423,Fail
594406,5423,Fail
594407,677,Withdrawn
594407,677,Fail
594414,472,Withdrawn
594417,356,Pass
594419,1545,Withdrawn
594419,1545,Pass
594419,1545,Pass
594431,1867,Pass
594450,87,Fail
594452,412,Fail
594454,95,Fail
594456,556,Pass
594468,1067,Pass
594470,413,Fail
594497,85,Fail
594505,1691,Pass
594506,4073,Pass
594507,2566,Pass
594510,99,Withdrawn
594517,768,Pass
594529,871,Distinction
594546,8229,Distinction
594547,4202,Pass
594554,781,Distinction
594558,5946,Distinction
594576,4086,Pass
594578,175,Fail
594596,5842,Pass
594602,410,Fail
594615,671,Withdrawn
594615,671,Fail
594625,280,Pass
594627,36,Withdrawn
594629,4923,Pass
594636,9150,Withdrawn
594636,9150,Pass
594643,401,Fail
594677,769,Pass
594684,1948,Distinction
594693,618,Distinction
594697,26,Fail
594723,399,Distinction
594745,471,Distinction
594755,190,Withdrawn
594762,671,Pass
594771,303,Distinction
594774,18,Withdrawn
594774,18,Fail
594776,1127,Pass
594800,3675,Fail
594812,190,Withdrawn
594814,7026,Pass
594815,1197,Withdrawn
594823,1042,Fail
594834,1019,Pass
594845,270,Fail
594851,54,Fail
594851,54,Fail
594855,2486,Pass
594864,957,Fail
594869,1123,Fail
594872,999,Pass
594880,149,Withdrawn
594894,1543,Pass
594901,443,Fail
594908,75,Fail
594909,3129,Pass
594909,3129,Pass
594910,536,Fail
594925,2787,Pass
594928,1022,Pass
594933,163,Withdrawn
594943,785,Pass
594950,1502,Distinction
594956,2233,Withdrawn
594963,2948,Pass
594976,1091,Pass
594996,134,Withdrawn
595008,412,Withdrawn
595010,81,Fail
595023,1309,Fail
595041,1,Withdrawn
595047,1125,Withdrawn
595047,1125,Pass
595079,285,Pass
595094,162,Fail
595095,4,Withdrawn
595100,1264,Withdrawn
595100,1264,Pass
595102,472,Pass
595103,813,Pass
595106,5671,Distinction
595106,5671,Distinction
595119,358,Withdrawn
595130,372,Pass
595137,119,Fail
595138,389,Pass
595150,1329,Fail
595164,2116,Pass
595164,2116,Pass
595182,5379,Pass
595182,5379,Distinction
595185,1016,Pass
595186,1820,Fail
595189,10214,Distinction
595189,10214,Distinction
595193,1598,Pass
595215,1994,Pass
595230,6664,Pass
595232,217,Withdrawn
595234,5,Withdrawn
595235,1624,Fail
595241,155,Fail
595244,2776,Pass
595246,568,Withdrawn
595246,568,Withdrawn
595256,464,Pass
595262,1420,Withdrawn
595295,294,Pass
595298,95,Fail
595305,1631,Pass
595310,2424,Pass
595319,2086,Distinction
595330,3867,Pass
595335,2367,Distinction
595342,696,Withdrawn
595343,298,Pass
595345,742,Pass
595354,3804,Pass
595356,711,Withdrawn
595356,711,Withdrawn
595362,4,Withdrawn
595365,2021,Pass
595365,2021,Pass
595373,408,Fail
595381,5521,Pass
595386,3415,Pass
595396,651,Withdrawn
595396,651,Withdrawn
595401,2172,Pass
595421,509,Pass
595428,2703,Withdrawn
595428,2703,Fail
595434,2037,Distinction
595436,510,Pass
595440,925,Distinction
595474,1331,Distinction
595477,4008,Fail
595483,583,Fail
595492,1498,Fail
595492,1498,Pass
595495,9850,Pass
595495,9850,Pass
595496,372,Pass
595499,115,Fail
595501,8,Fail
595509,41,Fail
595514,6588,Withdrawn
595514,6588,Pass
595515,93,Fail
595535,32,Fail
595553,4764,Withdrawn
595553,4764,Pass
595570,1051,Fail
595572,996,Pass
595593,3083,Fail
595594,59,Withdrawn
595601,1024,Fail
595649,961,Pass
595655,2338,Withdrawn
595655,2338,Pass
595659,1112,Pass
595659,1112,Pass
595672,457,Fail
595673,4,Withdrawn
595676,1737,Withdrawn
595676,1737,Fail
595678,262,Pass
595685,683,Withdrawn
595685,683,Pass
595686,1595,Pass
595687,1350,Pass
595711,42,Fail
595720,628,Withdrawn
595721,2260,Pass
595723,84,Fail
595735,5180,Pass
595741,405,Fail
595746,14506,Withdrawn
595746,14506,Distinction
595752,4805,Distinction
595769,4628,Pass
595773,806,Withdrawn
595781,3147,Fail
595781,3147,Pass
595787,519,Withdrawn
595791,3,Withdrawn
595797,1383,Pass
595808,571,Fail
595818,897,Pass
595840,8241,Distinction
595842,3222,Pass
595847,2045,Pass
595847,2045,Distinction
595854,478,Pass
595868,5338,Pass
595874,265,Pass
595876,747,Pass
595877,1,Fail
595883,767,Fail
595892,595,Pass
595894,51,Withdrawn
595895,205,Withdrawn
595895,205,Fail
595908,590,Distinction
595915,328,Withdrawn
595925,613,Pass
595927,2285,Distinction
595935,4013,Withdrawn
595935,4013,Pass
595938,3544,Withdrawn
595938,3544,Pass
595940,644,Fail
595941,838,Pass
595943,3888,Pass
595963,227,Withdrawn
595977,732,Pass
595978,2987,Withdrawn
595978,2987,Fail
595986,1566,Pass
595986,1566,Pass
595988,1151,Withdrawn
595988,1151,Pass
595990,237,Withdrawn
595992,2095,Withdrawn
595992,2095,Pass
596002,1425,Withdrawn
596016,181,Fail
596017,1037,Pass
596027,4115,Pass
596029,336,Withdrawn
596029,336,Fail
596035,786,Withdrawn
596041,63,Withdrawn
596049,114,Withdrawn
596052,517,Withdrawn
596052,517,Withdrawn
596071,586,Pass
596072,8,Withdrawn
596075,277,Pass
596089,963,Pass
596091,423,Pass
596093,821,Pass
596100,68,Withdrawn
596104,637,Fail
596107,264,Pass
596108,301,Pass
596112,52,Withdrawn
596114,2788,Pass
596125,800,Fail
596128,1159,Fail
596137,269,Withdrawn
596143,408,Distinction
596144,297,Pass
596146,1000,Withdrawn
596147,3975,Pass
596151,149,Fail
596157,6206,Pass
596171,494,Distinction
596203,882,Withdrawn
596204,1197,Fail
596208,532,Pass
596214,147,Fail
596221,429,Pass
596231,236,Withdrawn
596242,399,Pass
596243,3715,Withdrawn
596243,3715,Pass
596253,3471,Pass
596255,182,Fail
596266,150,Fail
596270,1243,Pass
596275,98,Withdrawn
596288,375,Pass
596292,486,Withdrawn
596296,295,Fail
596301,243,Distinction
596305,716,Distinction
596306,1115,Fail
596307,52,Fail
596319,1144,Pass
596321,896,Withdrawn
596321,896,Withdrawn
596322,2947,Pass
596326,1198,Withdrawn
596332,2954,Pass
596347,753,Pass
596358,556,Pass
596359,472,Pass
596360,172,Fail
596361,4612,Distinction
596368,3094,Pass
596369,470,Withdrawn
596372,822,Pass
596376,677,Pass
596382,170,Fail
596390,143,Pass
596404,29,Fail
596406,1373,Fail
596417,793,Pass
596420,334,Withdrawn
596432,1407,Withdrawn
596432,1407,Withdrawn
596439,1309,Pass
596441,758,Withdrawn
596441,758,Pass
596451,3925,Pass
596464,200,Withdrawn
596465,1510,Pass
596480,164,Withdrawn
596482,4069,Pass
596490,3590,Pass
596496,42,Withdrawn
596513,4264,Pass
596513,4264,Pass
596521,831,Fail
596526,875,Pass
596527,817,Pass
596533,775,Pass
596535,606,Pass
596542,90,Fail
596570,580,Pass
596588,326,Pass
596589,1032,Fail
596593,3553,Pass
596596,800,Fail
596601,4021,Withdrawn
596601,4021,Pass
596614,1505,Withdrawn
596614,1505,Withdrawn
596618,16,Fail
596620,1559,Withdrawn
596620,1559,Withdrawn
596620,1559,Withdrawn
596620,1559,Withdrawn
596624,399,Fail
596629,39,Fail
596636,323,Pass
596641,30,Withdrawn
596646,1392,Pass
596663,487,Withdrawn
596676,963,Withdrawn
596677,43,Fail
596687,2232,Distinction
596691,56,Fail
596694,533,Pass
596697,1012,Pass
596699,868,Withdrawn
596699,868,Fail
596711,1236,Pass
596728,699,Pass
596731,2667,Pass
596731,2667,Pass
596739,901,Withdrawn
596751,1670,Distinction
596754,2301,Withdrawn
596756,3187,Pass
596758,3395,Pass
596759,2055,Pass
596789,1141,Withdrawn
596789,1141,Pass
596801,803,Pass
596805,202,Withdrawn
596812,1590,Withdrawn
596812,1590,Pass
596814,7,Fail
596824,612,Pass
596828,4168,Pass
596829,570,Withdrawn
596845,2741,Pass
596845,2741,Pass
596846,2621,Pass
596846,2621,Distinction
596847,166,Distinction
596849,107,Fail
596855,325,Withdrawn
596855,325,Withdrawn
596858,2418,Withdrawn
596860,3943,Withdrawn
596860,3943,Pass
596892,171,Fail
596897,238,Pass
596903,965,Pass
596906,92,Fail
596931,739,Withdrawn
596931,739,Fail
596938,2073,Pass
596943,564,Pass
596947,1213,Fail
596947,1213,Pass
596953,1019,Withdrawn
596961,526,Fail
596964,585,Pass
596981,2658,Fail
596981,2658,Pass
596982,3337,Pass
596988,912,Withdrawn
596988,912,Pass
597010,341,Pass
597023,8,Withdrawn
597033,27,Fail
597037,158,Fail
597045,630,Pass
597050,1532,Distinction
597052,4625,Pass
597058,798,Distinction
597060,1081,Distinction
597074,248,Fail
597078,275,Fail
597097,326,Pass
597098,195,Fail
597102,490,Distinction
597114,1707,Distinction
597142,31,Fail
597152,184,Fail
597166,499,Withdrawn
597166,499,Withdrawn
597178,170,Withdrawn
597181,1,Fail
597181,1,Fail
597199,4897,Pass
597204,3765,Pass
597206,1355,Pass
597212,129,Withdrawn
597234,4743,Pass
597235,755,Fail
597238,5065,Withdrawn
597241,2683,Distinction
597242,683,Withdrawn
597243,428,Pass
597252,650,Withdrawn
597253,801,Distinction
597255,436,Withdrawn
597286,370,Distinction
597293,3360,Pass
597299,781,Pass
597301,651,Pass
597316,1548,Pass
597319,926,Withdrawn
597319,926,Pass
597321,68,Withdrawn
597321,68,Fail
597333,864,Pass
597335,788,Pass
597356,819,Withdrawn
597359,1847,Withdrawn
597360,602,Distinction
597363,1486,Withdrawn
597363,1486,Pass
597365,16379,Pass
597365,16379,Pass
597376,823,Pass
597378,1011,Withdrawn
597386,352,Withdrawn
597391,1,Withdrawn
597402,9,Withdrawn
597403,1467,Pass
597403,1467,Pass
597415,228,Fail
597426,501,Fail
597428,2115,Pass
597433,1712,Pass
597433,1712,Pass
597436,2740,Distinction
597443,106,Fail
597451,49,Withdrawn
597459,833,Pass
597485,4738,Pass
597495,908,Fail
597515,374,Pass
597529,1180,Pass
597532,401,Withdrawn
597532,401,Withdrawn
597539,96,Fail
597557,1,Withdrawn
597560,894,Withdrawn
597560,894,Withdrawn
597560,894,Pass
597571,1848,Pass
597573,1025,Pass
597582,102,Fail
597597,879,Distinction
597602,1518,Pass
597608,1434,Pass
597610,53,Withdrawn
597617,265,Pass
597627,3600,Pass
597662,8256,Pass
597669,1777,Pass
597689,305,Fail
597715,6181,Pass
597726,209,Fail
597730,460,Fail
597732,1756,Pass
597737,1494,Pass
597740,2543,Pass
597742,578,Pass
597744,175,Withdrawn
597744,175,Withdrawn
597747,3063,Fail
597754,43,Withdrawn
597755,1643,Distinction
597755,1643,Pass
597761,842,Withdrawn
597761,842,Withdrawn
597770,1219,Pass
597779,82,Withdrawn
597786,1843,Pass
597787,15559,Distinction
597790,1709,Pass
597791,1989,Pass
597797,2549,Pass
597814,122,Withdrawn
597817,316,Fail
597817,316,Fail
597819,2842,Distinction
597839,553,Withdrawn
597853,185,Withdrawn
597866,338,Fail
597871,837,Pass
597878,962,Pass
597880,27,Withdrawn
597882,2042,Pass
597886,1964,Distinction
597894,2851,Pass
597906,2815,Pass
597909,1357,Pass
597912,2788,Fail
597924,81,Withdrawn
597926,692,Distinction
597931,339,Withdrawn
597936,473,Fail
597937,4625,Fail
597938,2655,Distinction
597941,432,Pass
597948,2905,Withdrawn
597948,2905,Pass
597968,723,Pass
597971,228,Pass
598000,612,Pass
598001,842,Fail
598017,481,Distinction
598028,2276,Withdrawn
598028,2276,Pass
598032,562,Fail
598035,116,Pass
598052,1419,Pass
598064,3032,Pass
598070,3,Withdrawn
598074,2473,Withdrawn
598074,2473,Distinction
598077,1601,Pass
598089,315,Withdrawn
598102,9615,Pass
598102,9615,Pass
598103,760,Pass
598107,1108,Pass
598113,3854,Pass
598113,3854,Pass
598123,160,Withdrawn
598123,160,Withdrawn
598127,374,Fail
598139,803,Pass
598141,2296,Pass
598176,246,Pass
598178,789,Pass
598179,945,Pass
598201,414,Pass
598202,116,Fail
598213,7977,Pass
598215,3765,Pass
598226,70,Fail
598230,1400,Pass
598235,343,Fail
598243,1397,Pass
598246,2739,Distinction
598250,152,Withdrawn
598252,207,Pass
598253,92,Pass
598260,233,Withdrawn
598279,4679,Pass
598282,1661,Pass
598283,169,Withdrawn
598285,2694,Pass
598294,2691,Pass
598299,7044,Pass
598299,7044,Pass
598300,538,Fail
598303,289,Fail
598306,921,Fail
598308,4009,Withdrawn
598308,4009,Pass
598313,715,Withdrawn
598313,715,Pass
598321,3531,Pass
598321,3531,Pass
598323,194,Withdrawn
598327,497,Pass
598351,389,Pass
598353,584,Withdrawn
598353,584,Fail
598362,767,Withdrawn
598376,5384,Pass
598385,1884,Fail
598395,6,Withdrawn
598406,8,Fail
598415,273,Withdrawn
598420,360,Pass
598421,891,Pass
598430,59,Withdrawn
598442,211,Withdrawn
598451,97,Withdrawn
598462,764,Pass
598478,2090,Withdrawn
598478,2090,Withdrawn
598480,363,Fail
598493,161,Withdrawn
598495,780,Fail
598496,75,Fail
598498,1324,Withdrawn
598501,1401,Pass
598501,1401,Pass
598503,896,Withdrawn
598516,3373,Pass
598536,1142,Withdrawn
598536,1142,Fail
598538,68,Fail
598540,6030,Pass
598543,2540,Pass
598546,5,Fail
598547,13,Fail
598555,2487,Pass
598559,4509,Pass
598562,9,Fail
598564,71,Fail
598571,4539,Distinction
598573,761,Withdrawn
598581,714,Pass
598614,101,Pass
598623,1501,Pass
598624,188,Pass
598629,4,Withdrawn
598637,1084,Distinction
598642,1711,Pass
598649,2490,Fail
598662,2119,Pass
598662,2119,Pass
598664,2275,Pass
598665,3756,Pass
598665,3756,Distinction
598666,485,Withdrawn
598666,485,Withdrawn
598667,789,Pass
598694,586,Pass
598701,270,Fail
598706,13746,Distinction
598709,1213,Pass
598713,4346,Pass
598713,4346,Pass
598717,170,Fail
598731,92,Withdrawn
598750,1267,Pass
598751,600,Pass
598752,910,Withdrawn
598757,622,Withdrawn
598757,622,Withdrawn
598757,622,Fail
598760,371,Pass
598761,6922,Distinction
598762,220,Fail
598769,296,Fail
598788,395,Pass
598809,689,Fail
598819,543,Fail
598821,58,Withdrawn
598824,98,Fail
598835,5488,Distinction
598836,3,Withdrawn
598837,766,Pass
598840,1731,Pass
598842,707,Fail
598860,9392,Distinction
598860,9392,Pass
598865,332,Pass
598883,561,Distinction
598887,1249,Withdrawn
598887,1249,Withdrawn
598907,1740,Pass
598914,300,Pass
598918,1004,Distinction
598921,685,Pass
598923,9,Fail
598924,223,Fail
598924,223,Fail
598939,1633,Withdrawn
598949,23,Withdrawn
598962,744,Withdrawn
598963,4408,Pass
598963,4408,Distinction
598966,3887,Pass
598969,1441,Pass
598973,2307,Distinction
598983,3812,Pass
598983,3812,Pass
598986,305,Fail
598989,2460,Pass
599000,16,Fail
599007,68,Withdrawn
599009,1194,Pass
599016,106,Pass
599037,2222,Pass
599048,1405,Pass
599049,2656,Pass
599056,545,Pass
599059,26,Fail
599068,1281,Pass
599080,394,Pass
599083,2735,Pass
599084,654,Withdrawn
599094,1189,Pass
599101,23,Withdrawn
599104,4961,Pass
599108,291,Fail
599109,4865,Pass
599109,4865,Pass
599114,66,Withdrawn
599117,126,Fail
599132,312,Pass
599134,1505,Fail
599144,272,Pass
599146,2309,Pass
599161,2091,Withdrawn
599161,2091,Fail
599168,393,Fail
599169,2493,Pass
599169,2493,Pass
599176,3874,Distinction
599176,3874,Pass
599177,529,Pass
599199,9101,Pass
599202,2277,Distinction
599206,180,Fail
599207,2447,Pass
599215,2370,Fail
599230,3015,Distinction
599245,2717,Pass
599262,30,Withdrawn
599263,653,Fail
599263,653,Withdrawn
599263,653,Fail
599267,197,Fail
599270,73,Withdrawn
599275,854,Fail
599276,1919,Distinction
599278,481,Pass
599282,1315,Pass
599284,918,Fail
599289,9034,Distinction
599292,1372,Pass
599297,479,Fail
599297,479,Fail
599297,479,Fail
599306,1163,Pass
599314,690,Pass
599315,5398,Distinction
599323,407,Fail
599341,3846,Withdrawn
599341,3846,Withdrawn
599341,3846,Pass
599355,966,Pass
599370,3679,Pass
599385,559,Pass
599398,4570,Fail
599398,4570,Pass
599402,277,Pass
599406,38,Withdrawn
599410,696,Pass
599423,42,Withdrawn
599425,2007,Pass
599427,6,Fail
599429,584,Withdrawn
599429,584,Fail
599432,64,Withdrawn
599434,245,Fail
599445,2993,Pass
599448,45,Fail
599452,1298,Pass
599452,1298,Pass
599461,50,Withdrawn
599467,479,Pass
599468,6081,Pass
599478,2221,Pass
599479,551,Pass
599491,2996,Fail
599495,1607,Distinction
599503,36,Fail
599529,178,Pass
599542,1352,Fail
599542,1352,Fail
599547,132,Withdrawn
599547,132,Withdrawn
599554,2152,Pass
599559,3668,Distinction
599568,322,Fail
599570,235,Fail
599577,15931,Pass
599585,978,Pass
599587,2263,Pass
599588,639,Fail
599595,965,Withdrawn
599615,135,Fail
599615,135,Withdrawn
599620,2476,Pass
599639,806,Withdrawn
599640,198,Fail
599644,421,Fail
599644,421,Withdrawn
599649,256,Withdrawn
599649,256,Fail
599651,165,Fail
599655,43,Fail
599658,83,Fail
599663,3383,Withdrawn
599663,3383,Pass
599683,4423,Distinction
599709,679,Fail
599711,730,Withdrawn
599718,2054,Pass
599725,2810,Pass
599737,1689,Pass
599739,376,Pass
599740,4658,Pass
599740,4658,Pass
599741,164,Withdrawn
599742,123,Withdrawn
599742,123,Withdrawn
599748,416,Pass
599768,2470,Pass
599769,401,Fail
599783,2384,Pass
599785,503,Pass
599787,1211,Pass
599789,847,Pass
599794,4851,Pass
599795,303,Withdrawn
599802,756,Fail
599804,43,Fail
599805,2253,Withdrawn
599812,560,Fail
599815,673,Pass
599816,3338,Pass
599836,826,Pass
599837,773,Withdrawn
599837,773,Fail
599840,356,Fail
599853,831,Fail
599854,1137,Pass
599857,4662,Pass
599857,4662,Pass
599865,409,Fail
599893,875,Fail
599893,875,Fail
599895,1148,Pass
599902,858,Withdrawn
599902,858,Pass
599907,855,Fail
599908,1103,Pass
599937,1187,Withdrawn
599937,1187,Pass
599942,1005,Withdrawn
599942,1005,Withdrawn
599947,466,Pass
599957,596,Withdrawn
599958,10794,Pass
599958,10794,Distinction
599960,56,Withdrawn
599963,884,Pass
599976,84,Fail
599982,158,Withdrawn
599990,395,Pass
599994,147,Withdrawn
600032,130,Fail
600033,4012,Pass
600035,614,Pass
600042,11,Withdrawn
600067,4055,Distinction
600067,4055,Pass
600071,4456,Pass
600071,4456,Pass
600073,2060,Pass
600081,607,Pass
600094,569,Withdrawn
600094,569,Withdrawn
600097,529,Pass
600121,2579,Pass
600127,191,Fail
600130,131,Withdrawn
600142,911,Fail
600142,911,Pass
600175,5886,Withdrawn
600175,5886,Pass
600181,603,Withdrawn
600181,603,Withdrawn
600187,2591,Distinction
600198,1006,Pass
600202,661,Pass
600211,1,Fail
600218,11,Withdrawn
600224,3517,Pass
600242,2288,Pass
600243,1972,Pass
600254,36,Withdrawn
600263,81,Fail
600266,609,Fail
600267,306,Withdrawn
600273,169,Withdrawn
600277,315,Pass
600279,2025,Pass
600292,2621,Pass
600305,627,Pass
600315,174,Fail
600320,715,Withdrawn
600320,715,Pass
600325,13,Fail
600335,3294,Pass
600335,3294,Pass
600350,2424,Withdrawn
600350,2424,Pass
600365,414,Pass
600367,666,Fail
600370,608,Pass
600387,1197,Distinction
600388,7943,Distinction
600390,9,Withdrawn
600398,443,Pass
600404,134,Fail
600405,1088,Fail
600407,397,Withdrawn
600407,397,Withdrawn
600415,1541,Pass
600428,850,Withdrawn
600428,850,Pass
600436,2716,Withdrawn
600436,2716,Withdrawn
600449,97,Withdrawn
600461,445,Fail
600463,147,Pass
600470,268,Fail
600471,470,Pass
600476,90,Fail
600478,1448,Pass
600490,493,Distinction
600502,1198,Fail
600509,923,Withdrawn
600509,923,Fail
600509,923,Pass
600514,576,Distinction
600515,681,Fail
600535,2582,Fail
600541,49,Withdrawn
600542,2347,Pass
600547,5082,Withdrawn
600547,5082,Withdrawn
600547,5082,Pass
600554,186,Withdrawn
600558,3230,Pass
600564,23,Withdrawn
600566,404,Pass
600579,43,Withdrawn
600606,1158,Pass
600606,1158,Pass
600615,734,Withdrawn
600615,734,Withdrawn
600616,188,Withdrawn
600623,1447,Withdrawn
600623,1447,Distinction
600632,4052,Distinction
600635,2083,Pass
600645,941,Pass
600648,661,Withdrawn
600658,89,Fail
600664,967,Pass
600667,35,Withdrawn
600670,1509,Pass
600671,1794,Distinction
600676,5881,Pass
600680,737,Pass
600682,3123,Pass
600684,3803,Distinction
600686,1486,Pass
600702,5204,Pass
600714,285,Pass
600733,882,Distinction
600740,535,Pass
600746,1213,Withdrawn
600748,217,Withdrawn
600749,29,Fail
600766,7815,Distinction
600767,1361,Pass
600770,92,Fail
600771,543,Pass
600773,2486,Withdrawn
600796,8535,Pass
600796,8535,Pass
600801,1103,Pass
600808,172,Withdrawn
600814,4526,Withdrawn
600814,4526,Fail
600814,4526,Withdrawn
600814,4526,Pass
600816,387,Withdrawn
600817,3038,Distinction
600842,83,Withdrawn
600845,6,Fail
600856,1441,Distinction
600859,68,Withdrawn
600859,68,Withdrawn
600860,7369,Pass
600869,684,Withdrawn
600869,684,Pass
600891,1916,Pass
600893,2714,Withdrawn
600893,2714,Fail
600895,894,Pass
600898,505,Withdrawn
600898,505,Withdrawn
600906,448,Withdrawn
600908,676,Pass
600916,1445,Fail
600938,2758,Withdrawn
600938,2758,Pass
600944,900,Pass
600945,4527,Pass
600945,4527,Pass
600947,155,Fail
600963,1048,Withdrawn
600966,437,Pass
600967,25,Fail
600975,144,Withdrawn
600978,5,Withdrawn
600987,1520,Pass
600987,1520,Pass
600991,2067,Pass
600999,197,Fail
601008,2138,Pass
601010,631,Pass
601021,3297,Withdrawn
601021,3297,Pass
601040,2882,Pass
601042,1976,Fail
601043,2798,Withdrawn
601043,2798,Pass
601048,559,Fail
601054,1511,Withdrawn
601054,1511,Withdrawn
601054,1511,Pass
601064,563,Pass
601074,533,Withdrawn
601080,88,Fail
601082,2240,Fail
601082,2240,Pass
601088,335,Fail
601092,1399,Pass
601093,774,Pass
601099,4808,Pass
601104,2314,Pass
601105,5430,Pass
601122,29,Withdrawn
601123,1315,Pass
601125,307,Fail
601126,380,Pass
601132,882,Pass
601133,178,Fail
601155,403,Withdrawn
601157,657,Withdrawn
601175,1748,Withdrawn
601175,1748,Pass
601180,2906,Withdrawn
601180,2906,Fail
601182,2210,Pass
601184,529,Fail
601199,1036,Fail
601204,447,Withdrawn
601211,2696,Distinction
601213,2955,Distinction
601217,1,Withdrawn
601223,108,Withdrawn
601224,9077,Pass
601224,9077,Pass
601230,729,Pass
601234,3270,Pass
601234,3270,Pass
601235,3703,Pass
601238,414,Pass
601239,104,Fail
601243,1139,Distinction
601247,1177,Pass
601248,382,Withdrawn
601248,382,Fail
601251,1092,Pass
601263,1476,Pass
601266,210,Withdrawn
601269,739,Pass
601270,153,Withdrawn
601270,153,Withdrawn
601271,2834,Withdrawn
601271,2834,Fail
601275,376,Fail
601276,41,Fail
601286,1410,Withdrawn
601289,951,Withdrawn
601293,3290,Pass
601310,85,Fail
601316,142,Withdrawn
601316,142,Withdrawn
601319,233,Pass
601329,321,Withdrawn
601345,980,Fail
601346,342,Distinction
601356,1337,Distinction
601360,791,Pass
601370,214,Withdrawn
601375,3512,Pass
601380,650,Pass
601386,1802,Pass
601388,1772,Pass
601388,1772,Pass
601389,4473,Distinction
601390,2654,Pass
601392,56,Withdrawn
601399,3127,Pass
601407,167,Withdrawn
601414,30,Fail
601418,387,Pass
601430,3218,Pass
601431,588,Fail
601433,405,Fail
601435,60,Withdrawn
601439,1532,Pass
601455,334,Pass
601464,2228,Pass
601465,704,Fail
601467,969,Fail
601472,355,Withdrawn
601488,771,Withdrawn
601488,771,Pass
601497,1364,Distinction
601499,1578,Pass
601504,4612,Pass
601505,468,Fail
601511,123,Fail
601517,880,Fail
601529,45,Fail
601534,202,Pass
601546,601,Fail
601550,1931,Pass
601551,280,Fail
601558,119,Fail
601560,2312,Fail
601566,1186,Withdrawn
601566,1186,Pass
601567,966,Fail
601567,966,Fail
601576,224,Fail
601579,1256,Pass
601583,3528,Pass
601599,14,Fail
601605,745,Pass
601616,196,Pass
601635,756,Pass
601640,122,Fail
601645,935,Fail
601652,502,Withdrawn
601653,1203,Withdrawn
601653,1203,Pass
601655,1305,Pass
601680,779,Withdrawn
601681,3637,Pass
601706,1260,Withdrawn
601706,1260,Pass
601731,45,Fail
601731,45,Withdrawn
601731,45,Fail
601735,6782,Withdrawn
601735,6782,Pass
601745,2967,Fail
601753,748,Withdrawn
601757,5391,Withdrawn
601757,5391,Distinction
601761,1391,Withdrawn
601788,2651,Pass
601803,316,Fail
601808,2439,Pass
601820,1364,Pass
601827,1155,Withdrawn
601854,252,Pass
601857,5128,Withdrawn
601857,5128,Pass
601862,252,Pass
601872,2005,Pass
601873,701,Pass
601874,849,Fail
601885,347,Pass
601887,321,Pass
601896,353,Fail
601914,9,Fail
601930,53,Withdrawn
601934,824,Fail
601939,1392,Fail
601949,1403,Pass
601951,974,Fail
601952,1789,Pass
601956,1885,Withdrawn
601956,1885,Pass
601963,716,Pass
601983,2729,Withdrawn
601983,2729,Pass
601997,83,Withdrawn
602007,2904,Pass
602009,295,Pass
602011,278,Withdrawn
602011,278,Fail
602014,1255,Pass
602023,144,Fail
602026,210,Fail
602029,4109,Pass
602030,1164,Withdrawn
602030,1164,Fail
602032,62,Fail
602037,377,Withdrawn
602042,1236,Distinction
602045,489,Distinction
602053,1125,Withdrawn
602061,354,Fail
602066,425,Pass
602072,337,Pass
602097,312,Fail
602099,1402,Pass
602107,811,Fail
602107,811,Fail
602109,128,Fail
602111,542,Fail
602123,1392,Fail
602133,5264,Pass
602133,5264,Pass
602147,263,Pass
602150,518,Withdrawn
602150,518,Withdrawn
602150,518,Withdrawn
602151,1224,Pass
602168,581,Fail
602175,84,Fail
602185,1081,Pass
602228,505,Fail
602233,2527,Pass
602244,3,Fail
602245,9668,Pass
602268,1679,Distinction
602269,954,Fail
602269,954,Pass
602275,2586,Pass
602288,2887,Pass
602288,2887,Pass
602302,1419,Pass
602312,4938,Withdrawn
602312,4938,Pass
602318,1187,Distinction
602320,114,Withdrawn
602324,154,Fail
602344,888,Fail
602356,799,Pass
602360,666,Fail
602365,631,Pass
602389,2059,Fail
602395,356,Pass
602398,1341,Fail
602398,1341,Fail
602401,766,Pass
602404,999,Pass
602406,15,Withdrawn
602413,150,Withdrawn
602424,1223,Pass
602451,3155,Pass
602452,116,Withdrawn
602453,144,Withdrawn
602454,423,Pass
602458,779,Pass
602468,1225,Pass
602469,4487,Pass
602470,702,Pass
602471,1997,Pass
602483,139,Fail
602496,286,Pass
602502,524,Withdrawn
602502,524,Fail
602511,8781,Pass
602516,3266,Pass
602528,900,Pass
602531,191,Fail
602533,1312,Distinction
602533,1312,Distinction
602569,160,Fail
602570,277,Fail
602571,778,Withdrawn
602573,721,Distinction
602577,7045,Pass
602585,134,Withdrawn
602585,134,Withdrawn
602592,23,Fail
602594,4364,Pass
602595,1309,Pass
602598,3,Fail
602600,663,Fail
602604,594,Distinction
602607,2,Fail
602616,1,Withdrawn
602631,17,Withdrawn
602634,81,Withdrawn
602652,38,Withdrawn
602655,609,Withdrawn
602655,609,Distinction
602663,1896,Distinction
602666,174,Withdrawn
602666,174,Pass
602669,5081,Distinction
602672,500,Withdrawn
602672,500,Fail
602681,2025,Pass
602683,3987,Distinction
602696,1338,Distinction
602703,2170,Withdrawn
602703,2170,Pass
602707,2247,Pass
602711,859,Distinction
602713,4532,Distinction
602718,1985,Fail
602718,1985,Pass
602719,1628,Pass
602721,2329,Distinction
602725,227,Fail
602729,1211,Fail
602734,241,Fail
602739,370,Withdrawn
602745,16,Withdrawn
602767,531,Fail
602768,326,Fail
602777,2412,Pass
602779,1304,Pass
602780,383,Pass
602781,38,Withdrawn
602783,3819,Pass
602792,1203,Withdrawn
602803,505,Withdrawn
602811,2643,Pass
602815,162,Fail
602816,1497,Fail
602818,2837,Fail
602820,741,Pass
602826,852,Fail
602827,2723,Withdrawn
602827,2723,Pass
602830,1559,Distinction
602837,4833,Pass
602854,6090,Pass
602856,7250,Withdrawn
602856,7250,Distinction
602858,38,Fail
602862,5353,Pass
602865,2049,Pass
602891,63,Withdrawn
602895,1899,Fail
602898,131,Withdrawn
602902,3807,Pass
602902,3807,Pass
602913,498,Pass
602929,129,Fail
602943,975,Distinction
602944,89,Fail
602948,3420,Pass
602973,1712,Pass
602986,25,Fail
602991,3859,Pass
602994,1231,Withdrawn
602997,119,Withdrawn
602997,119,Withdrawn
603012,627,Pass
603030,159,Fail
603034,1506,Pass
603035,113,Pass
603036,1066,Pass
603038,321,Pass
603044,938,Pass
603049,1678,Pass
603049,1678,Pass
603055,312,Pass
603058,358,Pass
603059,2238,Distinction
603061,114,Withdrawn
603064,1595,Fail
603108,1592,Pass
603111,4835,Withdrawn
603111,4835,Pass
603112,240,Pass
603113,677,Withdrawn
603113,677,Pass
603121,34,Fail
603123,131,Pass
603129,511,Pass
603148,173,Withdrawn
603155,3129,Pass
603163,2148,Pass
603164,1001,Pass
603165,929,Distinction
603170,2769,Distinction
603179,1959,Pass
603179,1959,Pass
603199,3813,Withdrawn
603200,365,Pass
603201,53,Withdrawn
603210,799,Pass
603216,239,Fail
603220,213,Fail
603222,1038,Fail
603222,1038,Pass
603224,4915,Pass
603230,382,Pass
603231,5948,Pass
603260,630,Withdrawn
603265,151,Fail
603270,924,Fail
603287,182,Pass
603300,5438,Pass
603302,2924,Withdrawn
603302,2924,Withdrawn
603302,2924,Distinction
603303,1180,Distinction
603309,2238,Pass
603319,612,Withdrawn
603325,2457,Distinction
603325,2457,Distinction
603327,3173,Pass
603328,554,Pass
603341,1068,Pass
603357,287,Withdrawn
603365,19,Fail
603389,3189,Pass
603398,567,Pass
603406,591,Pass
603410,1145,Fail
603423,574,Withdrawn
603423,574,Fail
603431,893,Pass
603437,3304,Pass
603440,694,Pass
603446,1056,Pass
603455,2374,Pass
603469,1116,Fail
603477,2624,Pass
603477,2624,Pass
603483,1164,Withdrawn
603490,94,Withdrawn
603493,482,Withdrawn
603498,801,Fail
603498,801,Fail
603503,2142,Pass
603503,2142,Distinction
603513,695,Pass
603529,5062,Pass
603529,5062,Pass
603531,1042,Pass
603539,5236,Pass
603543,30,Fail
603559,15,Fail
603560,3002,Withdrawn
603565,760,Withdrawn
603576,1990,Pass
603579,478,Pass
603580,2659,Pass
603585,231,Fail
603585,231,Fail
603597,3708,Pass
603600,3193,Pass
603601,1177,Pass
603611,2667,Pass
603612,651,Fail
603620,2312,Pass
603627,268,Distinction
603639,4173,Withdrawn
603639,4173,Distinction
603648,4679,Pass
603651,5168,Distinction
603661,822,Pass
603669,42,Withdrawn
603684,5,Withdrawn
603685,680,Pass
603690,1866,Pass
603694,2251,Fail
603700,4,Fail
603726,114,Withdrawn
603730,225,Fail
603731,1530,Pass
603733,3568,Pass
603739,252,Withdrawn
603740,426,Fail
603746,100,Pass
603762,412,Distinction
603763,459,Pass
603791,93,Fail
603791,93,Fail
603803,704,Withdrawn
603818,334,Withdrawn
603819,3060,Pass
603827,162,Fail
603832,2162,Withdrawn
603832,2162,Pass
603834,341,Pass
603848,3201,Withdrawn
603848,3201,Fail
603850,139,Withdrawn
603859,1061,Pass
603861,1105,Withdrawn
603861,1105,Withdrawn
603873,309,Withdrawn
603908,305,Pass
603910,244,Withdrawn
603912,548,Distinction
603913,1593,Pass
603918,1239,Pass
603921,797,Pass
603921,797,Pass
603931,2040,Withdrawn
603931,2040,Withdrawn
603931,2040,Withdrawn
603961,468,Pass
603972,3314,Withdrawn
603979,439,Withdrawn
604027,9,Withdrawn
604050,869,Pass
604055,1406,Pass
604057,3900,Distinction
604057,3900,Distinction
604061,116,Fail
604064,772,Distinction
604072,1072,Pass
604079,1,Withdrawn
604087,1431,Fail
604095,118,Fail
604096,487,Pass
604106,259,Pass
604110,1150,Distinction
604116,330,Distinction
604142,340,Withdrawn
604142,340,Withdrawn
604147,451,Fail
604151,399,Distinction
604153,178,Fail
604154,196,Pass
604156,1341,Pass
604161,36,Withdrawn
604164,3381,Withdrawn
604164,3381,Pass
604172,2728,Distinction
604174,3333,Pass
604184,2357,Pass
604187,975,Pass
604196,495,Pass
604200,11421,Pass
604204,647,Pass
604213,511,Pass
604228,588,Withdrawn
604234,127,Fail
604238,757,Pass
604258,740,Withdrawn
604267,243,Withdrawn
604270,1790,Pass
604281,2071,Distinction
604292,7884,Pass
604293,1985,Fail
604296,17,Withdrawn
604315,2848,Distinction
604317,1164,Pass
604326,7,Fail
604336,432,Pass
604337,752,Fail
604338,2823,Pass
604356,976,Pass
604358,1456,Pass
604378,1157,Pass
604379,1511,Withdrawn
604379,1511,Pass
604392,3,Withdrawn
604393,2484,Pass
604398,104,Withdrawn
604398,104,Withdrawn
604416,1406,Fail
604423,820,Distinction
604427,2472,Pass
604449,511,Withdrawn
604462,624,Fail
604478,6070,Pass
604490,144,Withdrawn
604498,673,Pass
604500,725,Pass
604502,1309,Pass
604504,570,Distinction
604514,813,Fail
604517,4277,Pass
604517,4277,Pass
604523,46,Withdrawn
604534,150,Fail
604536,241,Fail
604539,673,Distinction
604543,762,Pass
604546,37,Withdrawn
604556,237,Pass
604559,113,Withdrawn
604559,113,Fail
604567,2195,Pass
604571,1219,Pass
604571,1219,Pass
604574,677,Withdrawn
604581,176,Fail
604583,2060,Withdrawn
604588,396,Withdrawn
604606,785,Withdrawn
604610,12,Withdrawn
604614,3413,Withdrawn
604614,3413,Pass
604627,503,Pass
604632,35,Withdrawn
604633,1287,Pass
604635,1393,Pass
604641,28,Fail
604643,50,Withdrawn
604655,336,Fail
604655,336,Withdrawn
604671,445,Fail
604685,3359,Pass
604692,417,Withdrawn
604694,256,Withdrawn
604698,6915,Pass
604700,3696,Distinction
604704,328,Withdrawn
604709,505,Pass
604721,691,Pass
604723,667,Pass
604723,667,Pass
604725,1610,Distinction
604731,476,Fail
604741,1401,Pass
604752,174,Fail
604755,1374,Pass
604766,5046,Distinction
604789,1132,Pass
604799,2309,Pass
604817,111,Fail
604825,235,Withdrawn
604828,469,Fail
604854,927,Pass
604875,42,Withdrawn
604875,42,Withdrawn
604879,4914,Distinction
604889,125,Withdrawn
604901,586,Pass
604905,987,Pass
604906,3519,Withdrawn
604906,3519,Fail
604906,3519,Pass
604907,428,Fail
604912,87,Withdrawn
604916,734,Pass
604917,1270,Pass
604918,477,Fail
604919,676,Pass
604921,2533,Fail
604923,23,Fail
604930,1012,Distinction
604932,287,Pass
604939,436,Fail
604942,1798,Pass
604945,990,Fail
604946,407,Withdrawn
604946,407,Withdrawn
604950,2481,Pass
604951,66,Fail
604952,84,Withdrawn
604962,3849,Withdrawn
604962,3849,Pass
604966,5115,Pass
604969,480,Withdrawn
604980,302,Pass
604982,350,Pass
604990,2384,Pass
604991,1120,Fail
604997,578,Pass
605005,195,Withdrawn
605009,672,Pass
605012,2210,Pass
605027,982,Pass
605048,5071,Pass
605068,1854,Pass
605069,2482,Pass
605070,2022,Fail
605070,2022,Fail
605072,947,Pass
605089,407,Pass
605091,1546,Withdrawn
605091,1546,Fail
605102,405,Pass
605105,1445,Fail
605111,2544,Pass
605111,2544,Pass
605118,2026,Fail
605118,2026,Pass
605125,709,Pass
605129,1380,Pass
605131,15,Withdrawn
605144,2615,Pass
605144,2615,Pass
605145,24,Withdrawn
605156,1388,Pass
605176,6,Fail
605180,2770,Withdrawn
605180,2770,Withdrawn
605180,2770,Pass
605186,50,Fail
605195,3076,Distinction
605207,1166,Pass
605225,395,Pass
605228,1048,Withdrawn
605228,1048,Withdrawn
605228,1048,Fail
605243,1332,Pass
605245,314,Fail
605246,305,Pass
605255,410,Fail
605264,1258,Withdrawn
605264,1258,Pass
605265,2570,Pass
605266,5925,Pass
605266,5925,Pass
605269,507,Withdrawn
605292,94,Withdrawn
605294,2561,Distinction
605301,1021,Pass
605306,293,Withdrawn
605309,57,Fail
605312,5189,Pass
605313,198,Withdrawn
605313,198,Withdrawn
605325,92,Fail
605327,360,Fail
605361,1775,Distinction
605367,7246,Fail
605367,7246,Pass
605370,540,Fail
605372,103,Fail
605375,594,Pass
605383,19,Withdrawn
605390,958,Pass
605394,1730,Fail
605394,1730,Fail
605409,6066,Distinction
605438,823,Distinction
605445,613,Pass
605459,2316,Withdrawn
605459,2316,Pass
605468,266,Withdrawn
605475,6323,Pass
605476,735,Pass
605480,625,Withdrawn
605488,929,Pass
605493,2359,Pass
605505,129,Withdrawn
605521,393,Distinction
605522,839,Fail
605538,3599,Pass
605540,5714,Distinction
605540,5714,Distinction
605541,128,Fail
605545,669,Fail
605545,669,Withdrawn
605545,669,Fail
605556,270,Pass
605561,510,Fail
605571,14808,Pass
605571,14808,Distinction
605587,445,Withdrawn
605589,3435,Pass
605594,62,Fail
605595,464,Fail
605596,944,Pass
605597,130,Fail
605598,5099,Pass
605621,2778,Pass
605652,343,Withdrawn
605652,343,Pass
605666,1717,Pass
605666,1717,Pass
605672,385,Pass
605676,9,Withdrawn
605679,78,Pass
605682,3814,Pass
605688,3356,Distinction
605688,3356,Pass
605691,29,Withdrawn
605692,252,Pass
605693,509,Pass
605695,819,Pass
605702,261,Fail
605703,2050,Distinction
605703,2050,Pass
605733,599,Pass
605756,2615,Pass
605759,4591,Withdrawn
605759,4591,Pass
605770,539,Pass
605771,5319,Withdrawn
605771,5319,Pass
605781,1051,Pass
605828,396,Pass
605832,167,Pass
605836,2358,Distinction
605840,953,Fail
605854,191,Fail
605859,369,Withdrawn
605859,369,Fail
605861,133,Fail
605868,6141,Distinction
605876,3449,Pass
605882,6,Withdrawn
605885,352,Withdrawn
605886,3629,Fail
605890,75,Fail
605901,737,Withdrawn
605901,737,Distinction
605905,238,Fail
605908,218,Withdrawn
605916,2713,Pass
605920,661,Pass
605921,17,Fail
605930,172,Pass
605939,39,Withdrawn
605940,108,Withdrawn
605941,2233,Pass
605954,1375,Fail
605956,4,Withdrawn
605974,5456,Pass
605977,477,Distinction
605988,5902,Pass
605993,3251,Fail
605996,189,Pass
606002,3028,Pass
606004,15,Withdrawn
606006,892,Withdrawn
606027,1490,Pass
606028,962,Pass
606036,199,Withdrawn
606047,2312,Distinction
606052,76,Fail
606062,2612,Pass
606063,43,Withdrawn
606064,1616,Pass
606069,345,Pass
606079,2464,Fail
606082,839,Pass
606089,10,Withdrawn
606097,618,Pass
606101,617,Pass
606104,7709,Distinction
606105,170,Pass
606127,1240,Withdrawn
606127,1240,Fail
606134,1408,Pass
606143,406,Fail
606167,3204,Pass
606170,802,Pass
606175,248,Pass
606179,551,Distinction
606182,2603,Withdrawn
606182,2603,Pass
606190,1,Withdrawn
606194,2663,Pass
606206,2358,Fail
606206,2358,Distinction
606229,338,Pass
606233,163,Pass
606239,800,Pass
606245,535,Distinction
606257,6172,Pass
606274,30,Fail
606282,897,Pass
606296,658,Pass
606304,2485,Pass
606313,13023,Pass
606319,612,Pass
606322,1399,Pass
606333,26,Withdrawn
606335,1,Withdrawn
606344,1246,Withdrawn
606344,1246,Pass
606345,2893,Pass
606350,181,Fail
606350,181,Fail
606355,1035,Withdrawn
606373,2260,Pass
606377,88,Pass
606386,2637,Fail
606388,70,Withdrawn
606389,3001,Pass
606391,2332,Pass
606391,2332,Distinction
606407,613,Withdrawn
606407,613,Fail
606409,429,Pass
606410,283,Pass
606412,166,Pass
606414,622,Pass
606418,68,Withdrawn
606420,1075,Pass
606422,576,Pass
606425,1367,Withdrawn
606428,2349,Withdrawn
606428,2349,Withdrawn
606435,248,Pass
606436,488,Withdrawn
606442,773,Pass
606444,6723,Distinction
606444,6723,Distinction
606450,642,Distinction
606458,232,Pass
606459,469,Withdrawn
606463,614,Distinction
606465,218,Pass
606471,381,Pass
606477,40,Withdrawn
606492,130,Fail
606496,795,Fail
606501,9,Withdrawn
606513,219,Withdrawn
606517,231,Pass
606529,132,Fail
606531,7,Fail
606535,4680,Pass
606546,382,Pass
606562,2051,Distinction
606570,701,Pass
606572,1404,Pass
606574,66,Fail
606586,30,Pass
606593,692,Withdrawn
606602,47,Fail
606606,67,Fail
606612,29,Withdrawn
606627,215,Withdrawn
606634,325,Pass
606651,156,Fail
606665,2614,Fail
606665,2614,Pass
606685,926,Pass
606690,1125,Pass
606697,799,Pass
606707,666,Distinction
606711,2393,Pass
606712,2040,Pass
606713,1038,Pass
606724,3089,Pass
606724,3089,Pass
606736,118,Withdrawn
606743,486,Pass
606757,1279,Pass
606762,125,Fail
606788,1403,Distinction
606797,20,Withdrawn
606802,382,Withdrawn
606805,1501,Withdrawn
606815,643,Pass
606817,113,Fail
606827,36,Withdrawn
606828,76,Fail
606835,7618,Pass
606837,332,Fail
606856,186,Withdrawn
606858,758,Pass
606861,861,Pass
606864,1001,Pass
606864,1001,Distinction
606869,590,Pass
606870,2419,Pass
606884,1461,Fail
606895,146,Fail
606903,2930,Pass
606904,1383,Fail
606905,23,Withdrawn
606908,1299,Pass
606911,638,Withdrawn
606911,638,Withdrawn
606914,37,Withdrawn
606918,1775,Distinction
606930,2019,Withdrawn
606930,2019,Withdrawn
606935,70,Fail
606939,3354,Pass
606966,1585,Fail
606967,389,Withdrawn
606967,389,Fail
606972,3,Withdrawn
606976,1333,Pass
606977,3180,Pass
606990,1535,Pass
606998,177,Fail
607011,333,Fail
607018,280,Fail
607047,3249,Pass
607047,3249,Pass
607052,5186,Pass
607052,5186,Pass
607060,418,Withdrawn
607060,418,Fail
607061,1228,Distinction
607061,1228,Distinction
607062,571,Withdrawn
607062,571,Pass
607063,30,Withdrawn
607063,30,Withdrawn
607068,18,Withdrawn
607073,1345,Pass
607080,6,Withdrawn
607085,1227,Pass
607085,1227,Pass
607094,529,Fail
607097,1099,Pass
607108,224,Fail
607110,140,Withdrawn
607110,140,Fail
607118,2273,Pass
607130,3020,Pass
607134,716,Fail
607135,523,Fail
607143,4179,Fail
607143,4179,Pass
607151,952,Distinction
607163,303,Pass
607176,324,Withdrawn
607178,2001,Pass
607196,349,Pass
607200,118,Fail
607220,439,Pass
607231,86,Fail
607235,884,Distinction
607243,8859,Pass
607247,6360,Distinction
607256,1324,Pass
607286,134,Withdrawn
607293,673,Pass
607300,196,Fail
607303,4444,Pass
607309,277,Withdrawn
607316,799,Pass
607337,316,Fail
607342,1754,Distinction
607382,2,Fail
607387,493,Distinction
607398,1602,Fail
607407,1270,Withdrawn
607411,314,Withdrawn
607413,551,Withdrawn
607413,551,Withdrawn
607427,466,Withdrawn
607427,466,Withdrawn
607429,1214,Pass
607442,104,Withdrawn
607442,104,Withdrawn
607443,367,Pass
607453,4260,Withdrawn
607453,4260,Pass
607453,4260,Pass
607462,561,Fail
607473,1449,Withdrawn
607483,1781,Pass
607483,1781,Distinction
607485,246,Pass
607487,9,Withdrawn
607493,518,Pass
607498,2360,Fail
607501,5844,Pass
607507,979,Distinction
607510,111,Fail
607514,246,Fail
607515,135,Withdrawn
607517,130,Withdrawn
607525,990,Fail
607529,329,Pass
607530,433,Pass
607533,343,Withdrawn
607533,343,Withdrawn
607536,720,Pass
607538,4546,Pass
607547,446,Pass
607548,840,Pass
607555,1897,Fail
607555,1897,Pass
607570,294,Fail
607572,735,Fail
607577,384,Fail
607586,866,Fail
607600,2901,Withdrawn
607600,2901,Pass
607603,665,Pass
607607,8,Withdrawn
607609,311,Withdrawn
607609,311,Withdrawn
607622,242,Fail
607636,3335,Pass
607636,3335,Pass
607638,1447,Pass
607642,169,Pass
607650,2256,Pass
607668,1516,Pass
607670,402,Fail
607678,143,Pass
607679,5278,Pass
607696,273,Fail
607699,265,Fail
607700,2185,Pass
607702,439,Fail
607705,67,Withdrawn
607725,263,Pass
607733,449,Withdrawn
607735,2452,Pass
607754,1049,Pass
607762,211,Distinction
607767,688,Pass
607778,528,Pass
607794,4019,Distinction
607797,582,Pass
607798,638,Fail
607800,776,Distinction
607804,352,Pass
607808,52,Fail
607812,3823,Pass
607814,554,Fail
607827,323,Fail
607835,3033,Distinction
607835,3033,Pass
607848,417,Withdrawn
607848,417,Fail
607849,256,Distinction
607854,858,Fail
607866,1767,Withdrawn
607866,1767,Pass
607887,302,Pass
607889,631,Pass
607892,1122,Distinction
607896,2630,Withdrawn
607896,2630,Pass
607899,3464,Fail
607900,19673,Withdrawn
607900,19673,Distinction
607909,253,Distinction
607912,797,Pass
607914,2955,Pass
607923,1087,Distinction
607927,1331,Fail
607927,1331,Pass
607928,146,Withdrawn
607937,3102,Pass
607938,3251,Pass
607939,397,Fail
607947,2815,Distinction
607947,2815,Distinction
607953,280,Fail
607957,403,Withdrawn
607966,485,Withdrawn
607966,485,Withdrawn
607975,493,Pass
607979,4899,Distinction
608000,1376,Pass
608008,3787,Pass
608024,1345,Pass
608041,916,Pass
608043,4739,Pass
608047,455,Pass
608062,272,Pass
608068,223,Withdrawn
608104,779,Distinction
608109,536,Pass
608110,199,Pass
608111,2002,Withdrawn
608111,2002,Fail
608115,611,Distinction
608130,3630,Withdrawn
608130,3630,Pass
608134,878,Pass
608144,2142,Distinction
608152,1744,Fail
608152,1744,Pass
608164,1200,Distinction
608169,1841,Fail
608170,34,Withdrawn
608173,223,Withdrawn
608178,617,Fail
608195,1238,Fail
608195,1238,Pass
608196,831,Fail
608198,289,Fail
608206,514,Withdrawn
608211,19,Withdrawn
608217,1052,Pass
608221,164,Fail
608231,2337,Pass
608238,1923,Distinction
608243,1749,Pass
608243,1749,Distinction
608248,602,Withdrawn
608248,602,Fail
608263,1084,Distinction
608264,838,Pass
608267,425,Pass
608280,708,Fail
608284,593,Fail
608292,1077,Pass
608306,84,Fail
608318,114,Fail
608322,1774,Pass
608348,1,Withdrawn
608349,5849,Pass
608356,3426,Pass
608407,1453,Distinction
608417,678,Pass
608419,1030,Pass
608421,7618,Distinction
608422,3569,Pass
608422,3569,Pass
608423,336,Withdrawn
608440,187,Withdrawn
608448,2230,Distinction
608449,943,Pass
608453,82,Withdrawn
608459,817,Withdrawn
608464,1171,Pass
608472,1464,Fail
608472,1464,Pass
608477,3087,Pass
608487,771,Pass
608488,3101,Pass
608497,110,Withdrawn
608504,3665,Withdrawn
608504,3665,Pass
608535,22,Withdrawn
608536,547,Pass
608564,104,Fail
608571,248,Fail
608577,404,Withdrawn
608577,404,Fail
608578,843,Pass
608591,902,Withdrawn
608596,322,Pass
608623,546,Pass
608628,1,Fail
608630,241,Fail
608638,335,Withdrawn
608643,1182,Withdrawn
608643,1182,Pass
608647,369,Pass
608649,2,Withdrawn
608669,331,Fail
608669,331,Fail
608669,331,Fail
608672,512,Pass
608681,2277,Fail
608681,2277,Pass
608693,325,Fail
608698,1612,Pass
608714,6,Fail
608719,154,Withdrawn
608724,1095,Pass
608727,571,Withdrawn
608727,571,Withdrawn
608733,1688,Pass
608735,711,Pass
608737,1972,Fail
608738,715,Fail
608744,2795,Pass
608745,1950,Pass
608746,1405,Pass
608746,1405,Pass
608747,3265,Pass
608750,23,Withdrawn
608753,2760,Fail
608753,2760,Distinction
608766,422,Pass
608772,705,Withdrawn
608775,2571,Pass
608815,3220,Pass
608821,105,Withdrawn
608827,2278,Pass
608842,1673,Pass
608851,1548,Pass
608853,2165,Pass
608864,607,Withdrawn
608864,607,Fail
608866,1704,Withdrawn
608884,680,Pass
608891,2634,Fail
608891,2634,Distinction
608904,2049,Distinction
608907,478,Pass
608909,2010,Pass
608913,3464,Pass
608923,751,Withdrawn
608923,751,Pass
608939,273,Fail
608942,188,Withdrawn
608943,203,Withdrawn
608943,203,Withdrawn
608961,53,Fail
608966,3895,Distinction
608967,161,Fail
608978,7463,Distinction
608983,2369,Withdrawn
608983,2369,Pass
608997,14,Fail
609010,226,Pass
609019,836,Fail
609025,1661,Withdrawn
609025,1661,Pass
609031,2290,Pass
609031,2290,Distinction
609044,253,Withdrawn
609044,253,Fail
609045,578,Pass
609046,925,Pass
609047,904,Fail
609089,223,Withdrawn
609089,223,Withdrawn
609097,3873,Pass
609142,6016,Distinction
609163,114,Withdrawn
609171,1074,Fail
609184,1067,Fail
609190,2,Withdrawn
609192,1210,Withdrawn
609192,1210,Pass
609193,89,Withdrawn
609194,1365,Pass
609194,1365,Pass
609203,1063,Fail
609220,12709,Pass
609221,1790,Pass
609229,17482,Distinction
609229,17482,Pass
609230,396,Withdrawn
609235,929,Distinction
609240,3790,Pass
609241,7,Withdrawn
609241,7,Withdrawn
609242,616,Fail
609242,616,Withdrawn
609244,585,Fail
609245,1958,Pass
609257,428,Distinction
609265,2081,Pass
609277,7683,Distinction
609297,1158,Pass
609307,1320,Pass
609326,565,Pass
609330,1248,Pass
609347,704,Withdrawn
609354,877,Withdrawn
609365,5,Fail
609367,22,Withdrawn
609381,99,Withdrawn
609383,1619,Withdrawn
609383,1619,Fail
609396,1195,Withdrawn
609399,429,Pass
609403,1954,Pass
609403,1954,Pass
609416,4407,Pass
609422,357,Withdrawn
609422,357,Withdrawn
609426,248,Pass
609427,318,Fail
609435,577,Withdrawn
609439,5829,Pass
609450,530,Withdrawn
609450,530,Fail
609456,2194,Pass
609460,390,Fail
609480,47,Fail
609488,157,Fail
609489,369,Withdrawn
609510,105,Fail
609513,106,Fail
609515,926,Pass
609527,2135,Withdrawn
609527,2135,Distinction
609535,90,Fail
609537,9565,Distinction
609537,9565,Distinction
609538,711,Pass
609556,1240,Pass
609557,638,Pass
609558,424,Fail
609570,326,Fail
609573,1647,Distinction
609583,932,Withdrawn
609593,523,Pass
609596,4281,Distinction
609602,2233,Distinction
609605,1326,Withdrawn
609605,1326,Withdrawn
609605,1326,Withdrawn
609605,1326,Fail
609645,3368,Fail
609645,3368,Pass
609655,62,Fail
609679,625,Pass
609681,62,Withdrawn
609681,62,Withdrawn
609682,1360,Pass
609704,669,Pass
609708,32,Fail
609743,3707,Pass
609748,554,Withdrawn
609754,490,Pass
609761,1938,Pass
609764,106,Fail
609777,3468,Fail
609797,172,Withdrawn
609804,177,Fail
609811,2210,Distinction
609812,158,Pass
609815,359,Pass
609817,366,Pass
609823,249,Withdrawn
609831,1052,Fail
609837,238,Fail
609850,210,Fail
609852,8763,Pass
609852,8763,Distinction
609860,293,Withdrawn
609864,145,Pass
609868,767,Fail
609871,167,Pass
609873,77,Withdrawn
609882,6446,Distinction
609887,150,Fail
609891,6644,Fail
609891,6644,Withdrawn
609891,6644,Pass
609900,762,Pass
609908,3908,Pass
609912,1096,Pass
609927,976,Pass
609932,1788,Pass
609946,141,Withdrawn
609969,2293,Pass
609969,2293,Pass
609979,25,Fail
609985,1835,Pass
610012,301,Pass
610016,45,Withdrawn
610019,4207,Pass
610019,4207,Pass
610025,2031,Pass
610032,2333,Distinction
610033,1146,Distinction
610057,787,Pass
610059,363,Pass
610094,3867,Pass
610097,3726,Pass
610099,5125,Pass
610099,5125,Pass
610106,73,Withdrawn
610127,119,Pass
610143,140,Fail
610158,985,Withdrawn
610158,985,Pass
610170,569,Withdrawn
610170,569,Withdrawn
610172,3143,Pass
610188,1321,Pass
610197,974,Pass
610220,1947,Pass
610225,186,Fail
610228,526,Withdrawn
610234,6184,Withdrawn
610234,6184,Pass
610234,6184,Distinction
610244,3707,Pass
610257,2291,Pass
610258,1906,Pass
610260,660,Pass
610261,7,Fail
610266,1366,Pass
610267,13,Withdrawn
610272,2286,Pass
610273,1627,Pass
610275,4358,Pass
610278,2630,Distinction
610279,1897,Pass
610279,1897,Pass
610285,1423,Withdrawn
610285,1423,Distinction
610287,2309,Withdrawn
610287,2309,Pass
610287,2309,Withdrawn
610287,2309,Pass
610292,1592,Withdrawn
610302,473,Distinction
610312,5839,Pass
610324,3224,Fail
610324,3224,Pass
610326,1033,Pass
610336,1,Fail
610340,105,Fail
610347,1102,Pass
610362,667,Pass
610373,1297,Distinction
610380,186,Fail
610385,1964,Pass
610391,2155,Fail
610392,10,Withdrawn
610393,34,Fail
610398,1325,Pass
610400,798,Fail
610402,210,Withdrawn
610405,1411,Pass
610405,1411,Pass
610416,1507,Pass
610423,297,Fail
610428,340,Pass
610453,6634,Pass
610455,2594,Withdrawn
610461,102,Fail
610469,951,Withdrawn
610470,1201,Pass
610494,85,Withdrawn
610494,85,Withdrawn
610503,1271,Pass
610515,1150,Pass
610517,497,Fail
610530,44,Fail
610537,358,Fail
610537,358,Fail
610537,358,Fail
610545,1438,Pass
610549,1322,Withdrawn
610549,1322,Pass
610553,287,Pass
610557,476,Fail
610569,1422,Pass
610573,82,Fail
610575,4979,Pass
610575,4979,Pass
610577,2599,Fail
610577,2599,Fail
610595,1165,Pass
610597,593,Pass
610603,538,Pass
610606,65,Withdrawn
610609,7,Withdrawn
610609,7,Withdrawn
610622,178,Withdrawn
610622,178,Withdrawn
610637,1532,Pass
610643,3264,Pass
610643,3264,Pass
610650,393,Pass
610672,1887,Pass
610681,430,Fail
610684,3088,Withdrawn
610684,3088,Pass
610687,4387,Pass
610695,796,Withdrawn
610700,26,Fail
610701,232,Fail
610718,18,Fail
610718,18,Fail
610725,81,Pass
610731,84,Fail
610738,157,Fail
610739,332,Pass
610740,5,Fail
610745,826,Pass
610746,3225,Pass
610749,1105,Pass
610750,709,Distinction
610751,10,Fail
610759,606,Pass
610763,221,Pass
610771,1562,Pass
610774,36,Fail
610775,3198,Pass
610776,106,Fail
610778,980,Withdrawn
610780,116,Fail
610783,4,Withdrawn
610802,613,Withdrawn
610802,613,Fail
610804,162,Fail
610814,72,Fail
610817,54,Withdrawn
610828,1411,Fail
610830,252,Withdrawn
610831,186,Withdrawn
610831,186,Withdrawn
610834,114,Withdrawn
610838,6,Withdrawn
610855,1802,Pass
610870,337,Pass
610873,1614,Pass
610881,2120,Distinction
610888,557,Fail
610904,8284,Pass
610904,8284,Pass
610906,388,Pass
610913,75,Withdrawn
610917,204,Fail
610927,697,Withdrawn
610931,3632,Distinction
610932,98,Fail
610933,1124,Pass
610967,317,Fail
610979,409,Fail
610992,2405,Pass
611004,49,Fail
611012,799,Pass
611013,220,Pass
611017,823,Pass
611023,134,Pass
611024,1886,Pass
611033,2407,Withdrawn
611033,2407,Distinction
611039,3055,Pass
611048,44,Fail
611049,845,Distinction
611051,135,Fail
611058,142,Fail
611060,637,Pass
611062,1548,Fail
611062,1548,Fail
611096,54,Fail
611126,110,Fail
611138,4,Fail
611159,524,Pass
611162,2401,Pass
611162,2401,Pass
611173,312,Pass
611176,681,Distinction
611177,349,Pass
611182,56,Fail
611185,1362,Pass
611195,440,Pass
611202,2501,Distinction
611206,398,Fail
611213,2,Withdrawn
611215,504,Distinction
611218,1320,Distinction
611226,4165,Distinction
611228,419,Pass
611233,340,Withdrawn
611235,302,Withdrawn
611241,1173,Pass
611241,1173,Pass
611244,263,Fail
611245,538,Withdrawn
611245,538,Withdrawn
611255,11818,Pass
611255,11818,Pass
611259,1247,Pass
611260,1341,Pass
611268,2980,Fail
611268,2980,Distinction
611271,1237,Fail
611275,244,Withdrawn
611284,3055,Distinction
611309,659,Fail
611315,1832,Distinction
611329,1844,Pass
611331,10,Fail
611344,2111,Pass
611345,15,Withdrawn
611348,991,Pass
611350,3311,Pass
611356,75,Withdrawn
611377,882,Pass
611383,544,Distinction
611396,3130,Pass
611402,3100,Pass
611402,3100,Pass
611405,2936,Withdrawn
611405,2936,Distinction
611407,2711,Pass
611407,2711,Pass
611408,818,Pass
611417,20391,Pass
611418,708,Fail
611427,324,Fail
611464,1098,Pass
611475,292,Pass
611478,1073,Distinction
611489,1211,Distinction
611493,205,Fail
611496,2020,Distinction
611502,3138,Distinction
611517,1256,Fail
611520,894,Withdrawn
611520,894,Withdrawn
611531,3827,Pass
611534,53,Fail
611542,4065,Pass
611542,4065,Distinction
611561,474,Fail
611564,2481,Pass
611580,526,Distinction
611586,170,Withdrawn
611588,374,Withdrawn
611593,2089,Distinction
611593,2089,Pass
611595,2798,Pass
611603,2206,Pass
611612,578,Pass
611629,172,Fail
611635,1807,Pass
611639,578,Fail
611688,1776,Pass
611690,347,Pass
611714,224,Fail
611735,386,Withdrawn
611763,1472,Pass
611790,786,Pass
611798,362,Fail
611800,2004,Withdrawn
611800,2004,Pass
611813,5204,Distinction
611813,5204,Distinction
611821,1241,Pass
611845,1076,Fail
611852,1,Withdrawn
611855,288,Fail
611865,160,Withdrawn
611865,160,Withdrawn
611865,160,Fail
611879,608,Pass
611905,34,Withdrawn
611910,1042,Fail
611961,2181,Pass
611962,689,Pass
611967,1041,Pass
611971,1183,Withdrawn
611971,1183,Withdrawn
611974,387,Withdrawn
611979,7,Withdrawn
611982,310,Pass
611983,305,Fail
611999,1290,Fail
612000,1419,Distinction
612002,823,Pass
612023,1274,Fail
612023,1274,Fail
612026,78,Withdrawn
612039,428,Distinction
612048,1148,Pass
612050,79,Withdrawn
612082,798,Distinction
612089,180,Fail
612113,4,Fail
612119,1276,Pass
612120,352,Fail
612127,801,Withdrawn
612127,801,Pass
612135,1438,Distinction
612136,3459,Pass
612177,2209,Pass
612177,2209,Distinction
612179,452,Pass
612183,7699,Pass
612183,7699,Distinction
612187,4998,Pass
612187,4998,Distinction
612191,1367,Fail
612199,388,Withdrawn
612210,540,Pass
612212,138,Fail
612217,209,Pass
612230,809,Pass
612235,679,Pass
612247,2532,Pass
612248,3232,Pass
612252,491,Pass
612255,610,Pass
612283,511,Withdrawn
612283,511,Withdrawn
612287,210,Withdrawn
612287,210,Withdrawn
612319,150,Pass
612326,1919,Distinction
612327,6223,Pass
612327,6223,Distinction
612337,121,Withdrawn
612355,669,Pass
612361,931,Pass
612363,15,Fail
612370,510,Fail
612381,576,Withdrawn
612385,7,Withdrawn
612396,21,Fail
612397,669,Withdrawn
612397,669,Fail
612429,278,Pass
612439,630,Fail
612439,630,Pass
612443,694,Withdrawn
612443,694,Fail
612449,4098,Withdrawn
612449,4098,Pass
612473,42,Withdrawn
612484,1607,Pass
612488,1386,Distinction
612517,31,Pass
612528,2191,Pass
612530,1784,Distinction
612535,2069,Distinction
612538,3578,Distinction
612539,1357,Pass
612540,1690,Distinction
612542,2192,Pass
612543,1835,Pass
612545,2567,Distinction
612547,1876,Distinction
612549,2270,Pass
612563,211,Fail
612565,636,Pass
612566,1042,Pass
612568,217,Withdrawn
612598,264,Fail
612600,155,Fail
612607,1464,Fail
612615,25,Withdrawn
612620,25,Fail
612621,633,Pass
612625,194,Fail
612638,1893,Withdrawn
612644,1390,Pass
612644,1390,Pass
612656,539,Distinction
612658,618,Distinction
612661,665,Distinction
612669,1006,Withdrawn
612673,433,Fail
612673,433,Fail
612684,875,Pass
612690,350,Pass
612717,1567,Pass
612721,984,Distinction
612740,1790,Fail
612743,27,Fail
612750,1686,Pass
612756,2087,Pass
612757,766,Pass
612797,509,Pass
612798,3025,Pass
612814,2198,Distinction
612822,356,Withdrawn
612822,356,Withdrawn
612841,112,Pass
612842,3126,Pass
612860,745,Withdrawn
612860,745,Pass
612862,1728,Distinction
612870,615,Pass
612880,1151,Withdrawn
612882,503,Fail
612882,503,Fail
612891,2417,Pass
612903,550,Pass
612919,6244,Pass
612929,644,Fail
612935,146,Withdrawn
612979,8,Withdrawn
612982,1914,Fail
612986,828,Pass
613013,808,Fail
613015,1473,Distinction
613027,599,Pass
613038,76,Pass
613039,149,Fail
613047,122,Fail
613051,32,Fail
613059,1746,Pass
613063,176,Withdrawn
613091,228,Fail
613093,347,Pass
613102,919,Pass
613105,118,Fail
613107,2857,Pass
613116,82,Fail
613116,82,Fail
613122,4460,Fail
613122,4460,Pass
613131,1045,Pass
613133,4411,Distinction
613133,4411,Pass
613135,285,Fail
613146,25,Withdrawn
613152,451,Fail
613158,652,Pass
613160,213,Distinction
613161,17,Withdrawn
613162,163,Withdrawn
613162,163,Pass
613164,163,Distinction
613165,5540,Pass
613170,555,Pass
613171,760,Pass
613173,1022,Pass
613175,637,Fail
613177,3737,Pass
613191,178,Withdrawn
613196,263,Pass
613199,818,Withdrawn
613199,818,Pass
613200,722,Pass
613203,666,Distinction
613205,240,Fail
613208,734,Pass
613213,3930,Distinction
613226,398,Withdrawn
613227,1,Fail
613235,1000,Pass
613237,3464,Pass
613255,1903,Pass
613280,2,Withdrawn
613281,612,Fail
613293,541,Pass
613298,8,Withdrawn
613299,270,Fail
613300,802,Distinction
613310,366,Fail
613313,928,Distinction
613330,5509,Pass
613355,331,Pass
613370,2694,Distinction
613370,2694,Distinction
613387,98,Fail
613387,98,Fail
613407,45,Fail
613416,299,Pass
613417,155,Fail
613417,155,Fail
613418,684,Pass
613426,986,Pass
613441,141,Withdrawn
613447,376,Withdrawn
613447,376,Fail
613459,1468,Fail
613461,2567,Fail
613461,2567,Pass
613464,1935,Pass
613466,2454,Distinction
613501,3307,Pass
613501,3307,Pass
613512,5,Withdrawn
613574,1168,Fail
613586,4,Fail
613593,1144,Fail
613611,148,Fail
613616,1387,Fail
613630,7536,Pass
613634,3671,Pass
613639,90,Fail
613644,218,Withdrawn
613644,218,Fail
613646,775,Distinction
613667,3106,Pass
613667,3106,Distinction
613675,99,Fail
613676,2617,Withdrawn
613677,1785,Fail
613683,328,Pass
613691,2162,Pass
613703,1574,Fail
613717,246,Withdrawn
613718,249,Pass
613720,653,Distinction
613722,234,Pass
613728,1455,Fail
613735,628,Distinction
613738,920,Pass
613743,530,Pass
613775,35,Withdrawn
613790,457,Withdrawn
613791,361,Withdrawn
613806,4149,Distinction
613832,224,Fail
613834,1519,Pass
613842,177,Withdrawn
613856,358,Pass
613864,3,Fail
613865,3973,Pass
613874,253,Pass
613876,425,Fail
613881,2535,Pass
613899,10429,Distinction
613900,2171,Pass
613909,804,Pass
613910,98,Fail
613928,2389,Fail
613932,9,Fail
613946,408,Pass
613952,2437,Pass
613953,1947,Pass
613954,2735,Distinction
613966,2159,Fail
613972,128,Fail
613981,199,Fail
613988,1371,Pass
613993,60,Fail
614013,324,Pass
614025,218,Withdrawn
614039,547,Pass
614059,2964,Pass
614059,2964,Withdrawn
614059,2964,Pass
614064,386,Pass
614068,429,Withdrawn
614072,922,Pass
614074,3924,Pass
614083,357,Fail
614117,578,Pass
614129,320,Fail
614130,393,Pass
614142,77,Fail
614148,114,Fail
614159,262,Pass
614162,511,Pass
614163,4393,Pass
614172,566,Withdrawn
614176,1178,Pass
614181,3788,Pass
614181,3788,Distinction
614204,241,Fail
614212,197,Pass
614217,1149,Withdrawn
614224,175,Fail
614233,90,Fail
614234,1569,Distinction
614241,405,Fail
614245,4470,Pass
614249,9,Fail
614263,99,Fail
614265,2697,Withdrawn
614265,2697,Pass
614265,2697,Distinction
614300,3778,Pass
614300,3778,Pass
614345,215,Withdrawn
614357,205,Distinction
614381,837,Withdrawn
614398,322,Distinction
614403,71,Fail
614406,618,Withdrawn
614419,1388,Fail
614424,595,Distinction
614458,6089,Distinction
614471,1149,Withdrawn
614471,1149,Withdrawn
614477,2177,Fail
614495,610,Distinction
614546,1760,Distinction
614556,1160,Pass
614571,605,Pass
614582,286,Pass
614583,570,Distinction
614599,369,Fail
614601,257,Pass
614629,1119,Distinction
614633,451,Withdrawn
614649,67,Fail
614650,633,Withdrawn
614668,390,Pass
614683,182,Withdrawn
614693,2873,Pass
614728,318,Pass
614730,871,Withdrawn
614732,153,Pass
614733,934,Withdrawn
614733,934,Fail
614734,193,Fail
614737,230,Fail
614738,602,Distinction
614741,8430,Pass
614742,477,Pass
614744,243,Pass
614745,107,Pass
614754,2555,Pass
614761,1151,Withdrawn
614764,3670,Pass
614791,288,Pass
614798,421,Pass
614801,1706,Fail
614804,2290,Withdrawn
614804,2290,Pass
614804,2290,Pass
614808,305,Pass
614812,838,Fail
614813,205,Withdrawn
614844,3274,Distinction
614871,2799,Pass
614887,3394,Pass
614892,1309,Pass
614893,1628,Pass
614907,106,Withdrawn
614909,734,Distinction
614912,32,Withdrawn
614930,682,Withdrawn
614930,682,Withdrawn
614949,1110,Pass
614952,497,Withdrawn
614952,497,Withdrawn
614973,307,Fail
614984,2463,Withdrawn
614984,2463,Pass
614994,51,Fail
615001,628,Distinction
615025,399,Pass
615028,298,Pass
615031,987,Pass
615075,1881,Distinction
615075,1881,Distinction
615078,679,Distinction
615085,81,Fail
615090,160,Pass
615103,185,Fail
615112,108,Fail
615127,1933,Distinction
615148,91,Withdrawn
615165,454,Withdrawn
615173,125,Fail
615183,847,Withdrawn
615184,606,Fail
615218,9,Fail
615225,7262,Withdrawn
615225,7262,Pass
615229,7200,Pass
615229,7200,Pass
615241,2891,Distinction
615241,2891,Pass
615242,1541,Fail
615242,1541,Fail
615246,168,Fail
615249,777,Pass
615259,666,Pass
615263,64,Withdrawn
615266,4450,Distinction
615283,1855,Fail
615299,5982,Distinction
615300,201,Pass
615301,7180,Pass
615302,5028,Pass
615306,4876,Pass
615319,64,Fail
615321,72,Withdrawn
615327,536,Pass
615328,2001,Withdrawn
615340,1541,Pass
615342,1953,Pass
615356,2693,Pass
615377,725,Pass
615404,225,Fail
615407,36,Fail
615425,375,Pass
615426,2621,Withdrawn
615426,2621,Withdrawn
615429,3083,Withdrawn
615429,3083,Withdrawn
615437,3729,Pass
615438,323,Withdrawn
615439,2374,Pass
615443,325,Pass
616166,10,Withdrawn
616334,688,Fail
616334,688,Fail
616338,86,Pass
616342,515,Pass
616354,50,Fail
616377,474,Fail
616383,5343,Distinction
616386,11244,Pass
616386,11244,Pass
616407,2658,Withdrawn
616407,2658,Withdrawn
616407,2658,Withdrawn
616407,2658,Fail
616414,12,Withdrawn
616439,2561,Withdrawn
616439,2561,Fail
616439,2561,Pass
616453,598,Fail
616457,304,Pass
616464,56,Fail
616511,1268,Distinction
616512,1094,Pass
616517,4126,Distinction
616526,394,Fail
616536,233,Pass
616542,682,Pass
616595,1738,Pass
616613,764,Withdrawn
616629,1390,Pass
616646,2963,Withdrawn
616646,2963,Pass
616658,3917,Pass
616658,3917,Pass
616660,2523,Pass
616670,2962,Pass
616672,2874,Pass
616684,93,Withdrawn
616688,2949,Distinction
616700,1198,Withdrawn
616706,1421,Distinction
616708,506,Fail
616727,483,Pass
616728,59,Fail
616735,582,Pass
616739,252,Fail
616742,817,Distinction
616789,3634,Fail
616789,3634,Pass
616794,3744,Fail
616831,2062,Pass
616831,2062,Distinction
616851,3773,Pass
616862,309,Withdrawn
616862,309,Withdrawn
616866,291,Pass
616870,9422,Pass
616870,9422,Pass
616909,1046,Fail
616912,2421,Distinction
616913,2200,Pass
616914,1354,Pass
616919,5103,Distinction
616927,1481,Fail
616952,2339,Pass
617010,5712,Withdrawn
617010,5712,Pass
617012,5113,Pass
617014,2394,Pass
617018,1094,Fail
617053,554,Fail
617107,20,Fail
617114,531,Fail
617116,288,Pass
617119,3840,Pass
617126,128,Withdrawn
617130,1651,Pass
617130,1651,Withdrawn
617130,1651,Withdrawn
617133,98,Fail
617134,426,Withdrawn
617146,174,Fail
617147,172,Fail
617150,1885,Withdrawn
617186,22,Fail
617186,22,Fail
617190,645,Pass
617201,1933,Pass
617212,105,Withdrawn
617225,8706,Pass
617238,306,Fail
617249,698,Withdrawn
617265,296,Withdrawn
617287,167,Fail
617296,242,Fail
617297,629,Withdrawn
617297,629,Pass
617309,151,Withdrawn
617309,151,Fail
617318,5227,Pass
617327,585,Withdrawn
617327,585,Pass
617331,233,Fail
617331,233,Withdrawn
617332,259,Fail
617341,46,Withdrawn
617343,833,Withdrawn
617346,60,Fail
617348,2212,Pass
617350,154,Withdrawn
617355,9188,Pass
617355,9188,Pass
617358,1478,Withdrawn
617365,3711,Pass
617365,3711,Distinction
617382,5503,Pass
617391,241,Pass
617401,57,Withdrawn
617406,78,Withdrawn
617416,928,Pass
617418,683,Fail
617418,683,Fail
617436,1514,Withdrawn
617437,776,Withdrawn
617442,1937,Pass
617455,896,Pass
617470,352,Distinction
617472,543,Pass
617521,500,Pass
617525,591,Withdrawn
617525,591,Pass
617530,370,Pass
617531,1819,Pass
617534,3276,Pass
617535,413,Fail
617540,157,Fail
617543,675,Withdrawn
617556,44,Withdrawn
617560,202,Pass
617564,121,Fail
617576,358,Pass
617578,584,Distinction
617580,17481,Pass
617611,368,Fail
617619,1411,Fail
617638,50,Withdrawn
617678,3312,Pass
617699,2043,Pass
617700,569,Distinction
617714,84,Withdrawn
617717,38,Fail
617734,2487,Pass
617740,3946,Pass
617740,3946,Pass
617745,331,Pass
617751,2346,Pass
617764,332,Pass
617771,144,Withdrawn
617781,1448,Pass
617781,1448,Pass
617783,1463,Fail
617792,450,Pass
617801,1476,Pass
617805,7724,Pass
617811,122,Withdrawn
617813,495,Pass
617824,17,Withdrawn
617829,2229,Pass
617843,39,Withdrawn
617847,97,Withdrawn
617850,651,Pass
617868,2575,Pass
617880,974,Pass
617883,274,Fail
617886,1070,Pass
617888,2032,Pass
617889,81,Fail
617897,320,Fail
617898,83,Withdrawn
617898,83,Withdrawn
617909,537,Pass
617922,3056,Pass
617925,225,Withdrawn
617942,740,Withdrawn
617945,17,Fail
617950,22,Withdrawn
617952,920,Fail
617959,319,Fail
617962,590,Distinction
617965,3337,Pass
617976,5775,Pass
617993,212,Withdrawn
617998,5667,Pass
618002,298,Fail
618004,7604,Pass
618005,3631,Pass
618015,2637,Pass
618033,818,Withdrawn
618078,225,Withdrawn
618078,225,Fail
618088,1065,Distinction
618096,1215,Distinction
618119,4,Withdrawn
618124,841,Withdrawn
618129,1439,Pass
618131,140,Fail
618137,99,Withdrawn
618145,584,Distinction
618151,570,Pass
618171,637,Withdrawn
618171,637,Fail
618176,811,Pass
618197,1227,Withdrawn
618197,1227,Pass
618205,845,Pass
618216,2911,Pass
618244,876,Pass
618252,506,Withdrawn
618253,484,Fail
618258,1042,Pass
618265,21,Withdrawn
618279,615,Withdrawn
618279,615,Fail
618280,4401,Pass
618293,2216,Pass
618295,1607,Pass
618338,488,Pass
618377,440,Withdrawn
618377,440,Pass
618390,1322,Fail
618397,2546,Pass
618399,368,Pass
618412,3306,Pass
618513,2630,Fail
618513,2630,Pass
618519,6392,Pass
618531,1,Withdrawn
618539,75,Fail
618571,4077,Pass
618571,4077,Pass
618579,1569,Pass
618583,1465,Withdrawn
618583,1465,Pass
618586,10,Withdrawn
618589,1137,Fail
618590,1222,Withdrawn
618590,1222,Fail
618590,1222,Pass
618606,5769,Withdrawn
618606,5769,Pass
618619,444,Withdrawn
618619,444,Withdrawn
618621,297,Pass
618631,44,Fail
618632,656,Fail
618649,1608,Withdrawn
618649,1608,Pass
618649,1608,Pass
618662,2991,Withdrawn
618663,2689,Pass
618665,2951,Fail
618665,2951,Fail
618667,918,Fail
618670,140,Pass
618673,132,Fail
618675,448,Fail
618679,1143,Withdrawn
618682,337,Withdrawn
618683,7006,Distinction
618683,7006,Distinction
618696,516,Fail
618734,1180,Withdrawn
618737,1059,Distinction
618744,4145,Withdrawn
618744,4145,Withdrawn
618767,598,Pass
618777,4778,Distinction
618777,4778,Pass
618784,22,Withdrawn
618816,7,Fail
618824,2883,Pass
618824,2883,Distinction
618843,11,Withdrawn
618845,1422,Pass
618846,93,Withdrawn
618849,2101,Withdrawn
618861,964,Withdrawn
618865,486,Pass
618869,130,Fail
618875,5094,Fail
618875,5094,Pass
618882,739,Pass
618887,1342,Pass
618893,554,Distinction
618903,469,Withdrawn
618913,20,Withdrawn
618914,6386,Pass
618925,2,Fail
618937,1211,Pass
618940,1772,Distinction
618942,819,Withdrawn
618951,725,Pass
618960,240,Fail
618963,280,Withdrawn
618965,14,Fail
618968,164,Withdrawn
618981,950,Pass
618982,1215,Withdrawn
618982,1215,Pass
618983,1645,Fail
618989,4703,Pass
618994,1991,Pass
618998,100,Fail
619001,1567,Withdrawn
619006,540,Withdrawn
619006,540,Withdrawn
619013,279,Fail
619014,2000,Pass
619014,2000,Pass
619015,47,Withdrawn
619052,51,Fail
619054,80,Withdrawn
619055,126,Fail
619082,1363,Pass
619112,276,Withdrawn
619118,709,Fail
619161,613,Fail
619168,503,Pass
619196,602,Pass
619204,1215,Withdrawn
619204,1215,Pass
619207,28,Fail
619212,564,Pass
619284,32,Fail
619288,1100,Pass
619292,9616,Distinction
619292,9616,Distinction
619297,2018,Pass
619303,1532,Pass
619311,200,Withdrawn
619321,4330,Pass
619330,266,Withdrawn
619341,6798,Pass
619359,1401,Fail
619359,1401,Distinction
619363,684,Pass
619369,261,Withdrawn
619380,2560,Pass
619380,2560,Pass
619382,297,Withdrawn
619403,2160,Pass
619410,2498,Pass
619447,2844,Distinction
619461,3723,Distinction
619471,206,Pass
619472,57,Withdrawn
619478,119,Fail
619481,1529,Pass
619483,239,Distinction
619502,3439,Pass
619503,2047,Withdrawn
619503,2047,Pass
619508,296,Withdrawn
619520,47,Fail
619851,516,Withdrawn
619851,516,Withdrawn
619863,7,Withdrawn
619870,2272,Distinction
619887,13,Withdrawn
619887,13,Withdrawn
619887,13,Withdrawn
619907,713,Pass
619910,3053,Pass
619921,2124,Withdrawn
619926,349,Fail
619927,24368,Pass
619927,24368,Distinction
619928,14594,Pass
619928,14594,Distinction
619935,928,Pass
619939,20,Fail
619941,3449,Pass
619945,346,Withdrawn
619952,682,Pass
619964,242,Withdrawn
619974,3533,Withdrawn
620000,573,Pass
620004,983,Withdrawn
620018,295,Withdrawn
620060,274,Withdrawn
620072,1707,Fail
620073,895,Pass
620081,1198,Pass
620092,3235,Distinction
620094,14594,Distinction
620102,921,Fail
620106,34,Withdrawn
620112,979,Withdrawn
620112,979,Withdrawn
620115,38,Fail
620126,344,Withdrawn
620128,1892,Pass
620129,137,Pass
620148,810,Fail
620159,938,Fail
620159,938,Pass
620179,621,Distinction
620190,592,Pass
620197,986,Pass
620200,1479,Pass
620215,2097,Withdrawn
620215,2097,Pass
620218,43,Fail
620220,102,Withdrawn
620231,1918,Pass
620231,1918,Pass
620239,1179,Pass
620243,385,Withdrawn
620243,385,Fail
620243,385,Pass
620257,383,Pass
620260,40,Fail
620266,254,Fail
620269,2038,Pass
620277,1598,Fail
620283,18,Fail
620304,22,Fail
620317,1593,Pass
620320,1132,Withdrawn
620320,1132,Fail
620337,5791,Fail
620337,5791,Withdrawn
620343,2896,Distinction
620349,2687,Withdrawn
620354,858,Distinction
620356,10,Withdrawn
620356,10,Withdrawn
620368,1993,Distinction
620369,5830,Withdrawn
620369,5830,Fail
620369,5830,Pass
620376,10,Withdrawn
620376,10,Withdrawn
620389,27,Withdrawn
620393,252,Withdrawn
620399,257,Fail
620408,307,Distinction
620409,194,Pass
620414,1095,Fail
620423,463,Fail
620427,1809,Distinction
620430,3,Withdrawn
620431,4014,Pass
620437,2581,Fail
620440,6,Fail
620460,1043,Pass
620473,4458,Pass
620484,2825,Fail
620485,492,Withdrawn
620486,15,Withdrawn
620490,254,Pass
620498,358,Fail
620507,183,Withdrawn
620519,1560,Pass
620522,293,Pass
620536,791,Withdrawn
620552,191,Withdrawn
620561,660,Distinction
620564,241,Pass
620573,488,Pass
620590,747,Pass
620608,1610,Withdrawn
620608,1610,Fail
620629,215,Withdrawn
620630,2937,Pass
620646,1410,Fail
620646,1410,Pass
620652,568,Pass
620655,4,Withdrawn
620658,701,Pass
620694,166,Pass
620698,1110,Pass
620716,5345,Pass
620716,5345,Distinction
620726,455,Pass
620728,66,Fail
620734,1444,Distinction
620740,3512,Pass
620750,1172,Withdrawn
620782,1138,Withdrawn
620782,1138,Pass
620793,35,Withdrawn
620801,1603,Pass
620808,3843,Distinction
620810,2371,Pass
620819,4746,Withdrawn
620819,4746,Pass
620820,1875,Distinction
620824,16,Fail
620826,376,Withdrawn
620876,1568,Fail
620876,1568,Fail
620889,756,Pass
620892,507,Fail
620897,1563,Withdrawn
620897,1563,Withdrawn
620915,372,Withdrawn
620916,583,Fail
620918,104,Withdrawn
620918,104,Withdrawn
620922,3159,Pass
620923,476,Pass
620925,42,Withdrawn
620933,90,Fail
620935,6,Withdrawn
620946,1637,Distinction
620950,3,Withdrawn
620951,173,Withdrawn
620974,1680,Withdrawn
620974,1680,Withdrawn
620977,866,Withdrawn
620977,866,Withdrawn
620980,1297,Pass
620982,395,Distinction
621001,75,Withdrawn
621001,75,Fail
621004,436,Pass
621010,1370,Pass
621017,46,Fail
621025,25,Fail
621300,1323,Withdrawn
621300,1323,Pass
621300,1323,Distinction
621301,10529,Pass
621303,760,Fail
621319,610,Fail
621322,718,Pass
621323,261,Withdrawn
621331,339,Withdrawn
621342,246,Fail
621345,1311,Pass
621352,631,Fail
621369,863,Fail
621370,350,Fail
621380,656,Withdrawn
621380,656,Pass
621384,33,Fail
621394,159,Pass
621401,64,Fail
621401,64,Fail
621414,2584,Withdrawn
621414,2584,Pass
621433,1527,Fail
621436,1493,Pass
621441,5867,Pass
621442,416,Fail
621442,416,Pass
621457,2235,Distinction
621459,119,Withdrawn
621464,733,Fail
621473,385,Pass
621475,5635,Pass
621478,28,Withdrawn
621485,781,Pass
621487,153,Pass
621508,115,Withdrawn
621531,1617,Pass
621580,3695,Pass
621605,3413,Pass
621607,16,Withdrawn
621615,2598,Distinction
621619,11,Withdrawn
621619,11,Withdrawn
621655,1422,Withdrawn
621655,1422,Pass
621656,2567,Pass
621659,1529,Withdrawn
621659,1529,Fail
621675,3,Withdrawn
621675,3,Withdrawn
621676,11,Withdrawn
621682,44,Fail
621690,364,Fail
621693,92,Fail
621696,14687,Withdrawn
621696,14687,Pass
621696,14687,Pass
621699,653,Withdrawn
621699,653,Pass
621703,6,Fail
621716,1171,Pass
621722,4067,Pass
621741,14,Fail
621755,1099,Pass
621807,289,Withdrawn
621826,265,Pass
621862,537,Pass
621881,1833,Pass
621883,2803,Distinction
621884,4345,Distinction
621888,214,Fail
621894,519,Pass
621899,67,Withdrawn
621905,1091,Pass
621906,1624,Withdrawn
621906,1624,Fail
621908,424,Fail
621909,93,Withdrawn
621923,443,Pass
621937,20,Fail
621952,2026,Pass
621971,5012,Pass
621990,14,Withdrawn
621998,3285,Pass
622007,118,Fail
622015,1025,Withdrawn
622015,1025,Withdrawn
622015,1025,Fail
622027,326,Withdrawn
622029,167,Withdrawn
622037,2406,Fail
622074,363,Pass
622086,450,Withdrawn
622086,450,Pass
622096,2106,Withdrawn
622096,2106,Distinction
622117,34,Withdrawn
622118,288,Fail
622129,1907,Pass
622130,804,Withdrawn
622130,804,Fail
622132,2615,Distinction
622166,1852,Pass
622175,1070,Fail
622192,1707,Pass
622192,1707,Distinction
622199,7,Withdrawn
622207,29,Fail
622208,774,Pass
622215,921,Fail
622215,921,Pass
622217,251,Fail
622218,1443,Withdrawn
622223,38,Fail
622225,310,Fail
622245,727,Pass
622246,509,Withdrawn
622275,1816,Withdrawn
622278,1559,Pass
622280,1038,Fail
622281,62,Withdrawn
622302,2841,Distinction
622313,139,Pass
622315,906,Withdrawn
622315,906,Fail
622330,7,Withdrawn
622345,5544,Pass
622352,621,Pass
622362,250,Withdrawn
622368,3150,Pass
622368,3150,Pass
622374,19928,Pass
622374,19928,Distinction
622382,570,Pass
622384,173,Fail
622384,173,Fail
622386,3852,Fail
622392,1101,Fail
622398,34,Withdrawn
622398,34,Withdrawn
622413,1066,Withdrawn
622413,1066,Pass
622425,1772,Withdrawn
622425,1772,Pass
622430,2865,Withdrawn
622430,2865,Fail
622432,1244,Distinction
622433,381,Pass
622435,1415,Fail
622442,3348,Pass
622466,376,Pass
622480,482,Fail
622481,3898,Distinction
622499,350,Withdrawn
622500,2474,Distinction
622505,637,Distinction
622516,910,Fail
622538,71,Withdrawn
622541,2194,Pass
622541,2194,Pass
622555,563,Distinction
622570,979,Pass
622571,229,Fail
622573,2545,Pass
622597,941,Withdrawn
622604,267,Pass
622609,798,Pass
622614,312,Fail
622618,27,Fail
622626,332,Withdrawn
622626,332,Pass
622630,203,Withdrawn
622639,1419,Withdrawn
622646,435,Fail
622652,3289,Distinction
622657,340,Fail
622672,54,Withdrawn
622686,4585,Withdrawn
622686,4585,Distinction
622701,2332,Pass
622715,576,Fail
622720,487,Fail
622724,977,Pass
622753,186,Fail
622760,2969,Distinction
622764,2162,Distinction
622766,458,Fail
622773,3778,Pass
622787,2239,Fail
622790,686,Withdrawn
622792,37,Fail
622804,94,Withdrawn
622812,3361,Pass
622812,3361,Distinction
622838,423,Fail
622844,527,Withdrawn
622851,108,Fail
622859,1798,Pass
622867,187,Fail
622873,150,Withdrawn
622886,35,Withdrawn
622890,796,Withdrawn
622890,796,Withdrawn
622894,8,Withdrawn
622897,159,Withdrawn
622897,159,Withdrawn
622899,1799,Withdrawn
622899,1799,Withdrawn
622900,152,Fail
622910,151,Withdrawn
622918,512,Withdrawn
622927,125,Fail
622934,5653,Pass
622935,7653,Pass
622935,7653,Pass
622948,1529,Withdrawn
622948,1529,Pass
622967,627,Fail
622972,83,Fail
622974,383,Pass
622976,14890,Pass
622976,14890,Pass
622982,1152,Pass
623001,37,Withdrawn
623008,518,Pass
623010,2253,Pass
623015,46,Fail
623029,7,Fail
623042,921,Fail
623052,8143,Pass
623052,8143,Withdrawn
623055,3693,Pass
623069,64,Fail
623072,603,Pass
623073,4017,Pass
623079,3722,Withdrawn
623079,3722,Pass
623081,206,Distinction
623097,857,Pass
623099,144,Withdrawn
623100,3807,Distinction
623100,3807,Pass
623105,31,Fail
623115,727,Fail
623124,6605,Pass
623138,6,Fail
623164,1645,Pass
623166,1598,Withdrawn
623168,678,Pass
623169,339,Pass
623177,432,Fail
623178,409,Distinction
623180,650,Pass
623184,391,Fail
623190,462,Withdrawn
623190,462,Pass
623210,480,Fail
623221,1084,Distinction
623223,226,Withdrawn
623225,1613,Pass
623230,1344,Withdrawn
623240,787,Distinction
623250,4104,Pass
623250,4104,Pass
623257,351,Withdrawn
623263,523,Fail
623276,831,Pass
623289,1390,Pass
623290,847,Pass
623295,123,Fail
623314,6207,Distinction
623319,1,Withdrawn
623321,453,Fail
623322,116,Withdrawn
623326,167,Withdrawn
623332,23,Withdrawn
623333,559,Pass
623335,751,Pass
623347,1452,Distinction
623347,1452,Distinction
623352,545,Withdrawn
623366,756,Withdrawn
623376,1488,Pass
623406,550,Pass
623407,255,Withdrawn
623407,255,Withdrawn
623416,349,Pass
623418,27,Withdrawn
623419,295,Fail
623421,1141,Pass
623421,1141,Pass
623433,2773,Pass
623438,3658,Pass
623441,709,Pass
623442,384,Distinction
623456,581,Fail
623456,581,Fail
623457,479,Pass
623467,5106,Pass
623471,4726,Pass
623474,352,Fail
623475,370,Pass
623484,2252,Distinction
623495,474,Pass
623496,1213,Fail
623511,1070,Withdrawn
623511,1070,Distinction
623514,1789,Pass
623519,1911,Pass
623537,2855,Pass
623541,961,Pass
623542,848,Fail
623554,3493,Fail
623562,1653,Pass
623562,1653,Pass
623568,193,Withdrawn
623575,340,Pass
623579,2540,Pass
623585,1188,Pass
623588,1200,Pass
623589,3670,Distinction
623602,499,Pass
623603,146,Fail
623605,934,Fail
623609,514,Fail
623609,514,Fail
623622,198,Pass
623641,685,Pass
623648,1493,Pass
623654,613,Distinction
623660,1437,Pass
623667,2293,Pass
623667,2293,Pass
623687,3763,Pass
623689,89,Pass
623707,874,Withdrawn
623732,5723,Pass
623738,2871,Withdrawn
623738,2871,Fail
623740,187,Withdrawn
623757,315,Withdrawn
623763,3,Withdrawn
623765,4405,Pass
623778,987,Distinction
623780,2168,Fail
623780,2168,Pass
623786,36,Withdrawn
623786,36,Fail
623797,7392,Pass
623797,7392,Pass
623804,285,Pass
623812,314,Distinction
623815,3812,Pass
623821,405,Fail
623826,1085,Distinction
623829,282,Withdrawn
623831,806,Distinction
623834,38,Withdrawn
623840,2370,Pass
623845,555,Pass
623857,863,Fail
623859,990,Pass
623864,2812,Pass
623864,2812,Pass
623882,232,Pass
623889,1862,Pass
623903,834,Pass
623911,74,Fail
623917,1312,Fail
623917,1312,Withdrawn
623917,1312,Withdrawn
623919,948,Pass
623924,4743,Distinction
623931,859,Pass
623932,882,Fail
623935,345,Pass
623937,1800,Pass
623940,856,Fail
623945,68,Withdrawn
623948,8191,Pass
623953,188,Fail
623955,106,Fail
623968,3741,Pass
623988,348,Pass
623989,2044,Distinction
624007,1280,Pass
624011,540,Pass
624014,551,Fail
624034,172,Withdrawn
624039,88,Fail
624046,388,Pass
624050,23,Withdrawn
624052,2857,Pass
624056,131,Withdrawn
624060,16980,Withdrawn
624060,16980,Distinction
624068,9,Withdrawn
624069,146,Pass
624077,1613,Distinction
624078,1405,Fail
624092,626,Fail
624092,626,Fail
624093,283,Withdrawn
624099,12,Withdrawn
624105,366,Fail
624126,1248,Withdrawn
624126,1248,Withdrawn
624126,1248,Withdrawn
624126,1248,Fail
624127,920,Pass
624134,541,Fail
624152,1460,Fail
624153,541,Fail
624156,3079,Fail
624156,3079,Pass
624164,1011,Pass
624178,1565,Pass
624187,1303,Withdrawn
624196,1315,Pass
624197,4727,Pass
624199,109,Withdrawn
624209,2435,Pass
624222,3023,Distinction
624226,537,Distinction
624230,350,Pass
624256,4913,Pass
624259,11,Fail
624266,101,Withdrawn
624282,4096,Distinction
624297,46,Withdrawn
624306,262,Pass
624321,279,Withdrawn
624327,86,Fail
624342,1103,Pass
624344,2108,Pass
624350,41,Withdrawn
624354,345,Withdrawn
624354,345,Fail
624358,2015,Pass
624376,675,Withdrawn
624384,48,Withdrawn
624406,9041,Distinction
624407,209,Fail
624415,161,Pass
624433,464,Pass
624441,1566,Pass
624441,1566,Pass
624445,2699,Distinction
624455,56,Fail
624469,2229,Withdrawn
624469,2229,Pass
624476,341,Withdrawn
624483,2673,Distinction
624493,2202,Pass
624493,2202,Distinction
624499,3550,Fail
624514,269,Withdrawn
624518,54,Withdrawn
624522,218,Pass
624544,68,Withdrawn
624556,1655,Fail
624563,341,Pass
624567,4,Fail
624569,179,Fail
624570,1530,Fail
624585,1208,Withdrawn
624585,1208,Pass
624586,1521,Pass
624591,3075,Fail
624591,3075,Pass
624592,315,Pass
624593,1,Withdrawn
624598,68,Fail
624604,19,Fail
624610,1741,Withdrawn
624650,273,Withdrawn
624651,83,Withdrawn
624653,430,Pass
624661,327,Pass
624667,208,Fail
624673,128,Withdrawn
624677,14,Fail
624679,1695,Fail
624704,25,Fail
624706,204,Fail
624709,195,Fail
624714,557,Distinction
624718,165,Withdrawn
624727,536,Pass
624730,330,Withdrawn
624730,330,Fail
624734,103,Withdrawn
624738,738,Pass
624740,85,Withdrawn
624743,29,Withdrawn
624751,3618,Pass
624763,5768,Pass
624765,49,Withdrawn
624767,1051,Withdrawn
624767,1051,Distinction
624772,485,Withdrawn
624773,3374,Pass
624777,633,Distinction
624782,1810,Fail
624782,1810,Pass
624789,6428,Pass
624789,6428,Pass
624795,617,Withdrawn
624795,617,Fail
624799,171,Fail
624804,667,Pass
624810,487,Pass
624828,13,Fail
624829,248,Fail
624839,1326,Pass
624847,423,Pass
624860,239,Withdrawn
624864,4117,Distinction
624875,1566,Distinction
624879,23,Withdrawn
624881,3061,Pass
624891,1405,Pass
624906,602,Pass
624912,415,Pass
624921,249,Withdrawn
624927,1514,Distinction
624927,1514,Distinction
624938,371,Pass
624944,171,Withdrawn
624946,3422,Pass
624957,365,Withdrawn
624967,1721,Withdrawn
624970,4353,Pass
624970,4353,Pass
624972,186,Pass
624975,259,Withdrawn
624981,1207,Pass
624997,173,Pass
625004,518,Fail
625014,8018,Distinction
625021,1019,Pass
625024,438,Pass
625027,8,Fail
625028,720,Distinction
625033,1027,Distinction
625034,1663,Withdrawn
625035,3547,Distinction
625043,482,Withdrawn
625067,7597,Pass
625067,7597,Pass
625071,433,Pass
625073,9,Fail
625075,1460,Fail
625077,3080,Pass
625078,656,Withdrawn
625078,656,Withdrawn
625080,243,Withdrawn
625087,657,Fail
625089,514,Pass
625094,368,Pass
625098,358,Fail
625098,358,Fail
625100,303,Fail
625106,181,Fail
625108,2034,Distinction
625121,135,Withdrawn
625121,135,Withdrawn
625124,973,Fail
625126,2026,Withdrawn
625126,2026,Pass
625128,156,Fail
625167,341,Pass
625174,1780,Distinction
625180,2,Fail
625182,280,Withdrawn
625185,661,Pass
625191,3030,Distinction
625207,133,Withdrawn
625207,133,Withdrawn
625213,1496,Withdrawn
625213,1496,Fail
625214,95,Withdrawn
625218,4002,Withdrawn
625218,4002,Distinction
625241,527,Pass
625245,4064,Pass
625249,446,Pass
625251,906,Pass
625263,2236,Pass
625263,2236,Pass
625283,583,Pass
625288,543,Withdrawn
625288,543,Withdrawn
625291,1922,Pass
625295,17,Fail
625301,5,Fail
625303,4062,Pass
625306,4833,Pass
625330,5182,Distinction
625330,5182,Withdrawn
625349,3258,Pass
625357,1443,Pass
625361,660,Fail
625373,8,Withdrawn
625376,2253,Pass
625383,538,Pass
625390,363,Pass
625394,1264,Fail
625399,99,Fail
625406,7877,Pass
625411,651,Pass
625423,394,Withdrawn
625427,2304,Pass
625444,407,Pass
625446,515,Pass
625453,852,Pass
625467,7463,Pass
625476,4076,Withdrawn
625476,4076,Distinction
625477,681,Distinction
625478,18,Fail
625494,244,Pass
625500,111,Fail
625502,139,Withdrawn
625514,446,Pass
625515,1733,Pass
625517,178,Withdrawn
625527,4137,Withdrawn
625527,4137,Pass
625530,1103,Pass
625536,5385,Pass
625540,77,Fail
625541,3746,Fail
625541,3746,Pass
625544,141,Distinction
625545,1010,Distinction
625548,2636,Pass
625552,1009,Pass
625555,726,Pass
625566,5385,Distinction
625574,2762,Distinction
625578,136,Withdrawn
625588,3335,Pass
625603,364,Pass
625609,2621,Withdrawn
625609,2621,Fail
625613,39,Withdrawn
625614,3953,Withdrawn
625614,3953,Pass
625615,483,Fail
625619,21,Withdrawn
625642,158,Fail
625649,247,Pass
625651,727,Distinction
625666,1224,Pass
625667,80,Withdrawn
625676,209,Fail
625684,475,Fail
625709,81,Fail
625713,204,Fail
625714,712,Fail
625714,712,Pass
625722,1401,Pass
625724,2102,Pass
625740,1521,Fail
625740,1521,Pass
625743,3184,Pass
625745,4035,Pass
625748,1087,Pass
625753,4009,Distinction
625765,357,Fail
625768,75,Fail
625775,559,Fail
625782,1796,Pass
625785,1609,Withdrawn
625785,1609,Withdrawn
625785,1609,Pass
625790,1608,Withdrawn
625790,1608,Fail
625793,463,Withdrawn
625793,463,Withdrawn
625794,1394,Pass
625797,511,Fail
625800,509,Withdrawn
625802,3540,Fail
625812,572,Withdrawn
625816,2947,Pass
625822,2169,Distinction
625826,299,Distinction
625828,610,Withdrawn
625833,724,Distinction
625835,79,Withdrawn
625838,8229,Pass
625838,8229,Pass
625841,657,Fail
625841,657,Fail
625853,29,Fail
625857,812,Withdrawn
625861,2363,Pass
625864,1544,Pass
625874,257,Withdrawn
625875,461,Distinction
625879,125,Fail
625884,312,Withdrawn
625884,312,Withdrawn
625901,319,Withdrawn
625902,183,Withdrawn
625903,468,Withdrawn
625903,468,Pass
625912,430,Pass
625919,990,Distinction
625928,290,Withdrawn
625930,53,Withdrawn
625950,158,Withdrawn
625950,158,Withdrawn
625953,2267,Withdrawn
625953,2267,Pass
625975,527,Fail
625975,527,Fail
625977,2504,Fail
625983,427,Withdrawn
625986,6,Withdrawn
625995,432,Fail
626005,1256,Fail
626012,1211,Pass
626018,1553,Fail
626022,2888,Withdrawn
626023,1346,Pass
626033,7156,Distinction
626040,430,Fail
626046,3402,Distinction
626049,257,Withdrawn
626055,1360,Fail
626055,1360,Fail
626061,312,Pass
626075,181,Pass
626091,487,Distinction
626092,183,Fail
626096,12,Fail
626103,11279,Pass
626103,11279,Pass
626114,2157,Distinction
626123,849,Distinction
626126,769,Pass
626128,4431,Distinction
626132,4545,Pass
626138,4151,Pass
626139,1292,Pass
626145,917,Distinction
626146,1260,Pass
626159,12461,Pass
626159,12461,Pass
626164,533,Pass
626172,1202,Distinction
626173,220,Withdrawn
626174,11,Withdrawn
626179,673,Pass
626183,1404,Fail
626183,1404,Pass
626192,1103,Pass
626195,3162,Distinction
626198,1613,Pass
626210,1109,Fail
626213,14,Fail
626217,729,Fail
626231,3519,Pass
626238,1209,Pass
626240,588,Pass
626245,154,Pass
626252,2238,Distinction
626254,267,Pass
626256,1313,Pass
626259,1272,Pass
626282,961,Distinction
626287,240,Pass
626296,3512,Withdrawn
626296,3512,Pass
626296,3512,Pass
626297,362,Fail
626306,541,Pass
626307,112,Withdrawn
626317,420,Fail
626320,15,Withdrawn
626321,92,Withdrawn
626326,6177,Distinction
626348,1074,Withdrawn
626349,1556,Withdrawn
626349,1556,Withdrawn
626349,1556,Fail
626352,202,Pass
626365,586,Pass
626372,477,Pass
626379,733,Pass
626384,607,Distinction
626386,1123,Withdrawn
626386,1123,Withdrawn
626403,433,Withdrawn
626405,646,Fail
626407,4072,Fail
626407,4072,Pass
626416,4028,Distinction
626417,2034,Withdrawn
626417,2034,Pass
626417,2034,Distinction
626419,4177,Distinction
626428,182,Fail
626438,35,Withdrawn
626442,6,Fail
626444,376,Withdrawn
626444,376,Withdrawn
626448,4012,Distinction
626450,2145,Distinction
626454,2901,Pass
626463,253,Pass
626469,294,Withdrawn
626469,294,Fail
626473,1873,Fail
626477,3796,Pass
626491,329,Distinction
626494,345,Fail
626501,707,Pass
626514,5333,Pass
626516,1508,Fail
626516,1508,Fail
626519,4739,Pass
626519,4739,Pass
626530,3515,Fail
626537,1221,Pass
626539,1078,Withdrawn
626539,1078,Withdrawn
626546,763,Withdrawn
626546,763,Withdrawn
626551,1534,Distinction
626552,1919,Withdrawn
626552,1919,Pass
626555,2212,Pass
626556,742,Pass
626579,1238,Fail
626585,888,Pass
626589,489,Pass
626604,1057,Pass
626607,1610,Withdrawn
626614,1703,Fail
626618,109,Fail
626625,3547,Withdrawn
626625,3547,Fail
626625,3547,Pass
626629,332,Fail
626630,381,Pass
626642,336,Pass
626644,1711,Pass
626646,1043,Distinction
626660,27,Withdrawn
626667,166,Fail
626675,109,Fail
626679,1892,Fail
626692,1586,Withdrawn
626700,914,Withdrawn
626708,382,Distinction
626712,17,Withdrawn
626714,1572,Fail
626714,1572,Pass
626723,324,Fail
626740,1070,Pass
626749,567,Pass
626750,132,Fail
626751,36,Withdrawn
626753,1407,Withdrawn
626753,1407,Pass
626757,2860,Pass
626763,3150,Pass
626765,1771,Pass
626768,3829,Withdrawn
626768,3829,Pass
626772,618,Withdrawn
626772,618,Fail
626777,74,Withdrawn
626778,7596,Pass
626798,71,Withdrawn
626801,3463,Fail
626828,4893,Pass
626841,2942,Distinction
626843,228,Pass
626852,735,Pass
626857,1570,Fail
626862,2123,Distinction
626872,61,Withdrawn
626877,1291,Fail
626877,1291,Pass
626878,1724,Fail
626878,1724,Pass
626881,4468,Pass
626885,1772,Pass
626889,703,Pass
626890,3988,Pass
626897,40,Fail
626906,340,Fail
626906,340,Fail
626917,483,Fail
626927,120,Withdrawn
626928,246,Pass
626930,269,Withdrawn
626930,269,Withdrawn
626951,578,Pass
626966,552,Distinction
626979,799,Fail
626982,620,Pass
626987,5041,Pass
626998,1148,Pass
626998,1148,Withdrawn
626998,1148,Pass
627000,193,Fail
627021,502,Pass
627022,2098,Pass
627026,1902,Withdrawn
627027,798,Pass
627043,6,Fail
627050,248,Pass
627057,508,Pass
627061,3702,Pass
627066,276,Fail
627067,3646,Distinction
627071,1036,Withdrawn
627076,107,Fail
627094,51,Fail
627097,359,Pass
627100,1607,Pass
627115,436,Distinction
627118,769,Pass
627119,179,Withdrawn
627126,607,Fail
627136,1263,Distinction
627145,3042,Pass
627160,35,Withdrawn
627160,35,Withdrawn
627168,792,Withdrawn
627168,792,Withdrawn
627173,256,Fail
627176,1690,Withdrawn
627176,1690,Fail
627179,258,Fail
627184,1278,Fail
627184,1278,Pass
627185,1073,Pass
627190,2873,Pass
627217,1185,Distinction
627236,1517,Pass
627238,2380,Withdrawn
627238,2380,Withdrawn
627244,819,Pass
627247,4361,Distinction
627251,462,Pass
627253,915,Distinction
627264,1094,Distinction
627269,6251,Pass
627270,1454,Distinction
627276,1129,Pass
627280,482,Withdrawn
627283,2619,Pass
627283,2619,Pass
627285,352,Pass
627290,589,Fail
627290,589,Fail
627295,2063,Withdrawn
627295,2063,Pass
627307,2459,Withdrawn
627307,2459,Pass
627312,991,Pass
627316,15,Withdrawn
627321,3,Fail
627322,1892,Distinction
627327,1172,Pass
627330,601,Pass
627333,808,Pass
627333,808,Withdrawn
627343,1497,Pass
627348,942,Pass
627365,4028,Distinction
627366,155,Withdrawn
627367,885,Withdrawn
627367,885,Withdrawn
627370,6,Withdrawn
627374,719,Pass
627379,150,Withdrawn
627379,150,Withdrawn
627380,1649,Pass
627383,119,Withdrawn
627386,242,Fail
627387,1111,Pass
627387,1111,Pass
627388,354,Distinction
627390,666,Withdrawn
627395,23,Withdrawn
627395,23,Withdrawn
627397,1295,Distinction
627399,9315,Pass
627399,9315,Distinction
627401,2358,Distinction
627401,2358,Distinction
627403,2146,Fail
627416,648,Withdrawn
627416,648,Withdrawn
627417,6665,Pass
627417,6665,Distinction
627427,175,Withdrawn
627435,472,Withdrawn
627441,22,Fail
627442,1194,Pass
627450,4857,Fail
627450,4857,Pass
627453,413,Pass
627457,20,Withdrawn
627461,345,Fail
627468,1489,Pass
627471,5594,Pass
627471,5594,Pass
627476,1174,Pass
627481,381,Pass
627500,713,Withdrawn
627500,713,Withdrawn
627500,713,Fail
627509,468,Pass
627516,2589,Withdrawn
627516,2589,Pass
627520,136,Withdrawn
627521,2443,Distinction
627524,343,Withdrawn
627527,334,Pass
627528,6,Fail
627530,299,Pass
627536,450,Distinction
627549,1277,Distinction
627550,569,Pass
627563,2075,Pass
627569,112,Fail
627581,993,Withdrawn
627581,993,Fail
627595,3852,Pass
627597,458,Pass
627599,141,Withdrawn
627613,169,Fail
627616,208,Withdrawn
627618,483,Withdrawn
627620,3909,Distinction
627622,2488,Pass
627632,19,Withdrawn
627635,96,Fail
627636,2502,Withdrawn
627636,2502,Pass
627638,1040,Withdrawn
627647,2155,Pass
627655,101,Fail
627659,79,Pass
627660,1688,Fail
627661,237,Pass
627679,5460,Distinction
627680,90,Withdrawn
627685,266,Pass
627691,2628,Pass
627692,4429,Distinction
627695,566,Fail
627711,2241,Withdrawn
627711,2241,Pass
627717,3226,Distinction
627727,349,Withdrawn
627747,1182,Pass
627750,1465,Pass
627750,1465,Pass
627751,1122,Withdrawn
627764,189,Pass
627772,865,Pass
627773,565,Distinction
627777,603,Pass
627784,657,Withdrawn
627787,1590,Pass
627808,1188,Withdrawn
627809,44,Fail
627812,211,Withdrawn
627812,211,Distinction
627821,523,Distinction
627827,640,Fail
627829,3457,Pass
627834,499,Distinction
627840,1244,Withdrawn
627840,1244,Withdrawn
627843,190,Withdrawn
627847,743,Withdrawn
627860,2149,Pass
627879,1071,Pass
627882,2623,Distinction
627886,4507,Pass
627891,307,Pass
627895,452,Pass
627901,521,Pass
627907,2018,Withdrawn
627907,2018,Pass
627924,422,Withdrawn
627933,583,Fail
627935,308,Withdrawn
627947,1932,Withdrawn
627947,1932,Withdrawn
627948,276,Fail
627961,703,Fail
627968,1166,Fail
627973,151,Fail
628004,5358,Pass
628006,4234,Pass
628008,989,Withdrawn
628008,989,Pass
628010,20,Withdrawn
628022,8,Withdrawn
628029,1090,Withdrawn
628034,10202,Pass
628034,10202,Pass
628038,1523,Fail
628053,1,Fail
628054,3161,Withdrawn
628054,3161,Pass
628054,3161,Withdrawn
628058,3115,Pass
628086,2239,Pass
628088,519,Withdrawn
628090,451,Fail
628098,2747,Pass
628099,1307,Pass
628110,285,Fail
628114,6051,Pass
628114,6051,Pass
628117,1921,Pass
628119,1179,Fail
628122,194,Fail
628140,5837,Pass
628141,257,Withdrawn
628141,257,Fail
628143,1174,Fail
628149,7604,Pass
628152,3764,Pass
628157,2906,Distinction
628157,2906,Pass
628172,230,Fail
628174,3384,Pass
628176,863,Pass
628178,2629,Distinction
628180,1468,Pass
628181,2282,Pass
628183,211,Fail
628189,250,Fail
628190,371,Pass
628214,513,Withdrawn
628214,513,Withdrawn
628216,1497,Pass
628216,1497,Distinction
628217,42,Fail
628227,213,Pass
628246,1047,Pass
628259,724,Fail
628262,162,Withdrawn
628280,470,Pass
628287,1721,Fail
628293,1576,Pass
628296,8,Withdrawn
628299,1471,Distinction
628300,1457,Pass
628300,1457,Pass
628301,782,Distinction
628307,3775,Fail
628308,339,Withdrawn
628312,77,Withdrawn
628316,275,Distinction
628323,527,Withdrawn
628328,355,Pass
628329,12,Fail
628333,851,Pass
628347,691,Pass
628361,11237,Distinction
628361,11237,Distinction
628363,60,Fail
628365,14,Fail
628366,417,Withdrawn
628366,417,Withdrawn
628366,417,Withdrawn
628367,194,Pass
628369,501,Pass
628370,1769,Fail
628376,1353,Pass
628376,1353,Pass
628379,707,Fail
628383,12676,Pass
628383,12676,Pass
628386,1383,Pass
628388,490,Pass
628389,1368,Distinction
628390,1596,Pass
628402,45,Withdrawn
628407,1040,Pass
628411,163,Fail
628423,337,Distinction
628437,1591,Withdrawn
628437,1591,Pass
628442,75,Withdrawn
628443,1848,Pass
628455,1057,Pass
628476,803,Withdrawn
628480,1949,Withdrawn
628480,1949,Pass
628495,776,Pass
628502,1490,Pass
628506,823,Pass
628511,267,Fail
628516,248,Distinction
628519,543,Pass
628521,1819,Pass
628525,27,Fail
628527,876,Withdrawn
628527,876,Withdrawn
628530,1125,Pass
628538,64,Fail
628545,1371,Distinction
628561,1556,Pass
628565,1096,Withdrawn
628569,157,Fail
628575,1232,Pass
628575,1232,Distinction
628580,674,Distinction
628586,265,Fail
628593,1787,Pass
628598,474,Pass
628616,382,Distinction
628618,248,Fail
628630,250,Pass
628631,500,Pass
628635,419,Pass
628642,644,Pass
628653,9,Fail
628655,20,Fail
628656,609,Pass
628662,305,Withdrawn
628663,871,Pass
628669,660,Pass
628677,1719,Withdrawn
628677,1719,Withdrawn
628679,1254,Pass
628706,143,Withdrawn
628712,707,Distinction
628715,77,Withdrawn
628717,1316,Withdrawn
628717,1316,Withdrawn
628718,789,Withdrawn
628718,789,Pass
628720,2374,Withdrawn
628720,2374,Pass
628722,5,Fail
628725,765,Withdrawn
628725,765,Fail
628733,41,Withdrawn
628741,835,Pass
628751,899,Pass
628759,57,Fail
628762,87,Withdrawn
628766,1356,Pass
628771,128,Withdrawn
628777,1626,Pass
628777,1626,Pass
628803,2391,Withdrawn
628803,2391,Withdrawn
628803,2391,Fail
628806,2690,Withdrawn
628806,2690,Distinction
628827,94,Fail
628835,2575,Pass
628837,854,Fail
628841,3500,Withdrawn
628841,3500,Pass
628846,3938,Withdrawn
628846,3938,Pass
628846,3938,Withdrawn
628849,6,Fail
628851,32,Fail
628869,515,Distinction
628870,636,Pass
628875,719,Pass
628881,717,Distinction
628888,3029,Pass
628903,98,Fail
628910,4294,Pass
628910,4294,Pass
628914,561,Fail
628915,3001,Distinction
628925,3292,Fail
628929,243,Pass
628931,697,Pass
628938,182,Withdrawn
628938,182,Withdrawn
628941,108,Pass
628947,183,Withdrawn
628954,350,Pass
628956,1071,Pass
628959,1764,Pass
628964,4588,Distinction
628970,134,Withdrawn
628972,4563,Pass
628978,144,Fail
628982,475,Fail
628991,3357,Pass
628995,1597,Pass
629000,259,Fail
629014,7780,Withdrawn
629014,7780,Pass
629022,1149,Pass
629026,715,Pass
629029,2573,Withdrawn
629029,2573,Fail
629037,563,Pass
629039,350,Withdrawn
629040,367,Withdrawn
629044,298,Fail
629053,2156,Pass
629055,739,Pass
629056,513,Withdrawn
629060,150,Pass
629081,546,Fail
629081,546,Fail
629088,102,Withdrawn
629089,317,Fail
629094,90,Fail
629096,4889,Fail
629096,4889,Pass
629101,712,Pass
629103,311,Fail
629119,205,Fail
629120,289,Fail
629127,5311,Pass
629153,794,Pass
629159,94,Fail
629163,530,Withdrawn
629164,5508,Distinction
629182,2795,Withdrawn
629182,2795,Fail
629198,664,Distinction
629202,1167,Distinction
629228,75,Withdrawn
629231,639,Withdrawn
629240,605,Pass
629244,2189,Pass
629245,1847,Pass
629258,1800,Fail
629267,3727,Fail
629270,395,Fail
629274,115,Pass
629283,367,Withdrawn
629291,9816,Pass
629303,1441,Pass
629309,5099,Pass
629310,718,Fail
629316,542,Fail
629342,3781,Withdrawn
629342,3781,Fail
629379,995,Pass
629386,817,Fail
629387,26,Withdrawn
629394,24,Withdrawn
629400,1412,Withdrawn
629400,1412,Pass
629404,177,Withdrawn
629405,6538,Pass
629405,6538,Pass
629414,2925,Pass
629424,1262,Withdrawn
629452,2967,Distinction
629454,827,Withdrawn
629459,763,Withdrawn
629461,157,Fail
629462,21,Withdrawn
629490,1875,Fail
629491,5362,Pass
629500,1190,Withdrawn
629500,1190,Fail
629504,911,Pass
629506,1568,Pass
629507,265,Pass
629514,311,Fail
629522,3760,Withdrawn
629522,3760,Withdrawn
629523,5515,Distinction
629535,1219,Fail
629535,1219,Pass
629537,18,Fail
629538,58,Withdrawn
629540,7232,Pass
629541,2797,Pass
629542,47,Fail
629543,1,Withdrawn
629553,257,Pass
629554,110,Fail
629560,1145,Withdrawn
629560,1145,Withdrawn
629580,57,Fail
629594,395,Fail
629601,2320,Withdrawn
629601,2320,Pass
629603,4733,Pass
629607,1282,Pass
629613,421,Fail
629613,421,Fail
629619,561,Pass
629623,186,Withdrawn
629623,186,Withdrawn
629627,712,Withdrawn
629628,227,Withdrawn
629628,227,Withdrawn
629632,2569,Withdrawn
629632,2569,Withdrawn
629633,1253,Distinction
629642,5007,Pass
629654,1768,Fail
629654,1768,Pass
629655,1882,Fail
629686,206,Withdrawn
629692,5152,Withdrawn
629692,5152,Distinction
629692,5152,Pass
629693,2369,Pass
629694,118,Fail
629696,4101,Withdrawn
629696,4101,Distinction
629696,4101,Distinction
629699,739,Fail
629702,164,Withdrawn
629703,5729,Pass
629706,202,Withdrawn
629710,5548,Distinction
629710,5548,Distinction
629725,757,Pass
629735,47,Withdrawn
629736,468,Withdrawn
629736,468,Pass
629739,1751,Pass
629745,1213,Fail
629748,304,Withdrawn
629753,5321,Pass
629762,344,Withdrawn
629766,1185,Pass
629767,972,Fail
629772,657,Pass
629773,303,Withdrawn
629773,303,Withdrawn
629777,1052,Pass
629779,121,Pass
629798,590,Withdrawn
629813,524,Fail
629818,2857,Distinction
629820,302,Distinction
629822,508,Withdrawn
629822,508,Pass
629835,600,Pass
629852,805,Withdrawn
629853,549,Pass
629862,4099,Pass
629862,4099,Pass
629867,196,Fail
629870,116,Fail
629873,4699,Distinction
629876,472,Fail
629877,1893,Distinction
629878,1352,Fail
629879,393,Fail
629881,5154,Pass
629886,2668,Pass
629887,67,Withdrawn
629887,67,Withdrawn
629890,339,Fail
629891,724,Distinction
629898,1425,Pass
629906,2642,Withdrawn
629906,2642,Fail
629907,669,Withdrawn
629918,211,Fail
629921,1382,Pass
629922,3703,Pass
629923,673,Fail
629928,5645,Withdrawn
629936,1063,Fail
629938,7459,Pass
629944,3430,Distinction
629955,49,Fail
629960,16,Fail
629961,91,Fail
629963,57,Fail
629976,263,Withdrawn
629978,111,Fail
629990,48,Fail
629993,2848,Fail
630005,640,Withdrawn
630008,4,Fail
630009,223,Withdrawn
630012,1171,Distinction
630013,3501,Fail
630013,3501,Pass
630015,3689,Distinction
630024,16,Withdrawn
630028,606,Pass
630029,225,Pass
630030,141,Pass
630038,474,Fail
630045,5965,Pass
630047,10563,Pass
630047,10563,Pass
630052,463,Distinction
630053,375,Pass
630073,1393,Withdrawn
630073,1393,Pass
630083,3633,Pass
630086,2521,Pass
630086,2521,Pass
630090,1053,Fail
630099,1082,Pass
630105,1734,Pass
630106,3722,Pass
630108,739,Pass
630109,2176,Pass
630129,408,Withdrawn
630133,1,Fail
630137,1975,Pass
630142,455,Withdrawn
630147,138,Fail
630149,47,Fail
630152,291,Fail
630152,291,Fail
630156,9,Fail
630157,1345,Pass
630158,6199,Pass
630165,2475,Withdrawn
630165,2475,Pass
630168,2315,Withdrawn
630168,2315,Withdrawn
630177,4976,Pass
630177,4976,Distinction
630178,1745,Pass
630178,1745,Pass
630186,555,Withdrawn
630195,311,Withdrawn
630200,884,Withdrawn
630200,884,Fail
630200,884,Pass
630203,178,Withdrawn
630211,3117,Pass
630219,333,Pass
630221,865,Pass
630240,132,Withdrawn
630242,453,Fail
630260,142,Fail
630264,1177,Pass
630269,397,Withdrawn
630286,232,Fail
630301,623,Fail
630315,1198,Pass
630326,3929,Pass
630328,349,Pass
630333,331,Pass
630343,395,Withdrawn
630345,392,Fail
630354,412,Withdrawn
630358,156,Withdrawn
630359,78,Withdrawn
630372,148,Pass
630380,672,Pass
630393,665,Distinction
630401,910,Withdrawn
630404,2258,Pass
630415,1439,Pass
630416,11,Withdrawn
630426,8,Fail
630430,3816,Pass
630431,411,Fail
630432,1079,Pass
630443,329,Pass
630446,501,Pass
630449,2268,Fail
630449,2268,Pass
630451,1066,Distinction
630452,2198,Pass
630452,2198,Pass
630467,2566,Distinction
630471,79,Fail
630476,68,Withdrawn
630479,4588,Pass
630479,4588,Pass
630488,3108,Pass
630491,1145,Withdrawn
630496,940,Pass
630497,64,Fail
630514,45,Withdrawn
630514,45,Withdrawn
630519,4013,Pass
630519,4013,Pass
630522,546,Pass
630531,37,Withdrawn
630531,37,Withdrawn
630540,2402,Withdrawn
630540,2402,Withdrawn
630541,3129,Withdrawn
630541,3129,Distinction
630549,226,Fail
630556,140,Withdrawn
630561,1250,Pass
630569,320,Pass
630573,1326,Withdrawn
630573,1326,Withdrawn
630574,554,Withdrawn
630585,2964,Fail
630585,2964,Fail
630586,185,Fail
630596,3572,Distinction
630597,23,Pass
630606,4410,Pass
630606,4410,Pass
630608,1271,Pass
630613,5456,Pass
630613,5456,Pass
630634,2372,Pass
630635,1855,Fail
630635,1855,Pass
630653,1299,Pass
630654,1561,Fail
630655,1560,Pass
630657,418,Withdrawn
630657,418,Fail
630671,2834,Pass
630696,917,Fail
630697,132,Pass
630716,1135,Fail
630718,1752,Pass
630722,1467,Pass
630730,2296,Fail
630734,6271,Pass
630736,352,Pass
630745,1557,Withdrawn
630748,826,Withdrawn
630759,680,Fail
630762,295,Fail
630763,290,Pass
630770,926,Distinction
630773,84,Fail
630774,924,Pass
630775,4,Withdrawn
630776,1129,Withdrawn
630778,724,Pass
630782,1,Withdrawn
630787,446,Pass
630788,900,Pass
630794,1036,Fail
630804,744,Withdrawn
630812,521,Withdrawn
630818,2584,Distinction
630823,1234,Pass
630825,155,Fail
630825,155,Fail
630830,1624,Pass
630833,192,Fail
630834,3250,Pass
630834,3250,Pass
630835,8487,Distinction
630841,1077,Pass
630854,2207,Pass
630858,1337,Pass
630859,3735,Pass
630863,531,Pass
630867,105,Fail
630868,899,Withdrawn
630876,1325,Pass
630881,676,Pass
630888,1392,Withdrawn
630888,1392,Pass
630891,3075,Withdrawn
630891,3075,Fail
630896,2307,Distinction
630900,5608,Pass
630900,5608,Distinction
630905,28264,Distinction
630905,28264,Distinction
630910,4426,Pass
630912,2553,Fail
630912,2553,Pass
630924,2704,Pass
630935,3414,Pass
630935,3414,Pass
630937,2384,Distinction
630939,2,Withdrawn
630944,567,Pass
630946,583,Pass
630948,1460,Pass
630966,11766,Pass
630980,97,Withdrawn
630992,1747,Fail
630999,44,Withdrawn
631016,4497,Withdrawn
631016,4497,Pass
631023,4437,Withdrawn
631023,4437,Pass
631029,321,Fail
631031,315,Withdrawn
631033,255,Pass
631038,70,Withdrawn
631044,3794,Pass
631051,80,Withdrawn
631051,80,Withdrawn
631055,679,Pass
631073,2271,Fail
631073,2271,Distinction
631075,2132,Withdrawn
631075,2132,Withdrawn
631075,2132,Fail
631081,738,Pass
631083,444,Fail
631086,254,Fail
631099,1128,Fail
631104,2171,Pass
631108,708,Pass
631109,2948,Pass
631111,1734,Fail
631113,1118,Pass
631117,6520,Distinction
631117,6520,Distinction
631122,417,Fail
631131,1775,Pass
631132,477,Fail
631135,172,Fail
631189,780,Fail
631193,376,Withdrawn
631195,139,Withdrawn
631201,576,Pass
631207,531,Fail
631212,178,Withdrawn
631216,486,Fail
631225,425,Pass
631230,992,Pass
631235,1391,Pass
631240,1310,Withdrawn
631240,1310,Fail
631247,5237,Distinction
631247,5237,Pass
631248,947,Pass
631257,378,Pass
631266,162,Fail
631277,358,Pass
631290,996,Distinction
631293,198,Withdrawn
631295,110,Withdrawn
631299,304,Fail
631300,2109,Withdrawn
631300,2109,Fail
631311,2884,Pass
631322,1359,Pass
631327,5530,Pass
631334,1992,Pass
631334,1992,Distinction
631336,280,Withdrawn
631341,155,Fail
631354,222,Withdrawn
631355,388,Fail
631356,1695,Withdrawn
631356,1695,Pass
631384,430,Pass
631388,1899,Pass
631392,1544,Distinction
631416,94,Pass
631422,364,Withdrawn
631438,274,Fail
631439,1338,Distinction
631441,2025,Distinction
631442,40,Fail
631444,22,Withdrawn
631445,458,Pass
631446,418,Withdrawn
631446,418,Pass
631453,2682,Fail
631453,2682,Pass
631454,1446,Distinction
631455,1597,Distinction
631467,2201,Pass
631473,12312,Distinction
631473,12312,Distinction
631486,20,Withdrawn
631491,3938,Distinction
631492,665,Pass
631509,2650,Pass
631513,484,Withdrawn
631513,484,Withdrawn
631514,1265,Pass
631515,4562,Pass
631524,4195,Withdrawn
631524,4195,Fail
631527,315,Withdrawn
631530,547,Pass
631542,1311,Pass
631561,141,Withdrawn
631561,141,Fail
631563,121,Fail
631569,985,Pass
631573,1715,Pass
631583,1443,Pass
631600,41,Fail
631603,645,Pass
631610,132,Withdrawn
631613,653,Pass
631623,241,Withdrawn
631639,733,Pass
631640,621,Pass
631650,546,Fail
631654,190,Fail
631655,3111,Fail
631655,3111,Pass
631658,15018,Distinction
631663,1030,Pass
631670,1323,Pass
631673,1734,Pass
631679,539,Distinction
631680,11271,Pass
631681,2128,Pass
631693,193,Fail
631699,871,Distinction
631701,611,Fail
631715,4704,Pass
631715,4704,Distinction
631719,9544,Pass
631723,694,Pass
631724,935,Pass
631740,2636,Pass
631749,165,Withdrawn
631750,171,Withdrawn
631753,463,Pass
631756,51,Fail
631765,3468,Pass
631766,4649,Pass
631770,2,Fail
631771,4256,Distinction
631771,4256,Distinction
631772,12195,Pass
631772,12195,Withdrawn
631775,474,Fail
631777,727,Distinction
631786,176,Pass
631788,9,Withdrawn
631807,690,Withdrawn
631807,690,Fail
631813,255,Fail
631835,1779,Pass
631837,6473,Distinction
631846,623,Withdrawn
631848,357,Pass
631850,922,Distinction
631851,5093,Distinction
631851,5093,Distinction
631853,2693,Pass
631860,5848,Withdrawn
631860,5848,Distinction
631870,891,Withdrawn
631880,2326,Withdrawn
631880,2326,Pass
631884,3015,Pass
631888,633,Withdrawn
631913,1795,Fail
631924,7006,Pass
631924,7006,Distinction
631925,966,Withdrawn
631925,966,Withdrawn
631929,138,Withdrawn
631935,979,Pass
631941,52,Withdrawn
631945,346,Fail
631953,1167,Pass
631954,841,Pass
631960,38,Withdrawn
631978,68,Fail
631981,587,Pass
631992,1,Withdrawn
631998,938,Pass
632004,3792,Pass
632004,3792,Distinction
632017,2102,Pass
632019,1906,Fail
632037,165,Fail
632044,5786,Pass
632074,6889,Pass
632074,6889,Pass
632074,6889,Distinction
632078,1576,Fail
632083,9209,Pass
632083,9209,Distinction
632084,684,Distinction
632093,2426,Pass
632107,732,Withdrawn
632111,1890,Pass
632111,1890,Distinction
632113,241,Fail
632114,1256,Withdrawn
632114,1256,Fail
632115,404,Fail
632124,459,Withdrawn
632125,2142,Fail
632133,875,Withdrawn
632133,875,Withdrawn
632134,115,Withdrawn
632134,115,Fail
632135,538,Withdrawn
632135,538,Withdrawn
632143,5814,Fail
632148,340,Fail
632152,322,Withdrawn
632153,322,Pass
632161,857,Pass
632179,458,Withdrawn
632181,245,Withdrawn
632190,649,Withdrawn
632195,973,Fail
632205,642,Pass
632210,90,Fail
632215,5380,Distinction
632231,90,Fail
632235,229,Withdrawn
632242,174,Withdrawn
632254,388,Pass
632255,1163,Withdrawn
632258,4585,Pass
632260,151,Withdrawn
632260,151,Withdrawn
632260,151,Withdrawn
632266,730,Pass
632267,84,Withdrawn
632276,233,Withdrawn
632281,314,Pass
632290,1953,Pass
632302,462,Pass
632305,263,Pass
632306,4120,Distinction
632312,682,Fail
632312,682,Withdrawn
632313,611,Distinction
632314,1360,Withdrawn
632314,1360,Fail
632316,3406,Pass
632329,713,Withdrawn
632339,4515,Pass
632363,2851,Fail
632365,663,Distinction
632368,198,Fail
632376,406,Withdrawn
632378,1583,Distinction
632379,1224,Pass
632380,1158,Pass
632389,4049,Withdrawn
632389,4049,Distinction
632402,1986,Pass
632447,3736,Withdrawn
632451,1801,Pass
632454,312,Pass
632458,10674,Distinction
632459,3055,Pass
632459,3055,Pass
632463,1369,Fail
632469,222,Withdrawn
632470,53,Fail
632473,464,Fail
632473,464,Withdrawn
632473,464,Withdrawn
632475,772,Pass
632482,173,Fail
632483,675,Pass
632485,1452,Pass
632486,513,Withdrawn
632486,513,Withdrawn
632487,7,Withdrawn
632503,1582,Distinction
632504,67,Fail
632506,8163,Fail
632512,344,Pass
632513,3556,Distinction
632514,546,Distinction
632526,834,Pass
632533,173,Withdrawn
632536,176,Fail
632543,1416,Distinction
632544,2857,Pass
632546,524,Fail
632547,268,Fail
632551,1590,Fail
632554,3421,Distinction
632556,1352,Fail
632558,55,Fail
632559,839,Pass
632569,396,Distinction
632571,399,Pass
632574,144,Withdrawn
632575,2801,Pass
632577,565,Fail
632578,662,Pass
632588,7164,Distinction
632597,1343,Pass
632597,1343,Pass
632605,1381,Withdrawn
632605,1381,Fail
632613,60,Fail
632618,526,Withdrawn
632619,72,Pass
632620,1569,Pass
632621,1,Withdrawn
632623,1781,Pass
632626,2600,Withdrawn
632626,2600,Distinction
632631,69,Fail
632632,739,Pass
632633,56,Withdrawn
632634,147,Withdrawn
632634,147,Withdrawn
632635,1381,Pass
632637,1085,Withdrawn
632637,1085,Fail
632638,179,Fail
632640,906,Pass
632641,1202,Withdrawn
632641,1202,Pass
632645,651,Pass
632658,134,Pass
632667,694,Pass
632673,370,Pass
632675,857,Pass
632680,964,Distinction
632682,171,Fail
632687,297,Pass
632691,2784,Withdrawn
632691,2784,Pass
632698,2308,Pass
632700,1957,Withdrawn
632700,1957,Pass
632704,1088,Pass
632705,1490,Pass
632709,3630,Pass
632712,96,Fail
632719,85,Withdrawn
632722,314,Withdrawn
632725,151,Fail
632741,2651,Pass
632752,1315,Pass
632756,1899,Distinction
632759,857,Withdrawn
632773,155,Withdrawn
632773,155,Withdrawn
632780,91,Withdrawn
632780,91,Withdrawn
632790,1240,Pass
632793,1164,Withdrawn
632795,163,Withdrawn
632800,2855,Fail
632801,227,Fail
632814,273,Fail
632823,1142,Pass
632826,4110,Pass
632831,328,Fail
632836,5444,Distinction
632836,5444,Pass
632840,1304,Fail
632845,2222,Pass
632847,68,Withdrawn
632848,2844,Pass
632856,830,Withdrawn
632856,830,Withdrawn
632866,2205,Withdrawn
632869,257,Fail
632877,9982,Distinction
632883,1201,Pass
632889,11,Withdrawn
632889,11,Withdrawn
632895,2126,Pass
632898,344,Fail
632900,762,Pass
632904,2225,Withdrawn
632904,2225,Distinction
632923,2689,Withdrawn
632927,429,Fail
632929,3823,Withdrawn
632929,3823,Pass
632936,1544,Pass
632942,1953,Withdrawn
632947,1384,Pass
632950,3225,Distinction
632955,556,Pass
632958,603,Withdrawn
632959,1009,Distinction
632966,106,Withdrawn
632977,1291,Pass
632989,812,Pass
632991,3529,Pass
633008,3382,Distinction
633008,3382,Distinction
633024,522,Pass
633026,464,Withdrawn
633047,1764,Fail
633047,1764,Pass
633052,96,Withdrawn
633060,252,Pass
633069,1311,Distinction
633071,651,Withdrawn
633077,5648,Distinction
633079,3598,Pass
633093,1052,Pass
633096,479,Fail
633098,481,Pass
633100,195,Withdrawn
633102,129,Withdrawn
633107,1756,Pass
633112,3652,Distinction
633118,1443,Pass
633123,130,Pass
633130,353,Pass
633157,1406,Withdrawn
633157,1406,Fail
633162,78,Fail
633178,847,Pass
633179,5610,Pass
633179,5610,Distinction
633193,286,Pass
633198,337,Fail
633205,1493,Withdrawn
633205,1493,Fail
633206,5,Fail
633207,641,Fail
633208,473,Pass
633209,345,Pass
633212,353,Pass
633214,428,Fail
633219,3137,Pass
633221,2011,Fail
633228,174,Fail
633231,8,Fail
633233,49,Withdrawn
633237,170,Withdrawn
633238,4041,Withdrawn
633238,4041,Pass
633240,13,Withdrawn
633243,494,Withdrawn
633243,494,Withdrawn
633245,853,Fail
633250,4896,Pass
633256,603,Withdrawn
633257,454,Fail
633259,206,Fail
633270,2882,Pass
633270,2882,Pass
633273,1211,Withdrawn
633281,703,Distinction
633285,731,Fail
633292,1475,Fail
633295,3659,Fail
633297,595,Fail
633303,6876,Distinction
633303,6876,Distinction
633304,803,Pass
633305,131,Fail
633310,2644,Fail
633310,2644,Pass
633319,5198,Pass
633325,1376,Pass
633328,5204,Withdrawn
633328,5204,Pass
633330,75,Fail
633330,75,Fail
633331,583,Withdrawn
633331,583,Pass
633334,979,Fail
633334,979,Fail
633341,659,Fail
633341,659,Withdrawn
633355,806,Pass
633368,674,Pass
633378,302,Withdrawn
633380,92,Fail
633384,949,Withdrawn
633384,949,Withdrawn
633386,607,Pass
633388,3499,Distinction
633389,256,Fail
633394,592,Fail
633395,416,Fail
633395,416,Fail
633397,132,Fail
633401,125,Withdrawn
633403,392,Fail
633409,104,Fail
633411,816,Fail
633414,662,Fail
633417,1235,Pass
633424,825,Pass
633429,742,Pass
633432,576,Withdrawn
633432,576,Fail
633435,33,Fail
633436,82,Fail
633447,1081,Fail
633448,35,Fail
633453,829,Distinction
633455,2153,Withdrawn
633455,2153,Pass
633459,1216,Pass
633460,193,Fail
633462,23,Withdrawn
633464,556,Distinction
633467,1598,Pass
633472,666,Pass
633474,603,Distinction
633475,438,Fail
633477,126,Withdrawn
633491,219,Fail
633493,971,Distinction
633498,202,Fail
633499,471,Pass
633504,10919,Distinction
633504,10919,Distinction
633505,1296,Fail
633510,123,Fail
633511,3665,Pass
633511,3665,Pass
633514,272,Pass
633515,10,Fail
633516,2977,Pass
633527,21,Withdrawn
633530,905,Withdrawn
633544,2369,Pass
633544,2369,Pass
633555,6003,Distinction
633558,34,Withdrawn
633560,547,Distinction
633561,302,Pass
633568,2608,Pass
633570,243,Pass
633574,1677,Pass
633585,314,Fail
633588,649,Pass
633590,2029,Distinction
633591,1639,Pass
633603,567,Fail
633605,422,Pass
633608,412,Distinction
633609,555,Pass
633618,1215,Withdrawn
633618,1215,Withdrawn
633618,1215,Pass
633625,710,Withdrawn
633628,533,Fail
633634,1510,Fail
633634,1510,Pass
633637,367,Fail
633637,367,Fail
633643,1092,Pass
633646,296,Pass
633647,4513,Pass
633650,305,Pass
633655,1060,Distinction
633660,1337,Pass
633666,592,Pass
633669,270,Pass
633676,458,Withdrawn
633679,946,Withdrawn
633682,425,Pass
633683,208,Pass
633685,2865,Pass
633690,484,Pass
633691,3109,Pass
633695,3631,Distinction
633695,3631,Distinction
633716,1349,Withdrawn
633716,1349,Pass
633717,4168,Pass
633722,3098,Distinction
633732,768,Withdrawn
633745,3055,Pass
633746,4434,Pass
633746,4434,Distinction
633747,565,Pass
633749,72,Fail
633756,2817,Withdrawn
633756,2817,Pass
633763,1351,Pass
633764,979,Pass
633771,52,Fail
633773,2291,Pass
633818,847,Pass
633824,6431,Distinction
633840,1164,Fail
633857,3408,Distinction
633859,744,Withdrawn
633859,744,Withdrawn
633864,1246,Distinction
633865,66,Fail
633867,2980,Pass
633868,157,Fail
633881,511,Withdrawn
633883,7,Withdrawn
633884,408,Withdrawn
633890,25,Fail
633902,3093,Pass
633913,249,Withdrawn
633914,5376,Pass
633914,5376,Pass
633921,1177,Pass
633923,949,Pass
633924,1363,Fail
633929,1721,Pass
633931,7492,Distinction
633935,245,Pass
633942,1955,Distinction
633949,1350,Distinction
633956,651,Distinction
633960,5052,Distinction
633960,5052,Distinction
633967,16,Fail
633979,902,Distinction
633983,2312,Pass
633987,1553,Pass
633990,87,Withdrawn
633995,13,Fail
633998,2615,Pass
633998,2615,Pass
634007,188,Withdrawn
634018,916,Pass
634019,718,Pass
634027,53,Pass
634035,435,Withdrawn
634037,414,Pass
634040,1351,Fail
634040,1351,Fail
634047,643,Pass
634057,1011,Withdrawn
634057,1011,Fail
634058,216,Pass
634061,749,Distinction
634066,111,Fail
634070,4947,Pass
634075,829,Distinction
634076,1202,Distinction
634077,234,Pass
634088,3040,Distinction
634094,1710,Pass
634094,1710,Pass
634099,391,Fail
634106,1357,Pass
634107,514,Withdrawn
634108,98,Withdrawn
634111,6781,Withdrawn
634111,6781,Pass
634114,1795,Withdrawn
634114,1795,Fail
634119,1192,Pass
634128,568,Pass
634139,4345,Withdrawn
634139,4345,Pass
634155,3964,Distinction
634157,2923,Pass
634164,713,Withdrawn
634165,2220,Pass
634167,1453,Distinction
634176,198,Withdrawn
634176,198,Withdrawn
634178,1356,Pass
634187,1064,Withdrawn
634188,151,Pass
634193,2016,Withdrawn
634193,2016,Pass
634200,3621,Pass
634200,3621,Fail
634209,3856,Pass
634216,4298,Pass
634216,4298,Distinction
634217,1648,Distinction
634230,1298,Distinction
634234,2876,Distinction
634241,5850,Pass
634241,5850,Distinction
634245,882,Fail
634246,802,Pass
634247,181,Fail
634252,77,Fail
634254,1974,Withdrawn
634258,1005,Distinction
634260,5853,Pass
634265,639,Pass
634273,378,Fail
634278,621,Fail
634279,448,Fail
634279,448,Fail
634280,912,Distinction
634286,635,Pass
634295,58,Withdrawn
634298,22,Withdrawn
634304,850,Pass
634305,1672,Pass
634309,2983,Fail
634309,2983,Pass
634311,22,Fail
634313,114,Withdrawn
634316,649,Pass
634318,1999,Pass
634320,202,Pass
634323,1422,Distinction
634340,75,Fail
634343,2210,Pass
634344,426,Fail
634345,26,Fail
634347,44,Withdrawn
634349,341,Fail
634349,341,Fail
634351,1390,Pass
634351,1390,Pass
634353,258,Fail
634360,1470,Withdrawn
634365,4307,Distinction
634367,5651,Pass
634369,1993,Pass
634383,1405,Distinction
634397,765,Fail
634404,907,Distinction
634412,1678,Pass
634414,297,Fail
634420,2622,Withdrawn
634420,2622,Pass
634426,2420,Pass
634427,3740,Pass
634429,2862,Distinction
634430,2425,Pass
634431,1474,Pass
634433,704,Fail
634433,704,Fail
634435,2204,Pass
634444,280,Fail
634461,363,Fail
634470,327,Distinction
634472,745,Distinction
634477,675,Pass
634479,2748,Fail
634480,406,Withdrawn
634481,152,Pass
634483,2422,Pass
634489,565,Withdrawn
634491,623,Pass
634494,131,Fail
634498,394,Fail
634500,3039,Pass
634500,3039,Pass
634503,527,Pass
634507,1317,Pass
634508,2763,Withdrawn
634508,2763,Fail
634512,4193,Distinction
634512,4193,Pass
634523,182,Withdrawn
634526,5534,Pass
634529,413,Distinction
634530,586,Pass
634536,4449,Pass
634536,4449,Pass
634539,567,Fail
634547,257,Pass
634551,520,Pass
634552,1013,Pass
634552,1013,Pass
634562,97,Fail
634569,881,Pass
634570,4065,Pass
634570,4065,Distinction
634578,2926,Withdrawn
634578,2926,Withdrawn
634583,701,Pass
634589,743,Pass
634596,1333,Pass
634600,5571,Fail
634600,5571,Pass
634601,720,Fail
634606,465,Fail
634615,6,Fail
634616,1339,Pass
634618,942,Distinction
634635,920,Fail
634636,8525,Pass
634636,8525,Pass
634638,90,Fail
634646,242,Distinction
634648,1868,Pass
634648,1868,Pass
634649,304,Fail
634655,78,Withdrawn
634655,78,Withdrawn
634655,78,Withdrawn
634671,1216,Pass
634681,1084,Distinction
634682,89,Fail
634693,592,Withdrawn
634701,349,Withdrawn
634715,2035,Distinction
634721,2286,Fail
634721,2286,Pass
634737,1041,Withdrawn
634737,1041,Fail
634744,983,Fail
634744,983,Fail
634746,354,Pass
634749,11382,Pass
634751,340,Distinction
634772,1186,Pass
634774,1353,Withdrawn
634776,2430,Withdrawn
634776,2430,Pass
634784,528,Fail
634785,73,Withdrawn
634789,234,Withdrawn
634796,88,Withdrawn
634816,1316,Pass
634816,1316,Withdrawn
634817,2016,Withdrawn
634817,2016,Pass
634820,660,Withdrawn
634822,368,Fail
634824,1624,Pass
634824,1624,Pass
634833,1636,Distinction
634848,285,Fail
634851,328,Distinction
634853,1789,Withdrawn
634853,1789,Pass
634859,798,Fail
634862,4218,Pass
634862,4218,Fail
634869,1165,Pass
634876,808,Pass
634878,1015,Pass
634879,3114,Pass
634888,2,Fail
634899,174,Fail
634905,1590,Distinction
634909,141,Fail
634918,654,Fail
634919,1244,Pass
634924,4288,Distinction
634928,1443,Pass
634932,3,Fail
634933,20,Fail
634940,1768,Distinction
634943,294,Withdrawn
634944,435,Pass
634946,468,Withdrawn
634957,266,Withdrawn
634966,734,Fail
634968,221,Fail
634976,321,Distinction
634979,265,Withdrawn
634986,1178,Pass
634999,2931,Distinction
635011,183,Pass
635034,4060,Withdrawn
635034,4060,Pass
635035,1908,Pass
635041,2587,Withdrawn
635041,2587,Pass
635043,2921,Pass
635043,2921,Distinction
635046,199,Fail
635052,209,Pass
635058,1377,Distinction
635079,308,Withdrawn
635079,308,Fail
635100,464,Pass
635109,2674,Pass
635109,2674,Pass
635113,114,Pass
635122,658,Pass
635124,248,Fail
635136,1637,Pass
635141,1317,Pass
635165,41,Withdrawn
635170,498,Fail
635173,768,Distinction
635184,2923,Fail
635191,332,Withdrawn
635228,374,Pass
635230,1633,Distinction
635233,288,Distinction
635241,685,Pass
635244,1015,Pass
635246,71,Fail
635247,215,Pass
635255,1683,Distinction
635279,392,Distinction
635325,1818,Pass
635328,204,Fail
635334,281,Distinction
635410,365,Withdrawn
635410,365,Fail
635416,14391,Pass
635418,2446,Fail
635432,409,Fail
635433,246,Pass
635435,409,Pass
635452,1118,Pass
635473,148,Fail
635506,934,Pass
635515,1124,Fail
635515,1124,Fail
635561,156,Fail
635564,1441,Pass
635573,2429,Distinction
635591,688,Pass
635703,1116,Pass
635711,2509,Pass
635719,727,Pass
635720,1579,Pass
635746,251,Withdrawn
635751,2138,Fail
635755,1338,Distinction
635761,165,Pass
635764,350,Pass
635771,153,Pass
635773,248,Pass
635774,443,Pass
635777,1833,Withdrawn
635777,1833,Pass
635779,746,Pass
635788,934,Pass
635793,82,Withdrawn
635795,4820,Pass
635802,1221,Distinction
635813,175,Pass
635885,32,Fail
635890,1248,Fail
635903,977,Fail
635921,218,Pass
635924,1195,Pass
635953,2063,Distinction
635972,431,Pass
635985,278,Fail
635986,175,Withdrawn
635988,527,Fail
635992,1908,Distinction
636000,3321,Pass
636018,1397,Pass
636124,8984,Distinction
636124,8984,Distinction
636243,234,Withdrawn
636243,234,Withdrawn
636282,532,Distinction
636283,353,Pass
636302,2939,Pass
636314,5437,Pass
636323,527,Withdrawn
636364,5057,Distinction
636364,5057,Pass
636375,1276,Withdrawn
636387,1355,Distinction
636400,4665,Pass
636408,1636,Pass
636420,673,Withdrawn
636420,673,Withdrawn
636422,1992,Pass
636443,1327,Withdrawn
636443,1327,Pass
636451,489,Pass
636464,900,Fail
636467,1888,Pass
636469,4207,Distinction
636484,703,Pass
636492,366,Withdrawn
636503,737,Fail
636525,694,Pass
636547,966,Fail
636554,1033,Pass
636565,1125,Pass
636594,869,Distinction
636628,108,Withdrawn
636634,531,Withdrawn
636653,58,Fail
636656,2781,Pass
636697,1154,Pass
636704,1719,Fail
636716,332,Distinction
636718,118,Withdrawn
636732,560,Fail
636783,7933,Distinction
636783,7933,Distinction
636830,5251,Distinction
636832,8497,Pass
636875,310,Pass
636953,145,Fail
636996,5248,Pass
636996,5248,Pass
637003,2493,Pass
637004,3834,Pass
637063,2690,Pass
637064,172,Fail
637067,271,Pass
637070,1301,Pass
637075,230,Withdrawn
637089,821,Withdrawn
637089,821,Fail
637123,2416,Pass
637203,526,Distinction
637206,1154,Distinction
637238,1115,Pass
637279,616,Pass
637280,1235,Pass
637325,147,Withdrawn
637347,286,Fail
637348,106,Fail
637358,2308,Pass
637370,1356,Pass
637374,334,Fail
637382,98,Pass
637388,2300,Fail
637401,2681,Pass
637414,1462,Distinction
637468,1000,Pass
637473,912,Pass
637474,1060,Withdrawn
637476,1028,Fail
637496,1375,Pass
637509,443,Fail
637514,421,Withdrawn
637528,666,Fail
637563,848,Fail
637582,2288,Fail
637586,1207,Distinction
637601,257,Withdrawn
637621,1619,Pass
637624,782,Pass
637665,2983,Pass
637691,1182,Fail
637691,1182,Pass
637708,6603,Distinction
637708,6603,Distinction
637715,796,Pass
637722,890,Distinction
637754,3162,Distinction
637788,248,Fail
637800,833,Withdrawn
637810,1130,Pass
637815,2517,Distinction
637820,645,Fail
637867,500,Fail
637903,370,Pass
637906,2750,Pass
637939,688,Withdrawn
637939,688,Fail
637980,3967,Pass
637993,50,Fail
638007,1627,Pass
638018,2009,Pass
638018,2009,Distinction
638023,76,Withdrawn
638034,3289,Pass
638036,554,Withdrawn
638040,29,Withdrawn
638051,433,Fail
638092,59,Withdrawn
638131,163,Fail
638202,224,Fail
638228,740,Distinction
638243,223,Withdrawn
638243,223,Withdrawn
638254,1186,Pass
638257,636,Fail
638384,1418,Pass
638388,1875,Pass
638411,9669,Pass
638417,71,Withdrawn
638426,275,Withdrawn
638498,2932,Pass
638503,388,Fail
638504,339,Withdrawn
638515,1788,Pass
638516,2014,Distinction
638544,62,Withdrawn
638554,233,Withdrawn
638575,17,Withdrawn
638604,3971,Pass
638625,5946,Pass
638655,4521,Pass
638677,1308,Withdrawn
638699,825,Pass
638756,173,Pass
638771,3893,Pass
638831,1233,Fail
638970,464,Pass
638997,1521,Pass
639012,3101,Fail
639012,3101,Pass
639028,3391,Pass
639053,195,Pass
639176,435,Withdrawn
639181,721,Distinction
639190,50,Withdrawn
639194,1683,Distinction
639231,2369,Pass
639232,1,Withdrawn
639232,1,Withdrawn
639234,2377,Withdrawn
639238,1098,Withdrawn
639243,1291,Fail
639251,909,Pass
639253,1865,Distinction
639461,373,Fail
639514,1850,Pass
639522,1744,Pass
639663,189,Pass
639724,1292,Distinction
639766,2091,Pass
639919,750,Withdrawn
639993,137,Withdrawn
640098,3278,Pass
640109,724,Withdrawn
640109,724,Fail
640144,295,Fail
640178,761,Fail
640225,1446,Pass
640265,930,Withdrawn
640278,16227,Pass
640289,433,Withdrawn
640291,662,Withdrawn
640307,1444,Fail
640329,3315,Pass
640425,538,Pass
640429,6472,Distinction
640439,1450,Pass
640455,125,Fail
640505,2132,Distinction
640552,86,Withdrawn
640584,194,Withdrawn
640654,40,Fail
640658,246,Withdrawn
640691,138,Withdrawn
640701,320,Pass
640706,80,Withdrawn
640711,4637,Pass
640712,15,Withdrawn
640752,3720,Pass
640753,66,Fail
640773,4582,Pass
640773,4582,Fail
640835,12,Withdrawn
640836,418,Pass
640848,2433,Pass
640892,2433,Pass
640913,1728,Pass
640927,3917,Pass
640942,2781,Distinction
640975,3836,Pass
640982,1119,Pass
640995,242,Pass
641028,166,Fail
641073,55,Withdrawn
641085,363,Fail
641112,585,Pass
641116,1634,Pass
641134,128,Withdrawn
641137,3482,Distinction
641169,137,Withdrawn
641192,82,Withdrawn
641195,308,Fail
641200,4398,Distinction
641253,1405,Pass
641265,45,Withdrawn
641275,197,Withdrawn
641305,99,Withdrawn
641309,3916,Pass
641311,6308,Distinction
641315,6388,Pass
641329,796,Fail
641347,643,Withdrawn
641363,1630,Pass
641363,1630,Pass
641401,3185,Distinction
641404,1469,Withdrawn
641433,696,Fail
641434,603,Pass
641452,143,Fail
641461,1756,Pass
641470,563,Fail
641535,116,Fail
641547,1671,Pass
641557,60,Withdrawn
641565,71,Withdrawn
641566,1345,Distinction
641569,2219,Distinction
641609,337,Fail
641616,842,Pass
641629,74,Fail
641684,241,Withdrawn
641696,1047,Pass
641744,1221,Distinction
641766,28,Fail
641795,5,Withdrawn
641804,1701,Fail
641804,1701,Withdrawn
641817,243,Withdrawn
641840,933,Pass
641845,110,Withdrawn
641864,3612,Distinction
641866,38,Withdrawn
641881,277,Fail
641896,569,Pass
641899,1484,Pass
641914,6711,Pass
641940,133,Withdrawn
641992,452,Withdrawn
642029,1939,Pass
642056,2434,Distinction
642066,355,Withdrawn
642066,355,Fail
642067,906,Pass
642075,222,Fail
642083,1755,Pass
642122,1467,Pass
642139,446,Pass
642181,813,Pass
642196,210,Fail
642201,309,Pass
642222,357,Withdrawn
642230,282,Withdrawn
642250,622,Fail
642261,5,Withdrawn
642291,1863,Distinction
642310,3314,Pass
642342,4961,Distinction
642375,2694,Pass
642396,1580,Withdrawn
642405,1267,Distinction
642413,1302,Pass
642439,202,Withdrawn
642443,2545,Distinction
642448,2831,Pass
642449,3216,Pass
642474,10289,Distinction
642493,3626,Pass
642496,647,Withdrawn
642498,2963,Pass
642501,1512,Distinction
642512,612,Withdrawn
642528,956,Pass
642536,22,Fail
642550,1343,Pass
642551,3915,Pass
642560,2,Withdrawn
642561,478,Pass
642590,5,Fail
642591,8312,Pass
642591,8312,Distinction
642595,2807,Pass
642600,908,Pass
642625,326,Fail
642626,971,Withdrawn
642627,13,Withdrawn
642627,13,Fail
642633,108,Fail
642656,4089,Distinction
642694,799,Pass
642698,1525,Pass
642730,530,Fail
642740,6088,Distinction
642744,216,Withdrawn
642744,216,Withdrawn
642750,4077,Distinction
642764,359,Withdrawn
642790,1459,Withdrawn
642790,1459,Withdrawn
642802,52,Withdrawn
642817,651,Pass
642821,538,Fail
642834,2472,Pass
642838,2829,Pass
642838,2829,Pass
642839,1610,Withdrawn
642839,1610,Fail
642840,2383,Fail
642843,8169,Pass
642850,981,Distinction
642851,428,Pass
642872,7248,Pass
642878,578,Withdrawn
642879,626,Fail
642883,1007,Pass
642900,1172,Distinction
642902,1880,Pass
642905,1206,Pass
642909,1482,Pass
642939,848,Withdrawn
642949,400,Pass
642953,711,Pass
642968,491,Pass
642988,20,Fail
642989,487,Pass
643006,1292,Pass
643024,166,Withdrawn
643036,495,Pass
643069,2492,Pass
643077,1775,Pass
643118,5797,Distinction
643126,3781,Pass
643168,949,Pass
643172,3057,Pass
643191,155,Withdrawn
643199,974,Withdrawn
643199,974,Fail
643200,141,Withdrawn
643200,141,Withdrawn
643202,3884,Distinction
643206,464,Pass
643208,1750,Pass
643220,1857,Distinction
643230,129,Withdrawn
643267,2109,Pass
643270,1244,Pass
643273,5873,Pass
643280,765,Pass
643285,2128,Distinction
643309,709,Withdrawn
643309,709,Withdrawn
643321,1316,Distinction
643323,371,Pass
643326,8669,Pass
643354,1073,Pass
643372,441,Fail
643403,3875,Distinction
643404,1156,Fail
643404,1156,Fail
643406,450,Pass
643416,1528,Withdrawn
643416,1528,Fail
643434,944,Withdrawn
643434,944,Pass
643457,3060,Withdrawn
643457,3060,Pass
643466,3704,Pass
643477,5765,Pass
643481,3440,Fail
643484,2223,Pass
643496,5473,Pass
643502,1774,Pass
643510,1439,Pass
643514,4241,Withdrawn
643514,4241,Distinction
643525,100,Withdrawn
643529,120,Fail
643531,4264,Pass
643542,334,Withdrawn
643568,1142,Pass
643587,2270,Pass
643591,5178,Distinction
643608,364,Withdrawn
643619,1068,Pass
643644,42,Fail
643653,3207,Pass
643659,118,Fail
643672,2256,Pass
643690,610,Withdrawn
643690,610,Withdrawn
643696,1591,Fail
643705,4898,Pass
643712,67,Withdrawn
643729,723,Pass
643751,6746,Distinction
643754,8203,Distinction
643755,82,Withdrawn
643757,638,Fail
643757,638,Fail
643758,1722,Fail
643758,1722,Pass
643770,762,Withdrawn
643770,762,Fail
643771,1766,Distinction
643953,185,Fail
643970,707,Pass
643986,1060,Pass
644025,3517,Pass
644061,392,Pass
644064,85,Withdrawn
644069,499,Pass
644072,2419,Fail
644093,3056,Pass
644101,212,Withdrawn
644105,156,Fail
644113,3694,Distinction
644144,1868,Distinction
644159,934,Withdrawn
644160,2027,Pass
644163,143,Withdrawn
644164,1121,Pass
644172,1785,Pass
644188,215,Pass
644191,82,Withdrawn
644210,2684,Pass
644226,1335,Distinction
644229,871,Fail
644242,1759,Distinction
644246,7109,Distinction
644246,7109,Distinction
644252,37,Fail
644301,651,Distinction
644303,640,Withdrawn
644310,295,Withdrawn
644343,1770,Pass
644361,19415,Pass
644362,2463,Pass
644369,1961,Pass
644369,1961,Pass
644384,951,Pass
644409,1718,Pass
644416,1260,Distinction
644430,254,Fail
644441,432,Pass
644450,7825,Distinction
644457,509,Pass
644470,1888,Pass
644474,621,Pass
644480,2753,Pass
644480,2753,Pass
644482,4,Withdrawn
644484,1760,Pass
644508,4771,Pass
644514,1520,Pass
644516,208,Withdrawn
644516,208,Withdrawn
644525,1361,Pass
644567,607,Withdrawn
644599,96,Pass
644742,2183,Pass
644743,654,Pass
644761,5185,Pass
644784,4210,Pass
644791,7769,Pass
644793,2394,Distinction
644794,2038,Pass
644818,5232,Pass
644822,814,Pass
644828,2270,Pass
644847,3052,Pass
644848,473,Fail
644863,354,Fail
644871,266,Withdrawn
644883,38,Withdrawn
644904,1004,Pass
644905,886,Withdrawn
644905,886,Withdrawn
644934,253,Withdrawn
644936,1978,Pass
644951,396,Distinction
644956,1691,Pass
644964,1314,Distinction
644967,2,Fail
644974,9420,Pass
644974,9420,Distinction
644990,2240,Fail
644993,5073,Distinction
645003,1797,Fail
645019,156,Withdrawn
645020,2876,Pass
645031,1866,Pass
645042,636,Fail
645047,2326,Pass
645052,14,Withdrawn
645054,701,Fail
645078,4152,Distinction
645081,1615,Pass
645098,1677,Pass
645124,1798,Distinction
645126,2095,Distinction
645144,2879,Distinction
645145,338,Fail
645147,264,Fail
645157,515,Pass
645160,56,Withdrawn
645170,1493,Pass
645174,428,Pass
645183,111,Withdrawn
645216,698,Distinction
645219,1493,Withdrawn
645219,1493,Pass
645231,897,Pass
645232,1408,Distinction
645248,293,Withdrawn
645256,1926,Distinction
645319,2417,Pass
645322,189,Withdrawn
645326,667,Pass
645334,3105,Distinction
645353,127,Withdrawn
645353,127,Withdrawn
645359,933,Pass
645366,692,Withdrawn
645369,834,Pass
645370,600,Pass
645371,61,Fail
645377,750,Distinction
645401,316,Withdrawn
645405,9464,Pass
645407,34,Withdrawn
645420,122,Fail
645425,569,Pass
645433,659,Withdrawn
645434,2043,Pass
645451,4815,Pass
645496,2651,Fail
645499,737,Pass
645512,104,Withdrawn
645518,3865,Fail
645542,3543,Pass
645551,1030,Pass
645557,554,Withdrawn
645586,3416,Pass
645586,3416,Pass
645590,158,Fail
645598,168,Fail
645607,502,Pass
645639,147,Fail
645678,1422,Pass
645698,913,Pass
645705,2745,Pass
645730,735,Pass
645732,1895,Pass
645753,289,Fail
645770,2948,Fail
645784,3846,Pass
645787,257,Withdrawn
645790,73,Fail
645792,3841,Distinction
645792,3841,Distinction
645793,17,Fail
645800,133,Withdrawn
645801,3322,Pass
645818,847,Pass
645831,4293,Distinction
645835,1219,Withdrawn
645840,5223,Fail
645847,1222,Withdrawn
645847,1222,Withdrawn
645851,41,Withdrawn
645864,1085,Pass
645866,403,Withdrawn
645867,363,Withdrawn
645867,363,Withdrawn
645876,1317,Distinction
645880,2042,Fail
645889,369,Pass
645928,978,Pass
645939,1983,Withdrawn
645939,1983,Pass
645948,4178,Withdrawn
645948,4178,Pass
645950,2427,Pass
645960,2335,Pass
645962,289,Withdrawn
645969,725,Pass
645997,5098,Pass
646004,289,Withdrawn
646005,3811,Distinction
646006,1940,Withdrawn
646015,2772,Distinction
646017,7234,Pass
646040,822,Pass
646053,4767,Pass
646063,986,Pass
646070,1940,Pass
646071,2202,Pass
646071,2202,Pass
646074,6510,Pass
646077,5,Withdrawn
646077,5,Withdrawn
646085,4394,Distinction
646090,1413,Distinction
646091,379,Withdrawn
646097,755,Withdrawn
646109,413,Withdrawn
646119,1761,Pass
646131,474,Pass
646138,2001,Pass
646152,42,Fail
646169,287,Distinction
646173,1036,Pass
646178,109,Fail
646184,2115,Pass
646197,2996,Distinction
646202,994,Pass
646218,23,Withdrawn
646260,793,Fail
646313,3706,Pass
646314,126,Withdrawn
646322,1044,Pass
646342,473,Pass
646344,674,Pass
646351,1668,Distinction
646352,481,Fail
646357,4897,Distinction
646359,993,Withdrawn
646359,993,Pass
646361,1877,Pass
646363,389,Fail
646363,389,Fail
646367,700,Pass
646391,101,Withdrawn
646401,11,Withdrawn
646402,2863,Pass
646406,2083,Distinction
646413,610,Pass
646415,354,Fail
646418,1249,Distinction
646430,619,Distinction
646432,81,Fail
646455,1,Withdrawn
646459,465,Withdrawn
646459,465,Withdrawn
646460,3997,Pass
646470,32,Withdrawn
646481,1487,Pass
646482,2984,Pass
646484,3049,Pass
646489,1573,Pass
646502,1288,Withdrawn
646502,1288,Pass
646508,705,Distinction
646520,1399,Pass
646539,2211,Pass
646540,4702,Distinction
646547,1740,Withdrawn
646547,1740,Fail
646551,6360,Pass
646553,269,Fail
646572,1205,Pass
646576,1623,Pass
646579,2675,Pass
646581,427,Fail
646589,2693,Pass
646589,2693,Fail
646618,954,Distinction
646628,7,Fail
646638,1218,Pass
646659,604,Fail
646670,3110,Pass
646685,238,Pass
646689,346,Withdrawn
646689,346,Withdrawn
646691,109,Fail
646700,433,Withdrawn
646729,437,Pass
646734,498,Withdrawn
646742,287,Withdrawn
646750,1961,Pass
646776,106,Pass
646778,5140,Distinction
646781,331,Pass
646798,798,Pass
646807,1800,Withdrawn
646815,914,Fail
646836,618,Fail
646841,527,Withdrawn
646841,527,Fail
646844,2850,Pass
646852,1399,Withdrawn
646857,756,Distinction
646881,147,Fail
646891,1,Withdrawn
646901,171,Pass
646903,1366,Pass
646905,845,Pass
646952,1378,Fail
646953,1375,Pass
646957,273,Pass
646990,4178,Pass
646998,3240,Pass
646998,3240,Pass
647005,929,Withdrawn
647033,169,Withdrawn
647040,4340,Pass
647043,1121,Fail
647045,1228,Fail
647054,251,Pass
647056,4825,Pass
647067,372,Fail
647083,2162,Fail
647083,2162,Pass
647102,773,Distinction
647111,61,Withdrawn
647126,12,Withdrawn
647148,1083,Pass
647148,1083,Pass
647154,2422,Pass
647166,7856,Pass
647169,3382,Distinction
647171,201,Fail
647179,300,Fail
647184,18,Withdrawn
647184,18,Withdrawn
647194,85,Fail
647195,1237,Distinction
647200,1153,Fail
647210,1066,Withdrawn
647215,4235,Pass
647217,199,Withdrawn
647218,364,Fail
647227,709,Fail
647245,56,Withdrawn
647284,17,Withdrawn
647305,206,Fail
647312,213,Withdrawn
647318,97,Fail
647320,5198,Pass
647321,282,Withdrawn
647324,5010,Distinction
647339,597,Fail
647345,20,Fail
647346,2880,Distinction
647348,332,Withdrawn
647358,558,Fail
647368,168,Withdrawn
647373,989,Pass
647385,2722,Distinction
647391,2223,Withdrawn
647391,2223,Pass
647393,2304,Pass
647395,803,Distinction
647398,2965,Pass
647399,6403,Pass
647406,441,Withdrawn
647417,227,Withdrawn
647417,227,Withdrawn
647425,9998,Pass
647432,295,Withdrawn
647442,112,Withdrawn
647464,2037,Pass
647464,2037,Pass
647466,1934,Pass
647479,2059,Fail
647485,3170,Pass
647488,800,Fail
647496,1871,Pass
647502,275,Pass
647518,1660,Withdrawn
647518,1660,Withdrawn
647525,685,Withdrawn
647553,1111,Pass
647565,560,Withdrawn
647593,1121,Pass
647598,22,Fail
647604,120,Fail
647605,1377,Pass
647612,741,Fail
647614,159,Withdrawn
647645,1307,Withdrawn
647645,1307,Pass
647647,568,Pass
647654,355,Fail
647684,119,Withdrawn
647711,751,Withdrawn
647735,174,Fail
647758,138,Withdrawn
647761,1083,Pass
647762,2488,Pass
647763,4661,Pass
647764,2579,Pass
647765,1984,Pass
647774,31,Withdrawn
647784,468,Withdrawn
647791,36,Withdrawn
647803,474,Pass
647824,7,Withdrawn
647841,3690,Pass
647850,533,Pass
647865,1293,Pass
647865,1293,Pass
647869,282,Withdrawn
647879,648,Pass
647883,928,Pass
647887,22,Withdrawn
647887,22,Withdrawn
647888,1361,Pass
647888,1361,Distinction
647893,251,Pass
647898,3143,Distinction
647910,1100,Fail
647915,526,Withdrawn
647916,1193,Pass
647919,1778,Pass
647920,2,Withdrawn
647937,905,Pass
647945,2690,Pass
647947,286,Withdrawn
647947,286,Withdrawn
647967,1169,Pass
647968,8,Withdrawn
647982,483,Pass
647983,1104,Pass
647986,449,Pass
647987,3165,Fail
647988,1182,Pass
648001,2743,Distinction
648023,382,Fail
648027,2127,Pass
648037,5849,Distinction
648038,4710,Pass
648040,5802,Pass
648049,292,Pass
648058,157,Withdrawn
648063,329,Pass
648082,236,Fail
648083,827,Distinction
648085,335,Pass
648086,2430,Pass
648090,2640,Pass
648091,691,Pass
648100,784,Pass
648105,4334,Pass
648110,87,Withdrawn
648114,5648,Pass
648116,3214,Pass
648117,394,Pass
648119,171,Fail
648120,166,Withdrawn
648127,610,Withdrawn
648130,447,Withdrawn
648131,88,Fail
648135,552,Pass
648136,1468,Pass
648140,2873,Pass
648140,2873,Pass
648158,13,Withdrawn
648161,2471,Pass
648172,2784,Pass
648178,235,Pass
648182,1064,Pass
648183,2089,Pass
648190,236,Fail
648194,1390,Pass
648201,955,Withdrawn
648207,305,Pass
648244,259,Fail
648250,1742,Withdrawn
648250,1742,Withdrawn
648254,2420,Pass
648257,244,Withdrawn
648262,479,Pass
648269,345,Pass
648274,991,Distinction
648279,192,Pass
648285,1684,Pass
648285,1684,Distinction
648287,2983,Pass
648310,274,Pass
648311,719,Fail
648314,83,Withdrawn
648321,2229,Withdrawn
648321,2229,Distinction
648335,111,Fail
648353,531,Fail
648354,930,Withdrawn
648354,930,Pass
648363,2254,Distinction
648365,7440,Pass
648366,4743,Distinction
648369,2722,Pass
648369,2722,Pass
648370,1506,Pass
648380,1272,Pass
648386,669,Withdrawn
648391,158,Fail
648416,1307,Pass
648419,760,Withdrawn
648419,760,Withdrawn
648422,1426,Pass
648428,4118,Pass
648429,1,Withdrawn
648436,7936,Pass
648440,92,Withdrawn
648445,303,Fail
648448,206,Withdrawn
648449,2553,Distinction
648455,277,Fail
648457,2110,Distinction
648469,3165,Distinction
648470,5425,Distinction
648476,125,Pass
648487,511,Pass
648498,486,Distinction
648508,386,Fail
648515,439,Fail
648518,1078,Fail
648519,183,Withdrawn
648522,615,Pass
648528,407,Pass
648531,3880,Distinction
648536,3019,Withdrawn
648536,3019,Distinction
648537,938,Pass
648543,2027,Pass
648549,2169,Pass
648553,1082,Pass
648564,3959,Pass
648570,1200,Pass
648571,4002,Distinction
648576,1,Withdrawn
648585,420,Pass
648590,2357,Fail
648590,2357,Pass
648596,45,Withdrawn
648597,176,Fail
648606,250,Withdrawn
648611,59,Withdrawn
648613,4018,Pass
648649,1323,Pass
648652,318,Withdrawn
648654,709,Withdrawn
648654,709,Pass
648661,469,Fail
648676,251,Withdrawn
648685,4656,Distinction
648687,2305,Distinction
648693,1761,Distinction
648695,140,Fail
648709,353,Withdrawn
648713,1368,Pass
648725,401,Withdrawn
648728,1979,Pass
648750,595,Pass
648751,1311,Pass
648754,27,Withdrawn
648760,1213,Pass
648766,1793,Withdrawn
648778,1558,Pass
648781,1518,Pass
648787,4189,Pass
648804,2141,Fail
648807,1934,Pass
648815,7286,Pass
648818,763,Pass
648819,8,Withdrawn
648819,8,Withdrawn
648833,25,Withdrawn
648833,25,Withdrawn
648834,460,Withdrawn
648840,26,Withdrawn
648841,194,Pass
648843,1876,Pass
648845,1055,Pass
648852,898,Withdrawn
648854,6350,Pass
648854,6350,Pass
648863,4,Withdrawn
648867,141,Fail
648868,204,Withdrawn
648872,393,Withdrawn
648872,393,Withdrawn
648880,23,Fail
648898,8208,Pass
648902,1137,Pass
648903,2215,Pass
648920,3792,Pass
648927,1605,Withdrawn
648928,57,Withdrawn
648930,5,Fail
648942,959,Pass
648947,108,Withdrawn
648951,934,Fail
648959,876,Fail
648959,876,Fail
648972,1735,Pass
648983,1225,Distinction
648985,43,Pass
648995,404,Withdrawn
649000,147,Withdrawn
649001,532,Withdrawn
649001,532,Withdrawn
649004,9842,Pass
649009,295,Fail
649014,403,Pass
649018,333,Pass
649020,225,Withdrawn
649025,1416,Pass
649026,386,Withdrawn
649027,853,Fail
649028,288,Withdrawn
649036,125,Withdrawn
649041,672,Fail
649069,1631,Pass
649078,6225,Pass
649079,7909,Withdrawn
649084,3987,Pass
649090,354,Pass
649093,2364,Distinction
649095,1934,Pass
649105,4609,Distinction
649110,1649,Pass
649113,56,Withdrawn
649118,1749,Pass
649119,635,Pass
649120,155,Fail
649129,1237,Distinction
649141,2760,Withdrawn
649141,2760,Withdrawn
649153,102,Withdrawn
649159,2877,Pass
649161,6,Withdrawn
649165,2076,Pass
649171,1832,Pass
649189,6077,Distinction
649194,923,Distinction
649200,221,Withdrawn
649206,881,Distinction
649207,4343,Pass
649212,3620,Pass
649214,1292,Pass
649215,1022,Withdrawn
649215,1022,Fail
649221,3153,Pass
649230,1616,Withdrawn
649230,1616,Withdrawn
649230,1616,Withdrawn
649231,2740,Pass
649248,65,Withdrawn
649248,65,Withdrawn
649255,4893,Distinction
649258,2226,Fail
649261,630,Withdrawn
649284,1905,Pass
649291,1763,Pass
649300,6,Withdrawn
649310,18,Fail
649321,369,Pass
649325,900,Withdrawn
649332,12,Withdrawn
649336,358,Withdrawn
649339,5019,Distinction
649343,1476,Pass
649343,1476,Pass
649345,1025,Pass
649379,6424,Pass
649383,616,Fail
649385,276,Withdrawn
649389,31,Withdrawn
649394,7,Withdrawn
649394,7,Withdrawn
649400,1967,Pass
649413,1706,Withdrawn
649413,1706,Fail
649434,3818,Pass
649435,2212,Pass
649444,145,Withdrawn
649457,4654,Pass
649469,2581,Fail
649506,917,Fail
649514,993,Pass
649518,1115,Pass
649542,20,Withdrawn
649543,94,Fail
649547,74,Withdrawn
649552,613,Fail
649555,424,Withdrawn
649566,589,Fail
649578,728,Fail
649580,572,Withdrawn
649592,876,Distinction
649604,1473,Pass
649607,253,Withdrawn
649614,764,Distinction
649619,3797,Distinction
649621,495,Fail
649637,1330,Distinction
649638,363,Withdrawn
649654,2255,Distinction
649667,1892,Pass
649688,525,Pass
649692,60,Fail
649701,5,Withdrawn
649701,5,Withdrawn
649713,2763,Distinction
649718,1758,Distinction
649720,170,Withdrawn
649735,1456,Pass
649738,1899,Pass
649742,2396,Pass
649745,816,Distinction
649749,1995,Pass
649761,1264,Fail
649761,1264,Withdrawn
649780,436,Withdrawn
649780,436,Pass
649783,120,Withdrawn
649795,1662,Pass
649806,407,Fail
649816,2537,Fail
649819,1372,Pass
649824,1002,Distinction
649840,7389,Pass
649840,7389,Withdrawn
649843,716,Pass
649849,32,Withdrawn
649856,297,Fail
649861,567,Withdrawn
649863,234,Withdrawn
649867,905,Pass
649868,708,Pass
649880,203,Distinction
649891,536,Withdrawn
649905,1108,Pass
649909,737,Pass
649935,534,Fail
649943,1369,Pass
649949,208,Pass
649952,5523,Pass
649954,2826,Withdrawn
649962,2000,Pass
649963,102,Withdrawn
649979,1631,Pass
649980,653,Withdrawn
650010,714,Distinction
650023,279,Fail
650027,1899,Distinction
650031,1781,Fail
650048,74,Fail
650050,57,Fail
650054,1268,Withdrawn
650074,7,Withdrawn
650074,7,Withdrawn
650085,1100,Withdrawn
650085,1100,Withdrawn
650091,291,Pass
650099,778,Pass
650105,491,Fail
650105,491,Fail
650108,4352,Pass
650114,767,Pass
650123,895,Withdrawn
650133,102,Withdrawn
650145,2506,Fail
650145,2506,Fail
650148,280,Withdrawn
650160,4653,Distinction
650161,843,Distinction
650164,1476,Pass
650170,3520,Fail
650232,262,Fail
650243,88,Withdrawn
650247,692,Pass
650251,4259,Distinction
650268,395,Distinction
650269,854,Pass
650271,376,Fail
650271,376,Fail
650279,910,Pass
650287,3207,Withdrawn
650316,191,Fail
650330,4697,Distinction
650341,2066,Fail
650341,2066,Pass
650354,70,Withdrawn
650363,2307,Pass
650370,5588,Pass
650370,5588,Pass
650371,744,Pass
650376,1170,Pass
650388,123,Fail
650414,175,Withdrawn
650414,175,Withdrawn
650420,559,Pass
650424,3791,Withdrawn
650424,3791,Pass
650433,305,Fail
650434,4628,Distinction
650442,882,Pass
650451,90,Withdrawn
650461,2063,Pass
650464,25,Withdrawn
650469,2583,Pass
650471,2838,Pass
650473,4516,Pass
650478,338,Pass
650503,626,Pass
650504,1604,Distinction
650511,1451,Distinction
650515,302,Withdrawn
650517,22,Fail
650531,67,Pass
650533,1600,Pass
650543,339,Fail
650544,155,Withdrawn
650544,155,Withdrawn
650565,991,Fail
650570,3145,Pass
650575,1805,Fail
650578,102,Withdrawn
650592,1912,Pass
650606,1805,Distinction
650630,354,Fail
650637,499,Withdrawn
650642,467,Pass
650652,394,Pass
650656,68,Withdrawn
650666,3201,Distinction
650682,1121,Withdrawn
650684,795,Distinction
650698,867,Pass
650711,703,Fail
650716,139,Fail
650717,1023,Withdrawn
650734,835,Pass
650746,38,Withdrawn
650751,114,Distinction
650752,311,Fail
650758,398,Fail
650770,1249,Distinction
650787,447,Pass
650791,77,Withdrawn
650797,473,Pass
650816,988,Pass
650838,137,Withdrawn
650849,439,Withdrawn
650849,439,Withdrawn
650850,1360,Withdrawn
650850,1360,Fail
650856,2463,Pass
650856,2463,Distinction
650861,270,Fail
650863,4855,Distinction
650866,8751,Pass
650901,672,Distinction
650923,1410,Pass
650926,2444,Pass
650927,1751,Withdrawn
650927,1751,Distinction
650946,1455,Pass
650947,824,Pass
650950,1041,Fail
650953,109,Fail
650957,181,Pass
650958,2547,Pass
650960,1535,Pass
650961,71,Withdrawn
650964,61,Withdrawn
650979,904,Pass
650987,417,Pass
650993,847,Pass
651004,221,Withdrawn
651008,466,Pass
651015,1327,Pass
651027,327,Pass
651040,1521,Pass
651048,14,Fail
651058,143,Fail
651058,143,Fail
651061,813,Fail
651065,822,Pass
651087,71,Fail
651089,881,Withdrawn
651120,1355,Pass
651121,3779,Pass
651126,2943,Pass
651148,1613,Pass
651155,1680,Distinction
651156,2,Withdrawn
651156,2,Withdrawn
651159,1538,Distinction
651174,8,Withdrawn
651176,273,Fail
651177,7324,Pass
651182,1460,Pass
651187,9,Withdrawn
651200,219,Fail
651209,286,Pass
651210,37,Withdrawn
651217,323,Withdrawn
651236,10,Fail
651238,5255,Pass
651245,1523,Pass
651253,770,Withdrawn
651255,170,Fail
651257,1469,Pass
651259,266,Withdrawn
651267,1018,Fail
651267,1018,Fail
651278,175,Fail
651281,447,Fail
651319,171,Pass
651324,1416,Pass
651325,107,Withdrawn
651330,372,Fail
651334,412,Fail
651337,2073,Pass
651351,51,Withdrawn
651354,4926,Pass
651359,1820,Distinction
651381,3195,Pass
651384,1,Withdrawn
651394,740,Fail
651398,443,Withdrawn
651415,828,Pass
651419,6199,Pass
651423,1661,Distinction
651429,1556,Pass
651436,419,Pass
651473,122,Withdrawn
651478,9176,Distinction
651481,45,Withdrawn
651493,906,Pass
651495,3532,Distinction
651495,3532,Distinction
651498,4269,Pass
651507,156,Fail
651508,2632,Distinction
651508,2632,Distinction
651533,5059,Distinction
651534,2674,Pass
651544,925,Pass
651555,1498,Distinction
651561,175,Pass
651579,286,Pass
651598,3565,Distinction
651602,3,Withdrawn
651605,419,Pass
651609,103,Withdrawn
651616,193,Withdrawn
651616,193,Withdrawn
651619,903,Distinction
651624,1314,Pass
651627,867,Pass
651628,511,Pass
651635,1543,Pass
651639,451,Withdrawn
651648,1910,Pass
651655,2190,Pass
651659,1183,Pass
651660,657,Distinction
651672,280,Fail
651678,240,Pass
651693,594,Fail
651728,247,Withdrawn
651730,190,Withdrawn
651734,702,Withdrawn
651734,702,Fail
651740,889,Distinction
651748,2,Withdrawn
651759,9852,Distinction
651759,9852,Distinction
651764,2063,Distinction
651766,1457,Pass
651775,1395,Pass
651801,113,Withdrawn
651804,602,Pass
651823,1555,Pass
651828,4990,Distinction
651831,1,Withdrawn
651839,84,Withdrawn
651839,84,Withdrawn
651850,1366,Withdrawn
651850,1366,Pass
651863,1686,Pass
651879,279,Withdrawn
651881,2425,Pass
651883,310,Pass
651886,1079,Withdrawn
651915,20,Withdrawn
651925,1037,Pass
651927,3342,Distinction
651930,3635,Distinction
651933,3296,Pass
651935,2528,Pass
651935,2528,Pass
651939,1174,Pass
651942,626,Pass
651943,471,Distinction
651950,821,Pass
651954,39,Fail
651963,78,Withdrawn
651963,78,Withdrawn
651972,316,Fail
651974,127,Withdrawn
651979,257,Pass
651980,1421,Distinction
651990,2481,Pass
651991,1745,Pass
651995,1890,Distinction
652008,3065,Pass
652023,1949,Pass
652044,689,Pass
652048,318,Fail
652054,1763,Pass
652064,6219,Distinction
652087,1973,Pass
652090,1373,Distinction
652103,1933,Pass
652112,47,Fail
652130,296,Withdrawn
652149,1109,Pass
652156,398,Pass
652158,660,Pass
652226,1061,Pass
652233,4,Withdrawn
652267,740,Fail
652281,743,Pass
652285,3023,Distinction
652287,1334,Withdrawn
652288,971,Fail
652292,406,Withdrawn
652293,403,Pass
652302,3130,Pass
652311,112,Withdrawn
652318,2134,Distinction
652333,3150,Pass
652335,5569,Pass
652336,743,Withdrawn
652390,265,Pass
652414,342,Pass
652428,1487,Fail
652428,1487,Fail
652435,473,Distinction
652438,1347,Pass
652442,873,Fail
652460,1703,Pass
652462,977,Pass
652476,883,Pass
652501,2529,Pass
652501,2529,Pass
652522,175,Fail
652539,362,Pass
652553,60,Pass
652556,627,Fail
652571,14,Withdrawn
652571,14,Withdrawn
652572,1501,Pass
652574,188,Fail
652576,2157,Pass
652578,93,Fail
652585,71,Withdrawn
652586,2582,Distinction
652593,276,Withdrawn
652605,133,Pass
652617,2071,Pass
652619,624,Fail
652625,4598,Distinction
652647,701,Fail
652659,1497,Pass
652664,298,Fail
652667,73,Withdrawn
652672,3484,Pass
652680,7147,Distinction
652684,6174,Distinction
652706,201,Withdrawn
652711,4413,Pass
652731,11,Withdrawn
652732,932,Pass
652752,260,Fail
652753,4474,Pass
652754,36,Withdrawn
652769,224,Fail
652788,3543,Distinction
652801,949,Withdrawn
652803,20,Withdrawn
652818,243,Pass
652824,99,Fail
652832,176,Withdrawn
652851,610,Pass
652861,793,Pass
652880,1496,Pass
652881,348,Fail
652886,116,Pass
652887,2356,Pass
652890,1399,Fail
652894,2400,Fail
652894,2400,Fail
652898,5307,Pass
652902,4407,Distinction
652902,4407,Distinction
652933,267,Withdrawn
652965,1471,Distinction
652969,1473,Pass
652971,2064,Withdrawn
652971,2064,Distinction
652994,1212,Withdrawn
652994,1212,Pass
652998,104,Fail
653027,176,Fail
653031,312,Withdrawn
653034,70,Withdrawn
653045,3568,Pass
653051,216,Fail
653051,216,Withdrawn
653052,582,Fail
653059,84,Fail
653060,51,Withdrawn
653068,379,Pass
653086,1359,Distinction
653097,36,Withdrawn
653115,2197,Pass
653115,2197,Pass
653127,8537,Distinction
653144,911,Withdrawn
653157,506,Pass
653168,834,Withdrawn
653171,745,Fail
653177,332,Withdrawn
653177,332,Withdrawn
653183,352,Withdrawn
653188,314,Fail
653206,18,Withdrawn
653210,1150,Pass
653239,745,Pass
653240,613,Pass
653244,48,Withdrawn
653248,1275,Withdrawn
653249,27,Withdrawn
653252,210,Pass
653262,203,Pass
653278,1640,Pass
653292,117,Withdrawn
653296,5,Withdrawn
653297,3413,Pass
653301,4889,Pass
653319,279,Pass
653326,418,Fail
653352,571,Withdrawn
653352,571,Pass
653354,242,Fail
653356,806,Withdrawn
653360,905,Withdrawn
653372,519,Withdrawn
653374,703,Distinction
653381,2653,Pass
653384,1114,Withdrawn
653385,110,Withdrawn
653412,2105,Fail
653417,1516,Pass
653435,207,Pass
653440,1401,Pass
653452,1289,Pass
653452,1289,Pass
653465,443,Fail
653495,641,Pass
653506,268,Withdrawn
653506,268,Fail
653536,2317,Pass
653541,282,Withdrawn
653550,1420,Distinction
653558,3163,Pass
653567,3211,Pass
653569,1093,Pass
653577,1199,Distinction
653587,791,Distinction
653595,4020,Pass
653597,304,Fail
653608,8,Fail
653633,1230,Withdrawn
653653,2027,Pass
653659,167,Fail
653661,31,Fail
653664,417,Pass
653665,1153,Pass
653688,1827,Pass
653700,21,Fail
653702,488,Pass
653711,877,Pass
653718,1677,Distinction
653726,43,Withdrawn
653729,517,Pass
653752,112,Fail
653759,537,Withdrawn
653762,1389,Fail
653768,1193,Fail
653773,4521,Pass
653793,2376,Pass
653797,978,Withdrawn
653801,2093,Pass
653821,585,Pass
653824,380,Pass
653826,42,Withdrawn
653840,1589,Pass
653841,2716,Pass
653846,666,Withdrawn
653848,1,Withdrawn
653854,6,Withdrawn
653857,1629,Fail
653867,778,Pass
653870,1151,Pass
653887,1743,Withdrawn
653887,1743,Pass
653914,441,Fail
653942,90,Withdrawn
653943,596,Distinction
653944,29,Pass
653951,2116,Fail
653952,488,Withdrawn
653958,991,Pass
653988,391,Fail
653998,1788,Withdrawn
653998,1788,Pass
654000,2002,Pass
654001,33,Withdrawn
654002,912,Distinction
654005,590,Pass
654016,942,Pass
654031,4906,Pass
654031,4906,Pass
654043,483,Pass
654045,4472,Pass
654048,890,Withdrawn
654062,277,Pass
654064,1644,Pass
654071,317,Withdrawn
654091,100,Withdrawn
654094,203,Withdrawn
654095,25,Fail
654095,25,Fail
654110,609,Pass
654112,1072,Withdrawn
654114,5100,Pass
654114,5100,Pass
654125,657,Fail
654169,3208,Pass
654188,955,Fail
654198,2258,Pass
654202,114,Withdrawn
654202,114,Withdrawn
654206,916,Pass
654213,1196,Pass
654214,4,Withdrawn
654217,2040,Pass
654228,618,Withdrawn
654236,2439,Pass
654237,2,Fail
654240,2279,Distinction
654258,6,Withdrawn
654260,2585,Distinction
654265,109,Withdrawn
654282,334,Withdrawn
654295,1036,Withdrawn
654295,1036,Withdrawn
654321,180,Fail
654322,4263,Distinction
654322,4263,Withdrawn
654325,36,Withdrawn
654339,2154,Pass
654341,1351,Pass
654351,138,Fail
654369,667,Pass
654392,1166,Withdrawn
654397,885,Pass
654401,856,Fail
654404,309,Pass
654407,163,Withdrawn
654407,163,Withdrawn
654414,4414,Pass
654415,763,Pass
654422,31,Withdrawn
654432,70,Withdrawn
654441,6366,Fail
654443,238,Pass
654464,122,Withdrawn
654485,1903,Pass
654502,216,Withdrawn
654504,750,Pass
654504,750,Pass
654524,1234,Pass
654539,2127,Distinction
654545,374,Fail
654547,1782,Pass
654563,1355,Withdrawn
654565,3679,Pass
654578,2974,Pass
654585,350,Fail
654597,3475,Pass
654620,49,Withdrawn
654639,53,Withdrawn
654646,2278,Distinction
654657,525,Pass
654668,1451,Pass
654671,195,Withdrawn
654671,195,Withdrawn
654676,1689,Pass
654677,65,Withdrawn
654678,381,Withdrawn
654681,980,Distinction
654684,1068,Withdrawn
654692,2895,Fail
654698,7,Withdrawn
654738,222,Withdrawn
654755,188,Withdrawn
654755,188,Withdrawn
654801,1775,Pass
654807,4199,Distinction
654817,529,Distinction
654819,14417,Distinction
654822,2409,Pass
654824,6225,Pass
654834,6396,Distinction
654852,3242,Withdrawn
654856,1505,Pass
654863,5,Withdrawn
654867,5997,Distinction
654876,182,Withdrawn
654880,488,Withdrawn
654882,946,Withdrawn
654888,1,Withdrawn
654888,1,Withdrawn
654891,2578,Pass
654914,787,Pass
654915,4063,Distinction
654923,5,Withdrawn
654925,2,Fail
654933,1331,Withdrawn
654938,101,Withdrawn
654945,533,Distinction
654947,1788,Fail
654958,27,Withdrawn
654965,1028,Pass
655028,474,Fail
655039,329,Pass
655051,708,Pass
655051,708,Withdrawn
655065,26,Fail
655084,1058,Pass
655086,107,Fail
655088,346,Withdrawn
655108,1626,Pass
655113,205,Withdrawn
655115,5252,Pass
655124,518,Fail
655127,3825,Distinction
655128,3257,Pass
655136,508,Pass
655152,119,Withdrawn
655155,231,Withdrawn
655201,143,Fail
655230,327,Withdrawn
655242,1147,Distinction
655293,73,Withdrawn
655296,558,Pass
655314,1704,Distinction
655322,1294,Withdrawn
655342,1669,Pass
655353,9390,Pass
655353,9390,Pass
655362,551,Pass
655376,352,Pass
655378,2202,Pass
655386,5208,Distinction
655390,2149,Pass
655396,1748,Pass
655406,72,Withdrawn
655408,282,Withdrawn
655412,3400,Pass
655416,164,Withdrawn
655445,2392,Pass
655460,164,Fail
655468,8,Fail
655471,1538,Fail
655484,208,Withdrawn
655484,208,Withdrawn
655492,42,Withdrawn
655498,4009,Pass
655498,4009,Distinction
655546,5015,Pass
655547,672,Pass
655556,481,Fail
655558,285,Withdrawn
655569,3045,Pass
655572,212,Fail
655585,895,Pass
655600,2080,Pass
655605,10,Fail
655609,1976,Pass
655613,391,Fail
655625,8,Fail
655629,304,Withdrawn
655662,12,Fail
655668,583,Fail
655680,1413,Distinction
655720,3,Withdrawn
655764,2341,Pass
655794,2461,Distinction
655796,1752,Pass
655806,502,Fail
655816,1807,Pass
655828,722,Pass
655834,718,Fail
655852,213,Withdrawn
655865,2491,Pass
655869,1605,Distinction
655890,4824,Distinction
655910,95,Withdrawn
655919,2715,Pass
655924,2802,Distinction
655927,2724,Pass
655927,2724,Pass
655930,1011,Withdrawn
655954,1057,Distinction
655972,235,Fail
655973,1504,Pass
655973,1504,Pass
655981,2286,Pass
655988,591,Withdrawn
656010,1153,Pass
656014,35,Fail
656026,44,Withdrawn
656029,535,Withdrawn
656053,410,Pass
656057,2654,Pass
656065,2951,Pass
656067,117,Pass
656068,32,Withdrawn
656068,32,Fail
656073,295,Withdrawn
656079,153,Withdrawn
656086,2073,Withdrawn
656089,697,Withdrawn
656092,3549,Pass
656107,42,Fail
656111,39,Fail
656115,75,Withdrawn
656122,283,Withdrawn
656131,5268,Pass
656134,1474,Distinction
656145,202,Withdrawn
656150,379,Withdrawn
656158,4315,Pass
656159,5513,Distinction
656164,1068,Fail
656165,3863,Pass
656175,136,Withdrawn
656181,390,Fail
656183,1730,Pass
656187,281,Pass
656190,808,Pass
656193,421,Fail
656194,29,Pass
656196,204,Pass
656197,2099,Pass
656200,426,Pass
656203,504,Fail
656203,504,Withdrawn
656204,143,Withdrawn
656206,79,Pass
656208,169,Pass
656217,215,Pass
656222,219,Fail
656227,1325,Distinction
656234,4089,Pass
656253,347,Pass
656276,103,Fail
656277,2582,Pass
656280,102,Withdrawn
656287,1626,Distinction
656323,2557,Pass
656340,793,Pass
656347,1807,Pass
656347,1807,Pass
656352,940,Pass
656353,4789,Pass
656360,1268,Withdrawn
656373,1223,Distinction
656386,2513,Pass
656393,496,Fail
656412,20,Withdrawn
656414,3276,Pass
656436,1227,Pass
656438,431,Fail
656441,2,Withdrawn
656446,1170,Pass
656453,20,Withdrawn
656454,1107,Pass
656455,3,Fail
656459,178,Withdrawn
656472,22,Withdrawn
656475,212,Fail
656481,1342,Pass
656494,289,Pass
656496,661,Pass
656506,801,Distinction
656510,225,Fail
656522,61,Pass
656526,669,Distinction
656529,4959,Pass
656535,1,Withdrawn
656535,1,Withdrawn
656539,319,Withdrawn
656540,1133,Pass
656543,440,Distinction
656549,257,Withdrawn
656553,2121,Fail
656557,1562,Pass
656566,845,Fail
656576,17,Withdrawn
656578,1324,Pass
656579,5876,Distinction
656607,3559,Pass
656622,14,Withdrawn
656634,254,Withdrawn
656637,2,Fail
656642,578,Pass
656651,1988,Pass
656677,29,Withdrawn
656681,1284,Pass
656682,162,Withdrawn
656683,2853,Pass
656693,355,Withdrawn
656698,938,Fail
656711,348,Pass
656734,7120,Distinction
656755,9,Fail
656756,1813,Pass
656766,536,Distinction
656784,820,Fail
656791,7482,Pass
656800,443,Withdrawn
656815,1631,Pass
656825,44,Withdrawn
656826,204,Fail
656854,1597,Pass
656873,1742,Pass
656882,5312,Distinction
656906,111,Fail
656915,1977,Pass
656929,767,Fail
656929,767,Fail
656934,1117,Pass
656936,1082,Pass
656954,660,Withdrawn
656954,660,Withdrawn
656987,427,Pass
656988,1596,Fail
656990,4956,Pass
656996,2138,Pass
657002,1429,Distinction
657032,1399,Pass
657045,408,Pass
657048,3037,Withdrawn
657048,3037,Pass
657050,4334,Distinction
657062,2115,Pass
657071,59,Fail
657077,1636,Pass
657091,302,Withdrawn
657093,241,Withdrawn
657099,112,Fail
657118,2,Withdrawn
657128,1671,Pass
657145,1347,Distinction
657181,131,Withdrawn
657184,120,Withdrawn
657194,3255,Distinction
657196,2113,Distinction
657209,1680,Withdrawn
657210,356,Fail
657210,356,Fail
657211,17,Withdrawn
657211,17,Withdrawn
657220,3548,Pass
657226,699,Pass
657231,153,Pass
657245,1026,Pass
657285,748,Distinction
657290,1608,Pass
657293,781,Distinction
657319,1329,Withdrawn
657319,1329,Pass
657327,4,Withdrawn
657330,3676,Distinction
657344,4032,Distinction
657351,126,Withdrawn
657352,514,Pass
665414,484,Distinction
669530,9009,Pass
669530,9009,Withdrawn
669530,9009,Fail
674193,68,Withdrawn
674201,179,Withdrawn
674206,722,Withdrawn
674214,692,Pass
674222,4348,Pass
674226,2664,Pass
674236,3259,Distinction
674253,1470,Pass
674260,822,Fail
674262,6976,Distinction
674276,1573,Pass
674277,5,Withdrawn
674278,312,Fail
674290,1877,Distinction
674296,85,Withdrawn
674319,155,Withdrawn
674320,2691,Pass
674322,282,Pass
674323,61,Withdrawn
674340,50,Fail
674349,1658,Distinction
674359,693,Fail
674387,5134,Pass
674388,532,Fail
674393,630,Withdrawn
674406,1995,Pass
674419,88,Withdrawn
674430,2696,Withdrawn
674430,2696,Pass
674437,291,Pass
674440,469,Fail
674451,3012,Pass
674457,37,Fail
674467,117,Withdrawn
674469,61,Withdrawn
674471,478,Withdrawn
674478,1115,Fail
674481,537,Fail
674484,5165,Pass
674495,954,Pass
674497,3396,Pass
674497,3396,Pass
674509,10147,Pass
674541,13991,Distinction
674563,496,Pass
674568,399,Pass
674576,2077,Pass
674584,3102,Distinction
674594,1479,Fail
674605,1312,Pass
674616,37,Fail
674617,18,Withdrawn
674640,235,Pass
674644,3429,Pass
674651,726,Withdrawn
674657,2639,Pass
674671,4170,Pass
674691,6206,Distinction
674694,4740,Pass
674699,4204,Pass
674699,4204,Distinction
674710,43,Fail
674720,318,Fail
674746,183,Withdrawn
674747,1961,Fail
674748,304,Withdrawn
674750,4,Withdrawn
674751,5161,Distinction
674758,46,Withdrawn
674766,271,Fail
674784,551,Pass
674808,1697,Pass
674808,1697,Pass
674831,2828,Pass
674853,1144,Pass
674870,7298,Pass
674879,1239,Distinction
674882,991,Pass
674882,991,Fail
674888,352,Withdrawn
674889,654,Pass
674890,967,Distinction
674921,5102,Distinction
674922,526,Pass
674927,264,Pass
674939,199,Fail
674941,2139,Distinction
674960,198,Pass
674965,1036,Distinction
674965,1036,Withdrawn
674983,169,Withdrawn
674989,489,Pass
674997,645,Fail
675021,5703,Distinction
675042,881,Pass
675050,199,Withdrawn
675052,29,Withdrawn
675054,4259,Pass
675054,4259,Pass
675059,53,Fail
675062,1877,Pass
675063,599,Distinction
675085,2143,Pass
675094,290,Withdrawn
675096,1924,Withdrawn
675111,1521,Pass
675144,506,Fail
675159,3387,Pass
675162,937,Pass
675165,12,Withdrawn
675193,2655,Pass
675223,832,Pass
675225,3016,Pass
675231,826,Pass
675233,6952,Pass
675242,702,Pass
675247,516,Distinction
675253,97,Withdrawn
675256,2483,Distinction
675261,2035,Pass
675264,747,Pass
675273,1594,Fail
675279,6463,Pass
675315,4464,Pass
675328,2938,Pass
675337,282,Withdrawn
675337,282,Withdrawn
675365,2448,Pass
675374,2204,Pass
675374,2204,Pass
675383,2284,Distinction
675391,96,Withdrawn
675396,3466,Fail
675441,71,Fail
675441,71,Fail
675442,667,Withdrawn
675442,667,Fail
675450,1911,Withdrawn
675450,1911,Distinction
675471,13,Withdrawn
675474,1056,Pass
675477,1360,Pass
675486,811,Withdrawn
675493,324,Pass
675495,1068,Withdrawn
675495,1068,Withdrawn
675504,5639,Distinction
675514,280,Fail
675516,579,Fail
675526,1526,Pass
675537,1372,Pass
675539,1576,Pass
675566,1929,Distinction
675576,817,Pass
675577,1592,Fail
675578,929,Pass
675636,4980,Pass
675638,1268,Distinction
675638,1268,Withdrawn
675656,53,Withdrawn
675663,765,Fail
675671,44,Withdrawn
675699,195,Fail
675710,3850,Distinction
675728,126,Fail
675750,192,Withdrawn
675760,2556,Distinction
675773,765,Pass
675807,742,Pass
675811,3203,Distinction
675818,92,Withdrawn
675823,1307,Withdrawn
675824,95,Withdrawn
675840,2571,Pass
675843,681,Withdrawn
675848,493,Distinction
675853,163,Withdrawn
675875,3127,Distinction
675879,37,Withdrawn
675880,24,Fail
675888,14,Fail
675891,723,Distinction
675902,594,Pass
675915,1363,Fail
675919,926,Pass
675922,106,Withdrawn
675924,759,Distinction
675929,19,Fail
675945,7,Fail
675947,412,Withdrawn
675949,627,Distinction
675972,356,Withdrawn
675989,6268,Distinction
675993,463,Pass
675996,28,Withdrawn
676007,1832,Pass
676010,909,Withdrawn
676011,43,Fail
676025,32,Withdrawn
676034,152,Distinction
676040,1000,Withdrawn
676064,4374,Distinction
676071,382,Pass
676084,1553,Pass
676087,2569,Distinction
676103,3043,Pass
676138,426,Withdrawn
676138,426,Fail
676139,1138,Fail
676150,87,Fail
676150,87,Fail
676151,4929,Pass
676155,796,Withdrawn
676169,47,Pass
676176,985,Pass
676190,5423,Distinction
676194,1,Withdrawn
676204,23,Fail
676258,46,Withdrawn
676265,3546,Pass
676272,1209,Fail
676303,2062,Pass
676322,644,Distinction
676333,1728,Distinction
676368,88,Withdrawn
676373,527,Fail
676378,4407,Distinction
676387,763,Pass
676390,1466,Pass
676401,1682,Distinction
676420,138,Withdrawn
676428,1106,Pass
676444,7074,Distinction
676458,2067,Fail
676459,4404,Pass
676469,144,Fail
676478,3472,Distinction
676482,3555,Distinction
676492,6337,Pass
676498,564,Withdrawn
676503,3627,Distinction
676516,2540,Pass
676526,244,Fail
676538,1351,Pass
676538,1351,Pass
676546,321,Withdrawn
676553,740,Fail
676589,980,Pass
676596,434,Pass
676600,622,Withdrawn
676604,661,Fail
676610,4822,Distinction
676611,524,Pass
676626,4244,Distinction
676627,321,Withdrawn
676633,2420,Pass
676642,62,Withdrawn
676650,2354,Distinction
676676,2439,Pass
676705,1015,Distinction
676722,2159,Distinction
676724,1461,Pass
676739,7,Fail
676750,554,Distinction
676760,52,Withdrawn
676766,364,Withdrawn
676783,294,Withdrawn
676787,2977,Pass
676805,1997,Pass
676807,832,Distinction
676809,377,Fail
676812,271,Fail
676834,3802,Pass
676852,1665,Distinction
676865,643,Distinction
676866,3736,Pass
676882,3811,Pass
676898,763,Pass
676903,357,Pass
676909,524,Distinction
676916,1853,Pass
676948,385,Pass
676962,213,Pass
676963,1013,Pass
676964,10133,Pass
676964,10133,Pass
677004,869,Fail
677006,1583,Pass
677018,3591,Pass
677018,3591,Pass
677022,68,Withdrawn
677025,678,Distinction
677040,1618,Pass
677049,112,Fail
677066,350,Pass
677081,320,Withdrawn
677085,3440,Pass
677085,3440,Pass
677089,2427,Distinction
677111,5108,Pass
677138,4320,Distinction
677150,577,Fail
677154,246,Fail
677155,5529,Pass
677167,4293,Pass
677184,122,Withdrawn
677186,636,Pass
677189,2571,Pass
677197,1855,Fail
677201,605,Fail
677203,1061,Pass
677206,3301,Pass
677216,232,Distinction
677221,6917,Distinction
677232,1282,Fail
677235,866,Fail
677250,159,Withdrawn
677270,166,Withdrawn
677270,166,Withdrawn
677281,126,Fail
677316,371,Fail
677327,560,Withdrawn
677338,186,Withdrawn
677349,2498,Distinction
677356,277,Pass
677374,526,Withdrawn
677382,4024,Withdrawn
677382,4024,Fail
677400,4064,Distinction
677433,607,Fail
677436,2852,Pass
677444,355,Withdrawn
677456,5696,Pass
677457,1359,Pass
677459,4275,Pass
677459,4275,Pass
677462,527,Pass
677463,397,Distinction
677486,1193,Withdrawn
677491,1354,Distinction
677498,942,Fail
677507,292,Withdrawn
677546,2611,Pass
677551,10,Withdrawn
677579,547,Fail
677582,1445,Withdrawn
677601,167,Fail
677606,590,Fail
677608,2476,Withdrawn
677629,269,Fail
677630,133,Fail
677631,243,Withdrawn
677632,218,Withdrawn
677641,4379,Distinction
677643,92,Withdrawn
677655,4453,Pass
677687,527,Fail
677701,624,Withdrawn
677711,384,Fail
677741,3320,Distinction
677741,3320,Pass
677748,4487,Fail
677767,1934,Fail
677772,30,Withdrawn
677776,225,Withdrawn
677782,254,Withdrawn
677828,7,Withdrawn
677832,910,Pass
677833,5114,Pass
677846,1018,Pass
677867,2959,Withdrawn
677869,890,Fail
677873,2008,Pass
677877,854,Withdrawn
677879,215,Fail
677887,210,Withdrawn
677892,1157,Pass
677897,1218,Pass
677900,2124,Distinction
677922,542,Pass
677928,747,Pass
677947,743,Fail
677988,19,Withdrawn
677997,279,Fail
678004,728,Pass
678005,310,Withdrawn
678009,1053,Distinction
678015,2120,Pass
678016,6,Withdrawn
678025,2272,Pass
678026,837,Pass
678038,279,Pass
678041,506,Pass
678044,173,Withdrawn
678057,1496,Withdrawn
678058,261,Fail
678065,544,Fail
678080,176,Fail
678085,285,Fail
678088,7386,Withdrawn
678088,7386,Pass
678089,6604,Distinction
678090,7,Withdrawn
678090,7,Withdrawn
678102,1488,Pass
678105,1196,Pass
678107,137,Withdrawn
678110,388,Pass
678144,132,Fail
678194,4433,Fail
678194,4433,Distinction
678203,1965,Pass
678203,1965,Pass
678204,485,Pass
678213,400,Withdrawn
678219,260,Withdrawn
678231,128,Withdrawn
678233,971,Pass
678235,7859,Pass
678240,938,Distinction
678241,115,Withdrawn
678244,1788,Pass
678246,1002,Pass
678246,1002,Withdrawn
678255,630,Pass
678261,448,Pass
678262,107,Withdrawn
678267,1229,Pass
678270,1037,Fail
678278,389,Withdrawn
678283,100,Fail
678310,448,Withdrawn
678313,30,Fail
678314,1088,Fail
678327,91,Withdrawn
678335,276,Fail
678339,1173,Pass
678341,5208,Distinction
678346,71,Withdrawn
678367,749,Withdrawn
678373,1223,Pass
678381,2557,Pass
678393,1521,Fail
678393,1521,Fail
678395,6402,Distinction
678397,10,Withdrawn
678407,2116,Withdrawn
678408,2575,Pass
678419,1947,Pass
678419,1947,Pass
678432,327,Pass
678444,73,Fail
678452,1657,Pass
678474,43,Fail
678474,43,Fail
678490,1378,Pass
678508,3210,Distinction
678528,4447,Fail
678538,3250,Withdrawn
678538,3250,Pass
678575,166,Withdrawn
678578,78,Withdrawn
678605,629,Fail
678612,9,Fail
678613,308,Withdrawn
678618,530,Pass
678619,722,Withdrawn
678623,587,Fail
678628,2293,Pass
678639,1092,Withdrawn
678659,3044,Pass
678661,578,Pass
678680,1080,Pass
678688,1326,Pass
678701,803,Pass
678702,65,Withdrawn
678714,90,Withdrawn
678715,1222,Pass
678737,25,Withdrawn
678762,361,Pass
678769,96,Withdrawn
678770,8,Fail
678774,583,Pass
678777,334,Withdrawn
678790,1785,Pass
678790,1785,Pass
678801,27,Withdrawn
678815,1451,Distinction
678819,4425,Distinction
678831,397,Withdrawn
678843,16,Withdrawn
678844,506,Distinction
678852,396,Withdrawn
678859,5474,Distinction
678860,3316,Withdrawn
678860,3316,Withdrawn
678877,889,Withdrawn
678906,1136,Pass
678929,2947,Distinction
678941,660,Distinction
678946,4221,Pass
678953,34,Withdrawn
678954,5746,Distinction
678955,911,Fail
678970,961,Pass
678995,3192,Pass
679000,526,Withdrawn
679019,1023,Fail
679036,13701,Distinction
679039,633,Pass
679059,1998,Pass
679111,1483,Fail
679114,1779,Withdrawn
679114,1779,Pass
679119,59,Withdrawn
679127,1024,Distinction
679128,1934,Distinction
679174,1361,Pass
679179,360,Fail
679179,360,Fail
679189,5704,Pass
679207,2187,Withdrawn
679207,2187,Pass
679218,286,Pass
679227,3494,Pass
679232,1428,Pass
679237,4871,Fail
679251,1489,Fail
679255,234,Withdrawn
679262,1189,Pass
679269,516,Withdrawn
679271,135,Withdrawn
679275,37,Withdrawn
679278,2495,Pass
679325,2,Withdrawn
679327,1030,Distinction
679332,11,Fail
679337,305,Withdrawn
679342,1678,Fail
679363,267,Fail
679384,5394,Pass
679386,2471,Pass
679386,2471,Pass
679388,22,Withdrawn
679395,897,Fail
679402,2274,Distinction
679409,158,Pass
679427,145,Withdrawn
679431,3101,Distinction
679431,3101,Withdrawn
679439,381,Fail
679445,2932,Pass
679448,7231,Pass
679451,2737,Distinction
679454,804,Pass
679457,305,Fail
679468,55,Withdrawn
679498,2418,Pass
679502,477,Withdrawn
679509,2313,Pass
679525,3964,Pass
679529,1035,Withdrawn
679539,59,Fail
679539,59,Withdrawn
679541,622,Pass
679558,99,Withdrawn
679559,500,Pass
679569,1229,Fail
679569,1229,Distinction
679582,174,Fail
679594,7264,Distinction
679599,756,Withdrawn
679631,2797,Pass
679663,214,Pass
679676,3548,Withdrawn
679688,745,Withdrawn
679716,479,Pass
679724,343,Withdrawn
679726,25,Withdrawn
679733,4290,Distinction
679749,138,Withdrawn
679750,7882,Pass
679760,50,Withdrawn
679769,546,Pass
679777,4960,Pass
679788,1842,Pass
679790,2483,Pass
679798,1168,Pass
679801,2473,Pass
679828,426,Distinction
679840,435,Pass
679854,4291,Distinction
679883,1,Withdrawn
679886,2482,Distinction
679897,563,Pass
679918,508,Pass
679921,745,Pass
679938,36,Withdrawn
679939,2351,Pass
679939,2351,Pass
679959,666,Pass
679967,1294,Pass
679971,186,Fail
679989,186,Withdrawn
680002,1202,Distinction
680009,854,Pass
680014,2637,Distinction
680017,1140,Pass
680018,946,Withdrawn
680025,671,Pass
680027,16153,Distinction
680027,16153,Distinction
680063,409,Pass
680074,88,Withdrawn
680080,5096,Pass
680087,756,Pass
680133,2519,Distinction
680133,2519,Distinction
680145,2463,Withdrawn
680145,2463,Pass
680146,1916,Pass
680162,886,Pass
680174,1046,Fail
680176,217,Pass
680187,1585,Pass
680212,864,Fail
680219,1353,Pass
680222,352,Withdrawn
680222,352,Withdrawn
680231,462,Withdrawn
680255,100,Fail
680261,338,Fail
680266,4993,Distinction
680267,1398,Pass
680267,1398,Pass
680270,2578,Fail
680273,2132,Withdrawn
680290,1503,Pass
680293,42,Withdrawn
680312,12,Withdrawn
680314,229,Withdrawn
680322,3716,Pass
680331,131,Fail
680340,58,Fail
680343,5034,Distinction
680345,5,Fail
680348,3675,Pass
680349,38,Withdrawn
680354,217,Fail
680373,535,Withdrawn
680410,290,Withdrawn
680414,1081,Fail
680427,373,Pass
680431,1186,Fail
680442,387,Withdrawn
680443,4827,Distinction
680453,245,Pass
680464,3250,Distinction
680471,778,Fail
680483,1904,Pass
680484,206,Fail
680492,6051,Pass
680492,6051,Pass
680506,3739,Distinction
680517,157,Withdrawn
680522,36,Withdrawn
680530,221,Pass
680541,435,Pass
680545,2536,Pass
680559,587,Fail
680563,127,Withdrawn
680569,294,Pass
680572,6389,Pass
680591,495,Withdrawn
680602,414,Pass
680612,95,Withdrawn
680614,176,Withdrawn
680626,205,Fail
680644,3250,Pass
680678,187,Withdrawn
680687,2447,Distinction
680698,2,Withdrawn
680698,2,Withdrawn
680708,2378,Pass
680713,4465,Pass
680714,123,Withdrawn
680723,2239,Distinction
680728,308,Fail
680733,187,Withdrawn
680747,2467,Pass
680764,298,Withdrawn
680765,3100,Fail
680765,3100,Pass
680775,1852,Pass
680787,1503,Pass
680798,2153,Pass
680804,3343,Pass
680804,3343,Pass
680807,46,Fail
680810,10471,Distinction
680812,309,Fail
680817,491,Pass
680829,161,Withdrawn
680850,27,Fail
680855,145,Fail
680862,64,Pass
680872,1383,Pass
680878,7,Withdrawn
680890,630,Withdrawn
680894,778,Pass
680912,2622,Pass
680918,1230,Pass
680926,1267,Distinction
680938,207,Withdrawn
680955,5218,Pass
680966,1107,Pass
680970,1060,Distinction
680973,199,Fail
680974,1377,Distinction
680981,61,Withdrawn
680988,169,Withdrawn
680992,93,Withdrawn
680996,296,Pass
681001,4939,Distinction
681004,3931,Distinction
681059,420,Distinction
681065,845,Distinction
681073,608,Withdrawn
681095,19,Withdrawn
681107,370,Pass
681125,148,Withdrawn
681150,2750,Pass
681152,1716,Withdrawn
681154,582,Pass
681165,2065,Pass
681168,46,Withdrawn
681174,686,Distinction
681182,224,Withdrawn
681195,328,Withdrawn
681200,3603,Pass
681210,449,Withdrawn
681211,203,Pass
681222,1430,Distinction
681235,3378,Pass
681235,3378,Pass
681241,833,Pass
681268,582,Fail
681277,228,Withdrawn
681289,1340,Fail
681298,519,Fail
681302,1366,Pass
681302,1366,Pass
681327,808,Pass
681328,3976,Distinction
681335,1257,Withdrawn
681335,1257,Withdrawn
681341,1790,Fail
681352,3039,Pass
681354,1157,Pass
681356,273,Pass
681369,2250,Distinction
681379,879,Fail
681383,244,Fail
681384,30,Fail
681393,41,Withdrawn
681397,531,Withdrawn
681416,2876,Pass
681421,503,Pass
681425,502,Pass
681440,2045,Pass
681447,832,Pass
681452,1994,Pass
681490,6003,Distinction
681495,172,Fail
681528,104,Fail
681532,268,Fail
681566,1158,Pass
681581,1753,Pass
681608,1896,Pass
681633,4756,Pass
681642,717,Pass
681652,2830,Pass
681655,4155,Pass
681658,2163,Pass
681691,62,Withdrawn
681695,6,Withdrawn
681696,549,Pass
681705,96,Fail
681710,77,Fail
681716,2043,Distinction
681729,1757,Distinction
681731,1138,Distinction
681735,343,Withdrawn
681746,1503,Pass
681751,362,Fail
681752,97,Fail
681755,3043,Pass
681759,511,Withdrawn
681763,6816,Pass
681791,114,Withdrawn
681798,1009,Pass
681799,837,Distinction
681844,172,Withdrawn
681852,153,Withdrawn
681854,134,Withdrawn
681861,1536,Withdrawn
681872,21,Fail
681876,365,Pass
681923,1328,Fail
681938,2942,Distinction
681961,92,Withdrawn
681966,139,Withdrawn
681973,2080,Pass
681984,82,Pass
682001,1061,Pass
682015,330,Withdrawn
682018,75,Fail
682019,777,Withdrawn
682022,831,Pass
682025,295,Withdrawn
682031,1983,Withdrawn
682041,3,Withdrawn
682041,3,Withdrawn
682051,515,Pass
682056,335,Fail
682058,418,Pass
682070,4366,Pass
682098,45,Withdrawn
682100,747,Pass
682107,1188,Pass
682117,260,Pass
682123,876,Distinction
682217,306,Withdrawn
682223,512,Distinction
682226,197,Withdrawn
682239,1660,Pass
682259,827,Fail
682259,827,Pass
682276,1346,Withdrawn
682294,1530,Pass
682298,3404,Pass
682299,923,Pass
682301,1065,Pass
682306,5280,Pass
682307,36,Fail
682309,82,Withdrawn
682316,908,Pass
682319,153,Withdrawn
682321,1029,Pass
682343,3365,Pass
682355,1240,Pass
682358,847,Withdrawn
682364,98,Withdrawn
682367,1645,Distinction
682375,26,Withdrawn
682385,999,Fail
682390,1889,Pass
682391,974,Fail
682409,1252,Pass
682413,935,Pass
682414,418,Withdrawn
682414,418,Withdrawn
682436,4511,Pass
682437,5538,Pass
682440,528,Fail
682480,75,Pass
682481,317,Withdrawn
682482,276,Withdrawn
682483,634,Pass
682504,970,Withdrawn
682505,1,Withdrawn
682511,3930,Pass
682511,3930,Pass
682538,153,Withdrawn
682539,5100,Distinction
682541,271,Pass
682543,581,Pass
682546,250,Withdrawn
682554,270,Withdrawn
682565,293,Withdrawn
682565,293,Withdrawn
682569,6873,Pass
682569,6873,Pass
682575,86,Withdrawn
682578,781,Fail
682588,3288,Fail
682613,2908,Pass
682625,820,Pass
682627,1544,Pass
682632,6675,Pass
682660,1537,Pass
682671,506,Withdrawn
682684,805,Pass
682692,1069,Pass
682695,3176,Pass
682717,910,Fail
682717,910,Fail
682719,131,Withdrawn
682728,296,Withdrawn
682731,71,Withdrawn
682738,528,Fail
682740,937,Pass
682753,3537,Pass
682758,262,Fail
682787,85,Withdrawn
682813,332,Withdrawn
682819,599,Fail
682839,5842,Pass
682863,782,Withdrawn
682887,638,Fail
682891,56,Withdrawn
682894,2825,Withdrawn
682897,570,Pass
682913,542,Withdrawn
682946,208,Withdrawn
682961,4283,Distinction
682963,4086,Pass
682968,2898,Pass
682981,4446,Distinction
682982,306,Withdrawn
682983,3304,Pass
682985,1121,Fail
682990,6508,Distinction
683002,2668,Distinction
683005,840,Pass
683033,5605,Pass
683054,43,Withdrawn
683079,2151,Pass
683091,2838,Distinction
683094,1981,Fail
683120,2163,Pass
683140,5645,Pass
683145,972,Pass
683164,243,Pass
683177,893,Withdrawn
683178,4124,Pass
683188,498,Fail
683202,807,Pass
683220,181,Withdrawn
683243,1378,Fail
683246,284,Fail
683256,142,Pass
683270,2865,Pass
683273,41,Fail
683275,170,Pass
683299,208,Withdrawn
683301,35,Withdrawn
683305,1956,Pass
683323,1098,Fail
683336,713,Distinction
683346,4056,Distinction
683347,109,Withdrawn
683352,2801,Pass
683353,6226,Pass
683360,73,Withdrawn
683373,1389,Distinction
683375,3357,Pass
683396,922,Fail
683403,4603,Distinction
683406,1033,Withdrawn
683420,956,Pass
683423,1028,Pass
683427,1,Withdrawn
683446,492,Fail
683467,2332,Pass
683486,446,Withdrawn
683487,320,Withdrawn
683492,2857,Fail
683503,1432,Withdrawn
683508,344,Fail
683530,8390,Distinction
683548,590,Fail
683550,1277,Pass
683555,375,Withdrawn
683576,438,Withdrawn
683592,960,Pass
683604,7295,Pass
683618,644,Pass
683624,8730,Distinction
683625,1902,Pass
683628,13,Withdrawn
683630,1751,Pass
683633,883,Pass
683640,638,Withdrawn
683648,1655,Pass
683653,338,Pass
683664,1246,Pass
683668,1862,Distinction
683696,18,Withdrawn
683699,571,Withdrawn
683705,861,Pass
683713,2242,Pass
683718,893,Pass
683728,1507,Pass
683742,1819,Pass
683745,1418,Fail
683764,652,Fail
683768,41,Withdrawn
683772,1034,Withdrawn
683777,645,Pass
683779,1617,Pass
683783,2337,Pass
683792,50,Withdrawn
683817,637,Distinction
683820,4543,Pass
683832,582,Withdrawn
683838,1044,Fail
683841,640,Fail
683865,120,Fail
683902,1203,Pass
683934,3606,Pass
683935,1250,Pass
683947,58,Withdrawn
683974,1106,Distinction
683987,2212,Pass
684013,5310,Distinction
684040,929,Withdrawn
684050,2466,Distinction
684055,1588,Pass
684064,1706,Pass
684072,2286,Pass
684075,45,Fail
684095,913,Pass
684098,208,Fail
684111,745,Pass
684116,2020,Pass
684141,691,Pass
684146,1149,Pass
684169,682,Distinction
684180,171,Pass
684183,4011,Pass
684184,1209,Distinction
684208,6,Fail
684217,705,Pass
684225,1016,Pass
684233,1031,Pass
684241,1116,Distinction
684250,183,Pass
684270,1695,Fail
684273,1279,Pass
684305,286,Fail
684311,2841,Pass
684319,1397,Pass
684329,2536,Pass
684341,327,Pass
684357,3039,Distinction
684375,458,Pass
684383,3622,Pass
684386,3684,Pass
684393,416,Pass
684407,869,Distinction
684420,14,Fail
684427,46,Fail
684441,369,Pass
684444,1370,Pass
684456,783,Pass
684459,179,Withdrawn
684473,1117,Withdrawn
684480,1780,Distinction
684498,401,Fail
684498,401,Withdrawn
684504,1195,Pass
684511,863,Withdrawn
684511,863,Pass
684514,1424,Pass
684526,1826,Withdrawn
684532,3168,Pass
684567,982,Pass
684572,642,Withdrawn
684579,188,Withdrawn
684592,2700,Pass
684594,357,Withdrawn
684610,2471,Pass
684615,1163,Distinction
684617,183,Fail
684617,183,Fail
684632,1001,Distinction
684643,389,Fail
684663,673,Fail
684663,673,Fail
684669,5314,Pass
684669,5314,Pass
684671,2897,Pass
684675,1645,Pass
684676,1003,Fail
684681,213,Fail
684687,2085,Pass
684704,555,Pass
684709,1004,Distinction
684712,18,Withdrawn
684726,110,Withdrawn
684733,21,Withdrawn
684736,47,Withdrawn
684744,601,Withdrawn
684802,739,Distinction
684811,464,Distinction
684825,2013,Pass
684833,1505,Distinction
684854,1353,Pass
684868,62,Withdrawn
684882,7383,Pass
684903,99,Fail
684905,3597,Pass
684905,3597,Distinction
684907,1889,Pass
684931,1239,Pass
684936,608,Fail
684944,244,Withdrawn
684944,244,Fail
684967,1261,Fail
684971,592,Fail
684981,4840,Withdrawn
684987,176,Withdrawn
684990,433,Fail
684995,435,Fail
685000,954,Withdrawn
685004,848,Fail
685009,1143,Pass
685015,1503,Withdrawn
685015,1503,Pass
685033,1,Withdrawn
685042,1337,Withdrawn
685052,292,Fail
685060,1166,Pass
685069,294,Withdrawn
685079,1567,Fail
685085,355,Pass
685096,12,Withdrawn
685098,1013,Distinction
685100,800,Withdrawn
685105,1214,Fail
685123,190,Withdrawn
685128,2494,Pass
685140,1482,Pass
685152,1517,Pass
685155,4845,Pass
685176,663,Fail
685191,1733,Distinction
685192,591,Withdrawn
685199,1452,Pass
685201,1556,Pass
685206,2167,Distinction
685212,6705,Pass
685212,6705,Distinction
685224,1922,Distinction
685228,670,Pass
685236,1436,Withdrawn
685236,1436,Withdrawn
685257,115,Fail
685267,785,Pass
685272,360,Fail
685276,5720,Distinction
685282,43,Fail
685283,539,Fail
685284,1343,Pass
685285,799,Pass
685287,2209,Pass
685287,2209,Pass
685289,1154,Withdrawn
685292,1420,Pass
685294,1416,Pass
685318,864,Pass
685330,5891,Withdrawn
685338,759,Distinction
685339,3082,Pass
685367,772,Fail
685370,1566,Pass
685373,3592,Distinction
685378,943,Pass
685391,1386,Pass
685399,151,Fail
685410,4470,Pass
685412,1544,Distinction
685412,1544,Distinction
685436,1098,Pass
685447,103,Fail
685453,408,Fail
685458,4051,Pass
685458,4051,Pass
685474,666,Withdrawn
685474,666,Withdrawn
685487,4665,Distinction
685487,4665,Distinction
685499,1737,Distinction
685512,32,Withdrawn
685514,3991,Pass
685517,2759,Distinction
685535,643,Pass
685545,501,Pass
685546,10,Withdrawn
685557,140,Fail
685557,140,Fail
685572,1209,Pass
685575,666,Distinction
685592,1342,Distinction
685597,4782,Pass
685602,427,Withdrawn
685611,2369,Pass
685615,1354,Pass
685619,2135,Withdrawn
685619,2135,Pass
685623,373,Pass
685627,823,Pass
685639,4,Withdrawn
685653,173,Fail
685657,503,Withdrawn
685663,9,Withdrawn
685663,9,Withdrawn
685668,2421,Pass
685676,493,Distinction
685697,840,Pass
685702,528,Pass
685705,4035,Withdrawn
685705,4035,Pass
685708,1852,Pass
685750,10,Withdrawn
685750,10,Withdrawn
685772,4695,Pass
685776,156,Fail
685779,532,Pass
685802,162,Withdrawn
685802,162,Withdrawn
685804,280,Fail
685812,2213,Distinction
685829,423,Pass
685830,1233,Pass
685831,2500,Pass
685841,1,Fail
685842,3314,Pass
685843,845,Pass
685849,739,Pass
685860,2341,Withdrawn
685860,2341,Withdrawn
685861,3,Withdrawn
685871,4826,Distinction
685900,374,Fail
685910,672,Fail
685923,91,Withdrawn
685928,68,Fail
685950,11173,Pass
685950,11173,Pass
685952,188,Fail
685952,188,Fail
685964,3648,Distinction
685964,3648,Distinction
685988,520,Withdrawn
685998,533,Withdrawn
686001,1079,Distinction
686003,100,Withdrawn
686003,100,Withdrawn
686018,3464,Distinction
686018,3464,Pass
686028,5,Fail
686034,127,Withdrawn
686038,1210,Pass
686051,1510,Pass
686058,5856,Distinction
686058,5856,Distinction
686065,4642,Distinction
686074,1401,Pass
686078,429,Withdrawn
686093,705,Withdrawn
686100,104,Withdrawn
686110,3034,Pass
686110,3034,Pass
686112,1817,Distinction
686128,974,Pass
686164,99,Fail
686182,873,Pass
686191,365,Withdrawn
686194,886,Pass
686200,1502,Distinction
686201,44,Withdrawn
686207,600,Distinction
686267,533,Pass
686268,2066,Pass
686268,2066,Fail
686286,105,Fail
686287,1266,Fail
686309,39,Fail
686312,2078,Pass
686313,5,Withdrawn
686314,1838,Pass
686317,2808,Pass
686339,38,Withdrawn
686344,4812,Pass
686348,6461,Pass
686358,200,Withdrawn
686365,9,Fail
686370,872,Pass
686373,405,Fail
686378,836,Fail
686384,447,Withdrawn
686390,96,Withdrawn
686399,554,Pass
686402,553,Fail
686411,8738,Distinction
686447,2576,Pass
686448,174,Withdrawn
686462,97,Withdrawn
686476,974,Pass
686498,5740,Pass
686515,3788,Distinction
686522,3520,Pass
686525,1873,Pass
686549,249,Fail
686558,2233,Pass
686558,2233,Pass
686564,3440,Distinction
686584,1451,Pass
686584,1451,Pass
686593,3049,Distinction
686596,434,Fail
686598,1172,Pass
686633,64,Withdrawn
686645,2636,Distinction
686650,733,Fail
686667,3161,Pass
686668,116,Fail
686670,1129,Pass
686688,1535,Withdrawn
686700,1178,Pass
686703,15,Withdrawn
686705,1925,Pass
686708,1508,Pass
686725,1040,Pass
686752,19,Withdrawn
686753,1742,Pass
686760,2,Withdrawn
686762,838,Pass
686766,874,Pass
686786,1064,Fail
686791,1409,Pass
686797,145,Withdrawn
686813,11,Withdrawn
686822,1018,Pass
686837,879,Pass
686838,141,Fail
686852,1,Withdrawn
686854,404,Pass
686869,15,Withdrawn
686871,202,Pass
686872,3438,Distinction
686898,4,Withdrawn
686907,756,Pass
686913,580,Pass
686918,1590,Distinction
686921,871,Pass
686938,607,Pass
686940,1917,Distinction
686946,2202,Fail
686953,750,Fail
686957,5851,Pass
686987,2555,Pass
687004,6,Fail
687007,379,Fail
687023,899,Pass
687023,899,Pass
687028,54,Fail
687030,150,Withdrawn
687033,275,Fail
687037,1939,Pass
687050,209,Fail
687060,915,Fail
687073,1160,Withdrawn
687082,183,Fail
687112,2779,Pass
687115,1244,Pass
687122,1895,Pass
687143,11,Withdrawn
687146,49,Withdrawn
687154,3,Withdrawn
687157,1101,Pass
687160,1931,Distinction
687173,2546,Pass
687185,440,Pass
687190,1395,Distinction
687194,567,Fail
687206,2236,Distinction
687216,3326,Distinction
687217,258,Withdrawn
687242,1770,Pass
687244,182,Pass
687256,10,Withdrawn
687288,882,Withdrawn
687301,231,Pass
687302,479,Pass
687304,368,Fail
687310,1238,Fail
687310,1238,Fail
687326,293,Fail
687331,891,Fail
687341,711,Withdrawn
687345,646,Withdrawn
687345,646,Fail
687348,386,Withdrawn
687351,3315,Pass
687367,165,Withdrawn
687369,4,Withdrawn
687370,1711,Pass
687378,5233,Pass
687379,2161,Pass
687384,521,Withdrawn
687402,735,Pass
687404,8,Fail
687406,1351,Pass
687410,2406,Pass
687411,627,Distinction
687421,3147,Pass
687434,9247,Distinction
687446,694,Fail
687468,3937,Distinction
687485,2758,Pass
687498,395,Withdrawn
687503,6249,Pass
687510,580,Withdrawn
687511,837,Withdrawn
687523,207,Fail
687525,443,Fail
687533,1647,Distinction
687534,58,Withdrawn
687563,4070,Pass
687566,1273,Distinction
687574,2216,Pass
687575,1464,Distinction
687586,28,Fail
687600,411,Pass
687620,1970,Distinction
687626,22,Fail
687653,1756,Pass
687683,1165,Pass
687686,2953,Pass
687686,2953,Fail
687688,1431,Pass
687698,174,Pass
687715,1,Withdrawn
687720,529,Pass
687722,539,Pass
687747,93,Withdrawn
687752,689,Withdrawn
687757,1976,Pass
687765,315,Withdrawn
687766,1326,Pass
687769,797,Pass
687772,4299,Distinction
687772,4299,Distinction
687777,99,Withdrawn
687780,625,Pass
687781,1582,Pass
687792,680,Pass
687821,483,Pass
687822,77,Withdrawn
687823,988,Pass
687828,85,Fail
687835,996,Pass
687844,1828,Withdrawn
687844,1828,Pass
687846,1649,Pass
687861,433,Pass
687877,1104,Pass
687910,4368,Pass
687930,6014,Pass
687931,3023,Pass
687945,3180,Distinction
687975,742,Distinction
687977,12,Withdrawn
687978,19,Withdrawn
687981,3482,Pass
687981,3482,Pass
687988,4275,Pass
688008,3729,Pass
688011,429,Pass
688028,5,Withdrawn
688033,665,Fail
688038,778,Distinction
688050,328,Fail
688071,95,Fail
688097,142,Withdrawn
688106,313,Withdrawn
688117,380,Withdrawn
688118,1781,Pass
688127,3080,Distinction
688128,8,Withdrawn
688130,64,Pass
688133,3998,Distinction
688135,859,Pass
688136,7486,Fail
688144,50,Withdrawn
688159,1036,Withdrawn
688167,704,Pass
688171,211,Withdrawn
688171,211,Withdrawn
688175,512,Pass
688187,18,Withdrawn
688192,3369,Fail
688199,806,Distinction
688203,194,Withdrawn
688208,481,Withdrawn
688213,21,Withdrawn
688225,1827,Fail
688250,144,Fail
688251,1,Withdrawn
688263,63,Fail
688265,823,Fail
688271,43,Withdrawn
688281,3078,Distinction
688284,480,Withdrawn
688287,1375,Pass
688301,87,Fail
688310,2655,Pass
688326,14,Withdrawn
688337,3253,Pass
688337,3253,Pass
688356,465,Pass
688376,857,Pass
688379,606,Pass
688388,1066,Distinction
688398,187,Fail
688401,681,Pass
688404,453,Withdrawn
688437,684,Pass
688442,356,Withdrawn
688451,2596,Distinction
688453,281,Fail
688470,1209,Fail
688475,30,Withdrawn
688513,1389,Pass
688519,2202,Pass
688521,456,Distinction
688525,987,Fail
688533,413,Withdrawn
688537,231,Fail
688543,3464,Pass
688545,6,Withdrawn
688571,411,Pass
688592,423,Pass
688599,183,Fail
688600,418,Withdrawn
688608,1576,Pass
688638,1043,Pass
688656,45,Withdrawn
688658,90,Withdrawn
688662,3253,Distinction
688664,440,Withdrawn
688665,24,Fail
688667,7759,Pass
688683,520,Withdrawn
688683,520,Fail
688685,3595,Pass
688707,521,Fail
688710,1,Withdrawn
688722,1356,Pass
688727,6398,Distinction
688742,1223,Pass
688752,29,Withdrawn
688763,1378,Withdrawn
688770,443,Pass
688811,411,Pass
688819,2876,Distinction
688822,77,Fail
688843,564,Withdrawn
688843,564,Fail
688849,22,Withdrawn
688856,25,Fail
688870,1005,Fail
688881,689,Withdrawn
688891,1849,Fail
688895,6433,Distinction
688904,2422,Withdrawn
688911,1023,Pass
688924,766,Pass
688937,1,Withdrawn
688954,979,Pass
688964,8,Withdrawn
688974,99,Fail
688976,783,Fail
688997,91,Withdrawn
689004,2127,Distinction
689005,1511,Pass
689017,1168,Pass
689038,725,Fail
689042,583,Withdrawn
689042,583,Withdrawn
689050,6745,Distinction
689050,6745,Pass
689051,3,Withdrawn
689052,491,Fail
689056,1472,Pass
689065,616,Fail
689069,315,Fail
689089,70,Fail
689094,669,Pass
689095,1327,Pass
689097,2124,Pass
689101,690,Fail
689107,1,Fail
689113,103,Pass
689124,648,Pass
689129,330,Pass
689131,914,Pass
689132,783,Pass
689135,1186,Pass
689139,509,Pass
689141,423,Pass
689143,210,Withdrawn
689143,210,Withdrawn
689147,290,Pass
689148,1223,Distinction
689157,674,Pass
689161,1651,Pass
689164,1211,Pass
689173,49,Withdrawn
689178,328,Fail
689185,489,Fail
689187,1189,Pass
689190,1687,Pass
689190,1687,Pass
689198,202,Withdrawn
689217,2549,Pass
689217,2549,Pass
689225,601,Withdrawn
689228,373,Fail
689230,831,Pass
689231,1196,Pass
689246,1626,Pass
689250,4133,Distinction
689260,2140,Pass
689265,396,Pass
689267,209,Pass
689274,4568,Pass
689280,5725,Distinction
689287,1169,Distinction
689288,1911,Pass
689290,99,Withdrawn
689298,19,Fail
689309,1635,Fail
689329,389,Fail
689333,592,Pass
689335,809,Pass
689346,171,Withdrawn
689346,171,Withdrawn
689347,2601,Pass
689352,19,Withdrawn
689352,19,Withdrawn
689370,1662,Pass
689371,834,Distinction
689389,1702,Pass
689397,199,Fail
689399,2733,Pass
689406,729,Pass
689418,1763,Pass
689433,859,Pass
689436,236,Withdrawn
689444,2538,Fail
689485,597,Fail
689487,314,Fail
689493,534,Withdrawn
689498,191,Withdrawn
689503,1414,Pass
689527,265,Fail
689527,265,Fail
689554,52,Withdrawn
689563,1045,Pass
689574,1537,Pass
689582,77,Withdrawn
689585,2,Withdrawn
689594,571,Pass
689626,145,Fail
689636,385,Pass
689637,2997,Distinction
689650,496,Distinction
689662,1559,Pass
689665,2152,Pass
689711,171,Fail
689727,597,Pass
689754,351,Pass
689759,2526,Pass
689759,2526,Pass
689763,889,Fail
689768,188,Pass
689775,5,Fail
689778,92,Withdrawn
689786,530,Withdrawn
689792,519,Pass
689796,8713,Pass
689808,49,Withdrawn
689816,24,Withdrawn
689827,218,Withdrawn
689828,111,Pass
689832,2294,Pass
689838,928,Fail
689839,1073,Fail
689840,4792,Pass
689855,4796,Distinction
689855,4796,Distinction
689878,776,Pass
689896,462,Withdrawn
689900,224,Withdrawn
689921,3196,Pass
689924,1702,Pass
689925,183,Withdrawn
689936,466,Pass
689956,289,Pass
689975,755,Pass
689977,43,Withdrawn
689983,2315,Distinction
689990,1473,Distinction
689999,26,Withdrawn
690003,652,Pass
690016,791,Pass
690029,699,Pass
690038,4,Fail
690044,898,Pass
690046,604,Withdrawn
690057,304,Pass
690062,1135,Pass
690065,159,Fail
690075,1789,Pass
690089,1643,Pass
690095,3408,Distinction
690116,2386,Pass
690118,163,Withdrawn
690133,497,Pass
690137,2,Withdrawn
690168,2105,Pass
690174,71,Withdrawn
690181,305,Withdrawn
690192,784,Pass
690198,3860,Distinction
690211,665,Pass
690225,768,Fail
690235,4,Withdrawn
690240,190,Withdrawn
690241,2824,Distinction
690296,718,Withdrawn
690298,276,Fail
690298,276,Fail
690318,868,Pass
690319,958,Pass
690359,462,Distinction
690365,7489,Pass
690365,7489,Pass
690366,425,Withdrawn
690370,1039,Pass
690382,1706,Pass
690384,1045,Pass
690404,3126,Pass
690406,51,Withdrawn
690406,51,Withdrawn
690430,651,Withdrawn
690439,678,Fail
690439,678,Fail
690469,3774,Pass
690470,43,Withdrawn
690471,34,Fail
690507,4377,Pass
690507,4377,Pass
690525,3391,Pass
690548,61,Fail
690553,855,Pass
690554,16,Withdrawn
690556,406,Fail
690579,1261,Pass
690585,155,Fail
690586,2592,Pass
690589,654,Fail
690600,417,Withdrawn
690628,3443,Pass
690631,4,Withdrawn
690631,4,Withdrawn
690635,1320,Distinction
690644,1330,Pass
690656,167,Withdrawn
690669,380,Withdrawn
690687,3,Withdrawn
690695,646,Withdrawn
690711,1100,Distinction
690724,1774,Withdrawn
690724,1774,Pass
690733,8983,Distinction
690733,8983,Distinction
690736,427,Fail
690746,7083,Distinction
690763,638,Fail
690763,638,Withdrawn
690766,1305,Pass
690767,474,Fail
690780,129,Withdrawn
690783,88,Fail
690832,3699,Fail
690843,2,Withdrawn
690867,269,Withdrawn
690872,3012,Pass
690882,366,Pass
690884,1540,Fail
690895,202,Withdrawn
690902,3264,Pass
690917,1906,Distinction
690932,36,Fail
690940,288,Withdrawn
690948,5557,Fail
690962,627,Withdrawn
690962,627,Withdrawn
690967,830,Pass
691006,298,Fail
691026,2203,Pass
691028,277,Withdrawn
691040,2,Withdrawn
691056,24,Withdrawn
691056,24,Withdrawn
691069,1441,Pass
691069,1441,Pass
691078,1015,Pass
691088,347,Fail
691094,530,Pass
691106,65,Pass
691122,689,Pass
691127,1100,Pass
691177,138,Fail
691177,138,Fail
691189,3194,Pass
691195,595,Fail
691202,801,Pass
691207,1483,Pass
691212,18,Fail
691218,1391,Fail
691218,1391,Pass
691229,780,Pass
691248,955,Fail
691253,27,Withdrawn
691257,252,Withdrawn
691257,252,Withdrawn
691269,3280,Pass
691272,49,Withdrawn
691280,1645,Pass
691281,425,Fail
691286,20,Withdrawn
691288,29,Fail
691312,670,Pass
691326,5651,Fail
691343,58,Withdrawn
691353,775,Withdrawn
691371,2090,Pass
691375,1099,Fail
691411,331,Withdrawn
691413,2270,Distinction
691428,309,Withdrawn
691433,699,Fail
691444,496,Fail
691465,3140,Fail
691501,853,Distinction
691514,40,Pass
691519,758,Pass
691536,3278,Pass
691550,1642,Distinction
691556,1447,Pass
691577,384,Withdrawn
691640,190,Withdrawn
691663,33,Withdrawn
691683,1514,Pass
691699,2350,Pass
691701,1058,Fail
691717,874,Pass
691722,5030,Distinction
691748,39,Fail
691761,1132,Pass
691782,7561,Pass
691787,163,Fail
691790,1878,Pass
691805,191,Withdrawn
691834,622,Pass
691835,659,Distinction
691843,2335,Pass
691851,694,Pass
691856,262,Pass
691867,29,Withdrawn
691869,205,Pass
691873,1919,Pass
691875,2692,Pass
691907,1195,Pass
691926,1624,Pass
691931,541,Pass
691932,4941,Pass
691978,196,Withdrawn
691997,105,Fail
692010,5111,Pass
692012,533,Fail
692018,524,Pass
692097,5313,Pass
692105,1952,Distinction
692164,1718,Pass
692171,723,Pass
692175,1262,Fail
692179,181,Withdrawn
692181,802,Pass
692196,2470,Distinction
692206,583,Fail
692207,155,Pass
692215,1973,Distinction
692219,549,Withdrawn
692219,549,Withdrawn
692220,2668,Pass
692256,364,Distinction
692297,122,Fail
692301,1486,Pass
692320,60,Fail
692334,4280,Pass
692354,360,Pass
692355,1720,Pass
692363,522,Withdrawn
692384,643,Withdrawn
692426,1200,Fail
692454,3533,Pass
692473,226,Pass
692474,269,Fail
692477,1183,Pass
692479,402,Withdrawn
692482,26,Fail
692484,942,Pass
692490,1321,Pass
692496,85,Fail
692500,297,Withdrawn
692502,3325,Pass
692518,2019,Pass
692521,21,Fail
692522,219,Pass
692525,227,Fail
692534,1141,Pass
692544,414,Pass
692547,15,Fail
692553,518,Fail
692572,2392,Pass
692603,1531,Distinction
692603,1531,Distinction
692609,3807,Distinction
692612,5610,Pass
692629,45,Withdrawn
692632,692,Fail
692646,3175,Pass
692647,109,Withdrawn
692652,779,Distinction
692654,1531,Pass
692723,517,Withdrawn
692753,149,Withdrawn
692805,1927,Pass
692826,81,Fail
692827,1315,Pass
692828,724,Pass
692850,300,Withdrawn
692850,300,Withdrawn
692893,2646,Pass
692897,235,Withdrawn
692898,21,Withdrawn
692907,371,Pass
692908,1288,Pass
692918,623,Pass
692920,445,Pass
692924,2279,Distinction
692928,4274,Pass
692928,4274,Pass
692933,176,Withdrawn
692936,92,Fail
692943,2053,Pass
692946,311,Fail
692962,4584,Pass
692968,2537,Pass
692972,508,Distinction
692976,81,Withdrawn
692991,2537,Pass
693046,56,Fail
693047,101,Withdrawn
693053,513,Distinction
693058,4450,Distinction
693058,4450,Distinction
693061,328,Withdrawn
693069,2102,Pass
693082,263,Withdrawn
693085,1928,Pass
693091,1435,Pass
693098,463,Pass
693111,551,Withdrawn
693111,551,Withdrawn
693114,101,Withdrawn
693127,12,Withdrawn
693141,213,Pass
693145,538,Pass
693147,185,Withdrawn
693147,185,Withdrawn
693160,2080,Pass
693161,274,Withdrawn
693162,5989,Distinction
693182,504,Pass
693197,1552,Pass
693204,600,Pass
693213,456,Distinction
693221,1926,Distinction
693230,282,Pass
693235,3128,Pass
693236,3721,Pass
693246,21,Withdrawn
693273,82,Fail
693294,515,Fail
693297,570,Fail
693302,1567,Distinction
693308,574,Pass
693310,52,Withdrawn
693340,2588,Withdrawn
693345,3611,Pass
693364,2044,Pass
693373,3265,Distinction
693380,190,Pass
693387,1673,Pass
693416,990,Pass
693421,985,Distinction
693441,1153,Pass
693448,31,Withdrawn
693452,593,Pass
693468,57,Withdrawn
693478,384,Pass
693488,945,Pass
693497,3582,Pass
693501,6419,Distinction
693514,608,Pass
693519,1264,Pass
693565,317,Withdrawn
693569,644,Pass
693573,919,Withdrawn
693606,4166,Pass
693615,61,Withdrawn
693616,331,Pass
693620,4,Withdrawn
693628,3626,Pass
693629,33,Fail
693635,156,Fail
693640,1873,Pass
693682,1146,Pass
693692,53,Fail
693747,1932,Pass
693752,254,Pass
693763,296,Pass
693764,970,Pass
693788,8398,Distinction
693793,231,Pass
693806,6330,Distinction
693812,663,Withdrawn
693812,663,Withdrawn
693843,581,Pass
693863,4,Withdrawn
693871,232,Fail
693873,1415,Fail
693899,101,Fail
693902,651,Distinction
693903,2859,Distinction
693906,846,Withdrawn
693907,3990,Pass
693910,1090,Withdrawn
693910,1090,Pass
693934,1,Withdrawn
693938,4353,Pass
693959,1477,Pass
693983,142,Withdrawn
693998,1155,Withdrawn
694006,668,Pass
694009,567,Distinction
694010,1059,Pass
694019,259,Withdrawn
694070,327,Fail
694078,2275,Pass
694081,55,Withdrawn
694082,443,Pass
694103,638,Pass
694128,2359,Pass
694132,1564,Pass
694144,2807,Distinction
694147,179,Withdrawn
694147,179,Withdrawn
694150,401,Withdrawn
694152,2618,Pass
694155,1410,Fail
694190,73,Pass
694212,709,Withdrawn
694218,2694,Pass
694221,989,Fail
694225,133,Withdrawn
694246,2106,Pass
694272,28,Withdrawn
694284,1128,Withdrawn
694292,782,Pass
694304,673,Withdrawn
694338,1023,Pass
694339,35,Withdrawn
694341,1290,Pass
694342,1102,Pass
694349,256,Pass
694359,380,Pass
694361,1079,Withdrawn
694361,1079,Pass
694362,469,Distinction
694376,518,Fail
694380,253,Withdrawn
694384,324,Pass
694404,256,Fail
694416,26,Withdrawn
694428,2014,Pass
694448,81,Withdrawn
694456,1571,Pass
694457,635,Fail
694464,15,Withdrawn
694470,554,Pass
694472,411,Pass
694473,786,Pass
694476,428,Withdrawn
694490,1072,Pass
694510,1639,Fail
694523,488,Distinction
694526,503,Pass
694536,118,Withdrawn
694536,118,Withdrawn
694548,117,Withdrawn
694554,106,Withdrawn
694561,1557,Pass
694563,1092,Withdrawn
694571,3646,Pass
694576,1023,Fail
694579,5143,Pass
694579,5143,Pass
694589,962,Pass
694616,736,Withdrawn
694622,3922,Pass
694634,388,Pass
694669,253,Withdrawn
694673,718,Fail
694677,435,Pass
694680,2377,Pass
694680,2377,Pass
694684,986,Fail
694698,1873,Pass
694705,364,Withdrawn
694705,364,Withdrawn
694706,306,Pass
694715,8,Withdrawn
694716,4082,Pass
694723,982,Distinction
694726,1374,Pass
694729,985,Pass
694735,671,Withdrawn
694753,66,Withdrawn
694779,1413,Pass
694782,885,Distinction
694792,918,Pass
694807,158,Withdrawn
694823,1023,Pass
694827,2234,Pass
694836,2586,Pass
694848,3886,Distinction
694854,1386,Pass
694857,117,Fail
694860,1852,Distinction
694871,2129,Withdrawn
694871,2129,Pass
694872,6079,Distinction
694914,481,Withdrawn
694974,345,Withdrawn
694976,666,Pass
694981,246,Pass
694983,2834,Pass
695001,917,Pass
695014,956,Pass
695021,243,Pass
695027,631,Pass
695031,362,Pass
695044,1409,Pass
695047,567,Pass
695049,9,Pass
695054,1198,Distinction
695070,620,Pass
695075,985,Pass
695084,730,Pass
695090,1536,Pass
695094,833,Withdrawn
695122,1380,Withdrawn
695122,1380,Distinction
695143,5,Withdrawn
695144,173,Pass
695148,726,Pass
695169,3055,Pass
695183,1873,Distinction
695186,7,Fail
695201,456,Pass
695205,2219,Distinction
695220,307,Withdrawn
695232,15361,Distinction
695235,919,Pass
695247,4430,Distinction
695250,1223,Withdrawn
695251,602,Withdrawn
695256,64,Pass
695259,806,Pass
695270,1430,Pass
695270,1430,Pass
695278,3024,Pass
695298,984,Withdrawn
695340,238,Withdrawn
695354,2382,Distinction
695356,36,Withdrawn
695369,885,Withdrawn
695369,885,Withdrawn
695380,188,Withdrawn
695405,448,Fail
695432,716,Pass
695434,2230,Fail
695435,3678,Pass
695461,117,Withdrawn
695471,2203,Pass
695475,1690,Distinction
695484,432,Pass
695485,2034,Pass
695503,376,Pass
695509,257,Pass
695510,848,Pass
695516,223,Withdrawn
695518,899,Pass
695528,11,Withdrawn
695535,580,Pass
695550,705,Fail
695584,91,Withdrawn
695611,56,Withdrawn
695613,193,Pass
695631,1427,Pass
695637,2939,Distinction
695638,259,Fail
695643,310,Withdrawn
695643,310,Withdrawn
695644,3144,Distinction
695651,638,Pass
695653,1121,Fail
695653,1121,Pass
695654,277,Pass
695655,1179,Pass
695668,1750,Distinction
695673,444,Distinction
695676,395,Withdrawn
695700,697,Fail
695729,8097,Pass
695732,2696,Distinction
695735,110,Fail
695739,771,Pass
695748,1204,Withdrawn
695759,505,Pass
695760,11,Withdrawn
695760,11,Withdrawn
695794,7,Withdrawn
695799,61,Withdrawn
695803,3656,Pass
695825,2374,Withdrawn
695855,1257,Pass
695869,4519,Pass
695874,618,Withdrawn
695877,185,Fail
695879,215,Withdrawn
695913,799,Pass
695915,66,Fail
695916,804,Pass
695919,850,Pass
695926,1082,Fail
695932,1150,Fail
695941,167,Withdrawn
695944,680,Pass
695946,1139,Pass
695951,923,Pass
695956,532,Withdrawn
695964,155,Withdrawn
695972,777,Pass
695976,3,Withdrawn
695981,66,Withdrawn
695982,22,Withdrawn
696007,2557,Pass
696019,63,Withdrawn
696039,1767,Fail
696043,2362,Distinction
696044,341,Fail
696071,1506,Withdrawn
696072,299,Pass
696073,2168,Pass
696082,2966,Pass
696091,66,Withdrawn
696128,1211,Pass
696132,1183,Fail
696152,1308,Pass
696157,481,Pass
696188,2111,Pass
696192,1242,Pass
696203,1092,Pass
696234,162,Withdrawn
696234,162,Withdrawn
696253,7,Withdrawn
696253,7,Withdrawn
696265,60,Withdrawn
696271,756,Distinction
696275,7973,Distinction
696301,927,Pass
696316,229,Withdrawn
696318,2732,Distinction
696324,661,Withdrawn
696324,661,Withdrawn
696325,896,Fail
696329,5385,Distinction
696347,6171,Pass
696348,85,Fail
696357,2579,Pass
696361,1892,Pass
696364,2166,Pass
696410,311,Withdrawn
696415,1671,Pass
696430,544,Fail
696440,292,Pass
696456,208,Fail
696464,1,Withdrawn
696469,1938,Distinction
696485,542,Pass
696501,702,Withdrawn
696501,702,Withdrawn
696514,778,Distinction
696515,468,Pass
696527,5,Withdrawn
696546,28,Withdrawn
696577,915,Pass
696578,1667,Withdrawn
696583,1674,Fail
696595,69,Withdrawn
696615,395,Fail
696616,991,Pass
696653,822,Fail
696659,2268,Pass
696662,9567,Distinction
696666,1018,Fail
696671,1700,Pass
696672,894,Pass
696674,1812,Pass
696678,2967,Pass
696684,436,Pass
696692,207,Withdrawn
696696,1811,Distinction
696706,1118,Pass
696708,5,Fail
696710,8,Fail
696712,230,Pass
696713,403,Pass
696716,127,Withdrawn
696724,1315,Pass
696729,4999,Pass
696789,929,Pass
696796,370,Withdrawn
696799,18,Fail
696803,798,Withdrawn
696804,362,Pass
696807,698,Withdrawn
696826,513,Fail
696833,2239,Pass
696844,356,Pass
696848,24,Withdrawn
696850,803,Distinction
696869,1193,Pass
696876,371,Pass
696890,324,Withdrawn
696930,351,Withdrawn
696930,351,Withdrawn
696937,135,Fail
696943,147,Withdrawn
697027,2908,Fail
697041,1653,Pass
697042,1512,Withdrawn
697045,546,Distinction
697101,777,Pass
697113,1742,Fail
697114,1025,Pass
697119,45,Withdrawn
697136,176,Withdrawn
697160,160,Fail
697192,367,Withdrawn
697215,578,Withdrawn
697253,2410,Withdrawn
697253,2410,Pass
697255,4552,Pass
697283,1098,Withdrawn
697283,1098,Withdrawn
697298,3,Withdrawn
697299,203,Withdrawn
697314,616,Pass
697325,854,Distinction
697328,431,Pass
697337,14,Withdrawn
697345,500,Fail
697352,154,Fail
697364,56,Withdrawn
697417,1464,Pass
697428,65,Fail
697433,548,Fail
697438,2186,Withdrawn
697460,611,Fail
697460,611,Fail
697461,6964,Distinction
697474,260,Pass
697478,2060,Pass
697482,492,Fail
697490,148,Withdrawn
697492,326,Distinction
697511,29,Withdrawn
697525,199,Fail
697529,5,Withdrawn
697542,81,Fail
697554,3,Withdrawn
697554,3,Withdrawn
697561,798,Fail
697562,796,Pass
697567,3952,Distinction
697574,696,Pass
697578,2091,Distinction
697649,1530,Pass
697653,1270,Withdrawn
697658,4005,Distinction
697665,111,Withdrawn
697674,829,Pass
697705,593,Fail
697730,9,Withdrawn
697754,1689,Distinction
697781,724,Pass
697841,21,Withdrawn
697857,1042,Pass
697878,4376,Pass
697893,127,Withdrawn
697909,97,Withdrawn
697912,160,Fail
697948,641,Withdrawn
697948,641,Fail
697959,1188,Pass
697960,1385,Pass
697964,793,Distinction
697998,3666,Withdrawn
697998,3666,Pass
698002,2310,Distinction
698007,2,Withdrawn
698010,651,Fail
698011,2596,Pass
698015,1414,Pass
698016,404,Fail
698019,1,Fail
698020,637,Withdrawn
698024,536,Fail
698024,536,Fail
698065,77,Withdrawn
698092,420,Fail
698112,341,Withdrawn
698112,341,Withdrawn
698157,133,Fail
698163,280,Distinction
698170,1352,Distinction
698180,1087,Pass
698193,325,Fail
698198,470,Fail
698199,997,Pass
698200,63,Fail
698201,1065,Pass
698203,136,Pass
698204,27,Pass
698205,160,Withdrawn
698206,391,Pass
698207,1423,Distinction
698208,438,Fail
698233,5,Withdrawn
698252,116,Withdrawn
698256,1457,Distinction
698278,1478,Withdrawn
698299,1868,Distinction
698300,2529,Pass
698345,2239,Pass
698347,870,Fail
698351,183,Fail
698352,15,Withdrawn
698355,5647,Distinction
698355,5647,Distinction
698357,322,Withdrawn
698359,4474,Pass
698362,1404,Distinction
698369,3500,Distinction
698384,4552,Pass
698399,68,Fail
698407,112,Fail
698413,1273,Pass
698417,2946,Pass
698420,1277,Distinction
698432,423,Withdrawn
698460,2873,Pass
698463,529,Distinction
698471,1781,Distinction
698485,2787,Pass
698494,304,Pass
698507,1227,Distinction
698509,1586,Distinction
698548,598,Distinction
698586,16,Withdrawn
698598,797,Withdrawn
698598,797,Withdrawn
698656,2700,Pass
698762,439,Withdrawn
699007,3088,Distinction
699038,22,Withdrawn
699126,1063,Pass
699127,1525,Fail
699128,2075,Pass
699134,5305,Distinction
699135,2951,Fail
699136,529,Fail
699138,199,Fail
699140,10,Fail
699141,1,Fail
699142,641,Fail
699153,223,Pass
699170,616,Fail
699370,223,Fail
699417,1172,Pass
699435,978,Pass
699436,892,Distinction
699437,344,Pass
699440,2922,Distinction
699461,389,Pass
699488,3068,Distinction
699493,15,Withdrawn
699498,2215,Pass
699503,270,Pass
699628,283,Fail
699651,1440,Distinction
699656,1378,Distinction
700079,1853,Distinction
700086,1087,Pass
700441,2437,Pass
700458,277,Fail
700815,677,Fail
700820,1220,Distinction
704156,3064,Pass
705379,5680,Distinction
721259,4108,Withdrawn
721259,4108,Withdrawn
749412,4007,Pass
760729,7288,Distinction
836614,1355,Fail
852847,181,Fail
856294,1111,Withdrawn
857856,142,Withdrawn
879295,253,Withdrawn
879295,253,Distinction
884652,1051,Withdrawn
895524,9202,Distinction
898594,19126,Pass
900936,48,Withdrawn
905042,3004,Pass
907261,743,Pass
909056,1726,Pass
917586,1588,Distinction
921739,771,Withdrawn
925553,1075,Distinction
925553,1075,Withdrawn
925553,1075,Withdrawn
928248,2730,Pass
941282,4386,Distinction
943374,9202,Fail
943374,9202,Pass
949548,2725,Pass
949618,1357,Pass
957467,3450,Pass
958987,1216,Pass
962951,108,Withdrawn
963176,398,Withdrawn
965763,1477,Pass
968578,870,Pass
969076,1980,Withdrawn
971027,3098,Pass
973364,1310,Withdrawn
973526,680,Withdrawn
978739,5988,Pass
983970,1465,Pass
984347,6699,Distinction
984619,3168,Pass
985062,3615,Pass
986561,1462,Pass
987203,122,Withdrawn
988019,3671,Withdrawn
988019,3671,Fail
990155,3380,Distinction
991843,5137,Distinction
992544,410,Pass
996047,2708,Pass
997948,61,Withdrawn
997948,61,Withdrawn
998493,10464,Pass
999174,6307,Pass
1006742,2421,Fail
1008675,1913,Pass
1017773,145,Fail
1018685,754,Fail
1021350,701,Fail
1023623,1851,Pass
1026777,552,Withdrawn
1031884,2801,Distinction
1031884,2801,Distinction
1033968,143,Withdrawn
1033968,143,Withdrawn
1034674,6543,Pass
1035023,1896,Pass
1038161,561,Pass
1040037,282,Withdrawn
1042726,2151,Fail
1044992,1169,Pass
1045091,306,Fail
1045203,3533,Pass
1047645,16,Withdrawn
1049036,1185,Pass
1053702,1486,Distinction
1054876,1036,Fail
1057883,586,Pass
1064492,5053,Distinction
1065824,9614,Distinction
1068316,3318,Fail
1068316,3318,Pass
1072259,2107,Pass
1073766,4542,Pass
1073766,4542,Pass
1073767,6145,Pass
1076015,601,Pass
1078701,4761,Pass
1078701,4761,Pass
1080206,1793,Pass
1082062,2461,Distinction
1087710,774,Withdrawn
1090738,1325,Fail
1091274,972,Fail
1095916,4487,Pass
1095916,4487,Pass
1097354,3269,Pass
1098728,391,Fail
1100143,12323,Distinction
1100639,690,Withdrawn
1101190,784,Pass
1103608,2735,Pass
1105438,416,Pass
1105478,1695,Pass
1105628,1447,Fail
1106724,289,Withdrawn
1107079,151,Withdrawn
1108120,55,Withdrawn
1112555,2404,Pass
1115623,1445,Pass
1118218,293,Withdrawn
1118284,3778,Pass
1118432,2728,Distinction
1127413,220,Distinction
1170618,550,Distinction
1173473,2547,Pass
1175060,37,Withdrawn
1183831,2818,Withdrawn
1187586,2761,Distinction
1187586,2761,Pass
1197062,169,Withdrawn
1209065,110,Withdrawn
1253440,517,Fail
1268696,326,Pass
1268772,2164,Fail
1268772,2164,Pass
1270832,2190,Distinction
1282596,4322,Fail
1301103,678,Pass
1307784,324,Withdrawn
1307784,324,Withdrawn
1311171,2822,Distinction
1311171,2822,Pass
1318759,5080,Pass
1319732,308,Pass
1319999,2524,Pass
1332356,1646,Pass
1332356,1646,Distinction
1332514,1516,Withdrawn
1332999,489,Distinction
1334225,4458,Distinction
1336190,1021,Pass
1337055,2685,Pass
1338955,7,Withdrawn
1340760,4000,Withdrawn
1340760,4000,Pass
1340766,652,Distinction
1341096,1553,Pass
1341507,381,Distinction
1345808,3002,Withdrawn
1345808,3002,Pass
1346966,19,Withdrawn
1347198,2804,Pass
1347253,1795,Pass
1347447,1123,Pass
1348205,8845,Distinction
1351739,1764,Pass
1352733,10312,Distinction
1352868,1732,Withdrawn
1352868,1732,Pass
1354095,4393,Pass
1355699,1320,Pass
1359554,2565,Pass
1360878,233,Pass
1360953,1896,Distinction
1375851,1554,Pass
1380308,416,Pass
1382719,1157,Fail
1384882,319,Fail
1390051,1583,Fail
1391717,2101,Pass
1392016,487,Fail
1393589,227,Pass
1397617,5250,Distinction
1397662,7858,Fail
1398489,2321,Pass
1398979,5071,Withdrawn
1399285,481,Pass
1399314,261,Fail
1400592,71,Withdrawn
1401935,240,Fail
1402638,910,Pass
1405453,971,Distinction
1405594,7605,Pass
1406920,1565,Pass
1407549,8,Withdrawn
1407549,8,Withdrawn
1409532,1988,Fail
1410398,720,Pass
1411562,716,Withdrawn
1411627,3342,Pass
1413027,1831,Pass
1413902,4199,Fail
1413989,236,Withdrawn
1413989,236,Withdrawn
1414443,1907,Fail
1416784,1440,Distinction
1417707,5922,Pass
1419671,113,Fail
1420537,3080,Pass
1420575,574,Pass
1421720,774,Pass
1422737,326,Pass
1424608,228,Withdrawn
1425806,4746,Withdrawn
1425806,4746,Pass
1428865,488,Withdrawn
1429504,2389,Pass
1430804,1253,Withdrawn
1431750,4,Fail
1432518,359,Fail
1436558,3058,Distinction
1436591,1519,Distinction
1438584,191,Withdrawn
1439723,749,Withdrawn
1440072,4366,Pass
1440341,1663,Pass
1440467,8836,Distinction
1440467,8836,Pass
1442215,977,Withdrawn
1442706,2238,Fail
1442981,1211,Pass
1442991,1643,Pass
1442991,1643,Pass
1444134,2890,Pass
1444520,3501,Pass
1446954,1162,Fail
1448966,2106,Pass
1449171,373,Withdrawn
1449245,399,Fail
1449692,5078,Pass
1450604,4611,Withdrawn
1450604,4611,Pass
1453140,227,Withdrawn
1453691,350,Withdrawn
1455474,238,Fail
1456619,1173,Withdrawn
1456619,1173,Withdrawn
1457691,1418,Pass
1459010,1911,Withdrawn
1459010,1911,Withdrawn
1461795,324,Fail
1462676,30,Withdrawn
1464932,15,Withdrawn
1464952,5982,Withdrawn
1464952,5982,Pass
1465407,2766,Pass
1465690,3460,Pass
1467014,1292,Pass
1468838,273,Withdrawn
1468838,273,Withdrawn
1470291,1327,Pass
1470291,1327,Pass
1470552,249,Fail
1471214,1161,Pass
1472925,1462,Fail
1472925,1462,Pass
1473878,2844,Pass
1474869,11087,Pass
1474903,1469,Pass
1477284,2096,Withdrawn
1478030,111,Fail
1478775,964,Pass
1480800,535,Pass
1482413,1784,Fail
1482413,1784,Withdrawn
1483632,389,Pass
1483814,2230,Distinction
1484626,20,Withdrawn
1484804,1454,Pass
1485105,140,Fail
1485702,1280,Pass
1486048,588,Withdrawn
1487084,3116,Pass
1488959,3493,Pass
1490624,2453,Distinction
1490624,2453,Distinction
1491894,145,Withdrawn
1492408,129,Withdrawn
1492571,5248,Pass
1493476,344,Pass
1493739,1438,Pass
1494577,2089,Pass
1497480,179,Fail
1497822,1667,Pass
1498823,436,Fail
1498979,708,Pass
1500410,3037,Pass
1500950,2775,Distinction
1501577,6182,Distinction
1501577,6182,Distinction
1501614,4371,Pass
1502193,2014,Pass
1503056,215,Pass
1504653,4526,Pass
1507503,2364,Pass
1508708,10,Fail
1509881,885,Fail
1510198,4326,Pass
1510285,4607,Pass
1511033,679,Pass
1512332,750,Withdrawn
1513001,1699,Pass
1514245,2308,Withdrawn
1514245,2308,Withdrawn
1514245,2308,Withdrawn
1515509,10576,Pass
1516666,6,Fail
1518989,4202,Pass
1521540,4716,Distinction
1521687,52,Fail
1522631,3374,Fail
1525567,2882,Distinction
1526059,4040,Pass
1526210,1193,Fail
1526770,1109,Distinction
1527616,31,Fail
1528232,262,Withdrawn
1529371,766,Fail
1529458,469,Withdrawn
1530521,1787,Pass
1531287,4822,Pass
1531649,755,Withdrawn
1532711,808,Withdrawn
1532840,6537,Withdrawn
1532840,6537,Pass
1532921,55,Withdrawn
1533277,958,Pass
1534494,4545,Pass
1534560,2367,Pass
1534854,287,Fail
1536122,997,Distinction
1536138,1652,Pass
1536591,1153,Withdrawn
1536591,1153,Withdrawn
1536591,1153,Fail
1536774,1767,Pass
1537673,41,Fail
1537796,618,Withdrawn
1540042,444,Distinction
1541133,2208,Fail
1541472,2802,Pass
1541906,806,Withdrawn
1541906,806,Fail
1547646,1915,Distinction
1548052,3866,Fail
1549107,1769,Pass
1551895,185,Withdrawn
1552044,2968,Pass
1552044,2968,Distinction
1554143,2029,Withdrawn
1554143,2029,Withdrawn
1554143,2029,Fail
1558539,3239,Withdrawn
1559428,61,Fail
1559964,5516,Withdrawn
1559964,5516,Distinction
1560205,600,Withdrawn
1560989,1226,Withdrawn
1560989,1226,Fail
1561431,1413,Fail
1561750,5381,Fail
1561750,5381,Pass
1562320,527,Withdrawn
1563203,3,Fail
1563696,581,Pass
1564630,1854,Pass
1564630,1854,Pass
1564706,1741,Pass
1567505,2215,Pass
1568828,1290,Distinction
1569426,1472,Pass
1573624,1593,Pass
1574398,10002,Distinction
1576513,15716,Distinction
1577134,5563,Fail
1578222,2862,Pass
1580084,547,Fail
1581243,686,Pass
1583847,348,Withdrawn
1584449,300,Fail
1585671,4568,Pass
1585768,195,Fail
1587817,583,Withdrawn
1588208,1752,Withdrawn
1588208,1752,Withdrawn
1588621,1786,Withdrawn
1588621,1786,Withdrawn
1589066,1355,Pass
1591013,462,Withdrawn
1591864,2699,Withdrawn
1591864,2699,Pass
1592048,5990,Distinction
1592048,5990,Withdrawn
1592048,5990,Distinction
1593442,2591,Pass
1593730,1790,Distinction
1594621,369,Pass
1601739,220,Withdrawn
1603549,2475,Pass
1609002,1025,Pass
1610188,137,Fail
1611842,1206,Pass
1611973,393,Fail
1612600,5111,Withdrawn
1612600,5111,Pass
1614181,2650,Pass
1615392,4692,Pass
1618172,1560,Pass
1618738,723,Pass
1619251,87,Withdrawn
1620151,998,Fail
1620593,1248,Fail
1621041,1916,Withdrawn
1622020,2718,Withdrawn
1622944,671,Fail
1623795,1590,Distinction
1624025,2844,Withdrawn
1624025,2844,Pass
1624443,2395,Pass
1624707,1323,Distinction
1625718,1489,Distinction
1626021,361,Pass
1626418,485,Pass
1626710,6025,Distinction
1627017,908,Pass
1627052,4806,Pass
1627071,22,Fail
1629771,522,Distinction
1631797,2178,Pass
1632487,1821,Pass
1633695,2712,Fail
1634278,3238,Withdrawn
1634278,3238,Pass
1636725,2105,Pass
1638119,3146,Fail
1638425,459,Fail
1638548,2211,Withdrawn
1638548,2211,Withdrawn
1638548,2211,Pass
1639699,3035,Pass
1640609,5061,Pass
1640680,2751,Pass
1640773,1478,Distinction
1641117,3500,Pass
1641344,7398,Pass
1644266,244,Withdrawn
1644328,749,Withdrawn
1644328,749,Withdrawn
1644568,2,Fail
1644647,2111,Distinction
1646172,1083,Pass
1651020,584,Withdrawn
1651198,1192,Pass
1656486,548,Withdrawn
1656486,548,Withdrawn
1656527,475,Withdrawn
1656979,739,Distinction
1658963,2667,Pass
1658963,2667,Pass
1659662,1538,Pass
1661490,1326,Withdrawn
1661805,6778,Distinction
1663815,387,Fail
1664171,291,Withdrawn
1664171,291,Fail
1664280,1276,Pass
1664920,1270,Pass
1667087,2336,Distinction
1667346,1277,Pass
1668372,591,Withdrawn
1668504,7019,Withdrawn
1668504,7019,Distinction
1671022,3848,Distinction
1671208,926,Withdrawn
1671761,856,Fail
1671811,2894,Pass
1671811,2894,Pass
1672690,16,Fail
1673876,1218,Withdrawn
1674799,4819,Pass
1674799,4819,Distinction
1674804,396,Pass
1676594,177,Withdrawn
1677677,4932,Pass
1678014,183,Withdrawn
1678401,1040,Pass
1678445,2213,Distinction
1678617,1755,Withdrawn
1678800,2933,Pass
1678800,2933,Pass
1679610,5235,Distinction
1679727,1086,Pass
1679862,434,Fail
1681946,671,Withdrawn
1683192,325,Withdrawn
1683192,325,Withdrawn
1683803,6437,Pass
1684787,1005,Withdrawn
1684787,1005,Pass
1686521,643,Withdrawn
1686551,647,Withdrawn
1687996,6025,Withdrawn
1687996,6025,Withdrawn
1689069,1975,Pass
1689081,308,Pass
1689639,1882,Withdrawn
1689730,1688,Pass
1690836,4553,Distinction
1691815,1014,Fail
1692156,4895,Pass
1694120,4478,Pass
1694780,662,Fail
1695710,968,Pass
1696174,2018,Pass
1699264,549,Fail
1699445,7215,Pass
1700371,2717,Pass
1713615,1559,Distinction
1715237,742,Distinction
1715896,5314,Pass
1716492,1765,Fail
1719114,796,Pass
1719166,158,Withdrawn
1719566,956,Pass
1720448,1049,Distinction
1720712,4165,Pass
1721270,730,Pass
1721462,588,Pass
1721891,515,Fail
1722493,7618,Fail
1723019,741,Fail
1723564,1053,Pass
1723749,598,Pass
1725109,8226,Distinction
1726951,710,Distinction
1728437,515,Pass
1729319,2756,Pass
1729833,243,Pass
1730611,288,Withdrawn
1730702,672,Withdrawn
1730702,672,Fail
1731564,468,Pass
1732219,226,Pass
1732956,3717,Pass
1733023,1356,Distinction
1733160,674,Withdrawn
1733664,6494,Fail
1734156,685,Pass
1735651,1919,Pass
1735653,242,Pass
1738364,3190,Pass
1738582,4538,Distinction
1739026,1782,Fail
1741838,396,Withdrawn
1742834,4350,Pass
1744800,193,Withdrawn
1744817,4415,Distinction
1745145,118,Withdrawn
1746134,1759,Pass
1747824,258,Distinction
1747892,2233,Distinction
1750405,80,Fail
1752098,594,Pass
1752813,935,Distinction
1752834,1256,Pass
1752994,3663,Pass
1753235,494,Withdrawn
1753458,4057,Distinction
1753965,3377,Pass
1755594,4003,Distinction
1756165,3896,Pass
1756915,400,Pass
1757548,4299,Pass
1757561,995,Fail
1757662,3587,Pass
1757766,3301,Pass
1758449,2756,Withdrawn
1759799,6341,Pass
1759851,421,Withdrawn
1759851,421,Pass
1761013,2436,Pass
1762336,1171,Fail
1763015,420,Withdrawn
1763186,1722,Pass
1763186,1722,Withdrawn
1763378,647,Fail
1763653,4342,Pass
1763786,3826,Distinction
1765045,351,Withdrawn
1765788,7057,Pass
1766102,355,Fail
1766303,1258,Withdrawn
1766513,1012,Withdrawn
1766513,1012,Pass
1767786,397,Withdrawn
1768223,1579,Pass
1769985,656,Withdrawn
1770733,740,Pass
1771053,500,Withdrawn
1771053,500,Withdrawn
1771775,2462,Pass
1772429,2824,Pass
1773377,711,Pass
1773925,3203,Distinction
1773925,3203,Withdrawn
1774071,1053,Withdrawn
1774297,784,Pass
1776925,153,Fail
1777223,931,Withdrawn
1777223,931,Fail
1777511,1623,Pass
1777563,340,Pass
1778145,1029,Pass
1780737,1042,Withdrawn
1780737,1042,Fail
1780949,1203,Pass
1781804,23,Fail
1781834,13940,Pass
1781834,13940,Pass
1782236,597,Pass
1782581,574,Withdrawn
1782581,574,Fail
1782665,66,Fail
1784775,3146,Pass
1784816,618,Pass
1786380,200,Pass
1788974,272,Fail
1789199,1254,Pass
1789319,2502,Pass
1796059,8,Withdrawn
1796402,3350,Pass
1797068,3685,Pass
1797168,316,Pass
1797614,653,Distinction
1799111,1174,Pass
1799963,155,Withdrawn
1801229,1443,Pass
1801641,459,Pass
1804143,1298,Withdrawn
1804143,1298,Pass
1808407,34,Withdrawn
1808622,4803,Pass
1809578,4372,Pass
1810414,1059,Fail
1810414,1059,Pass
1810759,3055,Pass
1812797,12,Withdrawn
1813486,862,Fail
1813493,959,Fail
1813664,17,Withdrawn
1813731,465,Pass
1816458,10194,Pass
1817515,1986,Fail
1817710,3334,Distinction
1818385,3516,Pass
1818673,336,Fail
1818677,882,Withdrawn
1819994,2626,Withdrawn
1819994,2626,Distinction
1821249,1876,Withdrawn
1821249,1876,Fail
1822731,1372,Fail
1826729,179,Pass
1826819,1482,Distinction
1827650,504,Distinction
1828078,106,Fail
1828112,473,Withdrawn
1828112,473,Fail
1828753,504,Distinction
1829654,1406,Fail
1830562,31,Fail
1830666,18,Fail
1832218,618,Pass
1832492,1015,Pass
1833107,164,Fail
1835389,2236,Pass
1835411,4658,Distinction
1836241,5138,Pass
1836988,963,Withdrawn
1837015,85,Fail
1837138,13858,Distinction
1839012,8335,Pass
1839181,1128,Pass
1839386,207,Withdrawn
1839785,9,Withdrawn
1840034,376,Pass
1841267,415,Withdrawn
1841267,415,Withdrawn
1841303,384,Withdrawn
1841850,601,Withdrawn
1841850,601,Withdrawn
1843026,1978,Fail
1843123,796,Pass
1843355,2006,Withdrawn
1843355,2006,Fail
1844150,3422,Pass
1845093,345,Withdrawn
1845093,345,Withdrawn
1846751,1104,Pass
1847146,973,Pass
1847481,1527,Pass
1847830,6518,Pass
1848820,680,Withdrawn
1848820,680,Fail
1850818,814,Withdrawn
1850818,814,Pass
1851108,2820,Distinction
1852968,4798,Distinction
1855583,1212,Pass
1855583,1212,Pass
1856869,1619,Fail
1858523,314,Withdrawn
1859038,3450,Pass
1859407,6,Withdrawn
1860171,723,Distinction
1860318,5975,Pass
1861445,312,Fail
1861793,10832,Distinction
1861830,2601,Pass
1863244,20,Fail
1864086,1700,Withdrawn
1864086,1700,Pass
1864697,3270,Distinction
1866233,997,Withdrawn
1866233,997,Fail
1866742,504,Withdrawn
1866742,504,Distinction
1867563,307,Withdrawn
1868389,341,Fail
1870830,3286,Pass
1871306,20,Withdrawn
1871598,15002,Distinction
1871684,1936,Pass
1873360,67,Withdrawn
1873505,1158,Pass
1874160,8425,Pass
1874160,8425,Pass
1874363,1040,Pass
1874403,915,Withdrawn
1874935,285,Distinction
1875728,3554,Pass
1876461,112,Withdrawn
1876636,10023,Distinction
1876636,10023,Pass
1877015,785,Withdrawn
1877634,1276,Distinction
1877732,47,Withdrawn
1877732,47,Withdrawn
1877902,4445,Pass
1878648,2383,Pass
1878918,6077,Pass
1879272,160,Withdrawn
1879321,7050,Distinction
1879751,2868,Distinction
1881062,2215,Pass
1881231,2982,Pass
1882021,968,Pass
1882255,4379,Pass
1884024,206,Fail
1886295,452,Distinction
1887108,5266,Pass
1887928,903,Pass
1888343,6592,Pass
1889511,1754,Pass
1889565,971,Distinction
1889577,931,Pass
1889752,5001,Pass
1891028,109,Fail
1891323,1021,Pass
1892879,4,Fail
1894188,4294,Pass
1894419,1454,Withdrawn
1894419,1454,Fail
1894634,722,Pass
1895288,1988,Distinction
1896088,2044,Withdrawn
1896088,2044,Fail
1896088,2044,Withdrawn
1896915,559,Fail
1897054,5781,Pass
1897611,804,Distinction
1901165,67,Withdrawn
1901764,2024,Withdrawn
1901764,2024,Pass
1902240,6826,Pass
1902240,6826,Distinction
1903095,1638,Pass
1903131,335,Withdrawn
1903131,335,Fail
1903477,988,Pass
1903527,1758,Distinction
1903677,412,Pass
1904710,406,Withdrawn
1904916,1806,Pass
1905259,3727,Distinction
1906003,847,Pass
1906919,7155,Pass
1906919,7155,Fail
1907755,11881,Distinction
1910049,4023,Pass
1910175,1004,Pass
1910737,1551,Pass
1911513,1686,Pass
1912438,1477,Pass
1913166,4357,Distinction
1913435,2258,Pass
1913872,3471,Withdrawn
1913872,3471,Fail
1915408,1294,Pass
1915795,628,Pass
1915824,4709,Pass
1916140,3885,Withdrawn
1916140,3885,Pass
1917311,826,Pass
1917335,10424,Pass
1917796,1426,Pass
1917808,11,Withdrawn
1919240,4662,Distinction
1919940,3972,Distinction
1922200,1202,Fail
1923618,4977,Distinction
1924641,2344,Fail
1924641,2344,Pass
1925789,380,Distinction
1926542,320,Pass
1926668,2094,Pass
1928536,25,Withdrawn
1928947,3619,Fail
1930019,1091,Distinction
1930146,2822,Pass
1930254,49,Fail
1930367,532,Distinction
1930644,1056,Withdrawn
1930644,1056,Pass
1930949,1204,Withdrawn
1930949,1204,Fail
1931370,1,Withdrawn
1931810,727,Fail
1932474,396,Distinction
1932526,63,Withdrawn
1933534,1432,Fail
1934810,3762,Fail
1935155,2625,Pass
1935487,159,Withdrawn
1935735,3797,Fail
1935774,241,Withdrawn
1935774,241,Withdrawn
1935774,241,Fail
1936285,3652,Distinction
1936679,5151,Pass
1936935,160,Withdrawn
1936935,160,Withdrawn
1937511,606,Withdrawn
1937511,606,Withdrawn
1937822,3173,Distinction
1937864,98,Pass
1938355,1992,Pass
1939179,4139,Fail
1939193,1108,Fail
1939695,1160,Distinction
1941248,1375,Distinction
1942396,470,Pass
1942491,2991,Pass
1942870,7142,Pass
1942999,424,Withdrawn
1943214,658,Withdrawn
1943681,104,Withdrawn
1944130,2103,Pass
1944167,1080,Fail
1945240,4405,Withdrawn
1945240,4405,Withdrawn
1945240,4405,Pass
1945434,863,Pass
1945945,8817,Pass
1946308,852,Pass
1947156,2074,Pass
1947911,1351,Withdrawn
1948159,7919,Withdrawn
1948159,7919,Distinction
1949484,204,Fail
1950911,986,Pass
1950923,2782,Pass
1951080,1679,Withdrawn
1951127,3664,Distinction
1951139,2039,Pass
1951727,1146,Pass
1951925,473,Fail
1954147,2994,Pass
1954230,1670,Pass
1955634,1061,Pass
1957682,584,Distinction
1957728,173,Fail
1958121,1414,Distinction
1960479,1777,Pass
1961652,397,Withdrawn
1961652,397,Fail
1961938,2917,Distinction
1962049,8460,Pass
1962062,1499,Fail
1962128,377,Withdrawn
1962128,377,Withdrawn
1962854,1531,Withdrawn
1962854,1531,Pass
1963287,63,Fail
1963677,726,Pass
1966591,5898,Distinction
1966597,803,Withdrawn
1967783,2171,Pass
1967937,150,Fail
1968757,1192,Pass
1969407,560,Fail
1969985,689,Pass
1970390,14759,Withdrawn
1970390,14759,Pass
1971393,1129,Pass
1972092,9931,Pass
1972832,528,Distinction
1974271,1126,Pass
1975209,2754,Pass
1976004,1,Withdrawn
1976139,1216,Pass
1976350,1744,Pass
1976350,1744,Pass
1977701,545,Pass
1978492,44,Withdrawn
1980822,1690,Pass
1981053,909,Withdrawn
1981053,909,Withdrawn
1982166,7657,Pass
1982166,7657,Distinction
1982833,599,Fail
1982845,579,Pass
1983331,1,Withdrawn
1983921,2621,Pass
1984169,154,Withdrawn
1986081,571,Withdrawn
1986180,477,Pass
1986312,6,Withdrawn
1986370,1457,Withdrawn
1989014,2787,Pass
1990127,2542,Pass
1990650,55,Fail
1991049,10,Withdrawn
1991399,2711,Distinction
1991399,2711,Pass
1991903,1043,Pass
1992145,5882,Pass
1993672,1503,Withdrawn
1993672,1503,Withdrawn
1993672,1503,Fail
1993905,2274,Pass
1993955,843,Pass
1994385,484,Withdrawn
1994454,133,Withdrawn
1994610,2431,Withdrawn
1994632,662,Pass
1995177,5179,Distinction
1995239,2487,Fail
1995532,902,Distinction
1997164,7934,Pass
1997164,7934,Pass
1997796,518,Distinction
1998790,199,Fail
1998834,1330,Pass
1999952,3015,Pass
2000491,3418,Pass
2001102,1485,Withdrawn
2001461,947,Pass
2001665,2891,Pass
2001687,514,Pass
2002046,531,Pass
2002415,4218,Pass
2002664,2846,Pass
2002727,178,Withdrawn
2002727,178,Fail
2003628,21,Withdrawn
2004143,382,Pass
2004220,505,Pass
2006283,214,Pass
2006364,25,Fail
2006894,1052,Distinction
2008262,181,Withdrawn
2008795,394,Fail
2009239,1412,Pass
2009279,520,Withdrawn
2009279,520,Withdrawn
2010232,4127,Pass
2010245,7706,Fail
2011876,1401,Pass
2012900,635,Withdrawn
2012966,519,Pass
2013403,3731,Pass
2014252,373,Withdrawn
2014252,373,Withdrawn
2016517,746,Pass
2017487,6361,Distinction
2019837,431,Withdrawn
2019921,86,Fail
2020628,17246,Pass
2020916,1239,Pass
2020916,1239,Pass
2022801,844,Withdrawn
2022801,844,Distinction
2023366,1529,Pass
2023561,136,Withdrawn
2024200,1112,Fail
2024838,278,Withdrawn
2025233,941,Pass
2025354,3881,Distinction
2025589,125,Pass
2026075,3396,Withdrawn
2026585,10725,Pass
2026585,10725,Distinction
2028388,1692,Pass
2028474,507,Fail
2028523,646,Withdrawn
2029037,1875,Pass
2029571,2438,Withdrawn
2030117,1272,Withdrawn
2030117,1272,Fail
2030241,359,Withdrawn
2030241,359,Withdrawn
2031234,23,Withdrawn
2031252,2568,Pass
2032057,1133,Withdrawn
2032057,1133,Pass
2032058,833,Withdrawn
2032882,1383,Withdrawn
2032882,1383,Pass
2033951,1459,Distinction
2034300,256,Pass
2034350,3405,Withdrawn
2034533,89,Fail
2034802,1942,Distinction
2035022,112,Pass
2035574,1253,Pass
2035700,8873,Pass
2035700,8873,Distinction
2036685,201,Fail
2036893,1290,Withdrawn
2037479,1140,Withdrawn
2038885,181,Withdrawn
2039190,4593,Withdrawn
2039190,4593,Distinction
2039810,1410,Withdrawn
2039810,1410,Distinction
2041743,49,Withdrawn
2043916,139,Withdrawn
2043916,139,Withdrawn
2043939,1951,Distinction
2044036,62,Fail
2044299,982,Withdrawn
2044299,982,Withdrawn
2045084,326,Fail
2045139,225,Withdrawn
2045440,3484,Pass
2045569,165,Withdrawn
2045818,3257,Pass
2046324,2053,Fail
2046628,2266,Withdrawn
2046628,2266,Withdrawn
2046628,2266,Withdrawn
2046628,2266,Withdrawn
2047421,1420,Pass
2047575,4621,Distinction
2049668,1270,Pass
2049740,442,Fail
2050179,1773,Distinction
2050998,604,Withdrawn
2051035,3557,Pass
2051699,1734,Pass
2052942,200,Pass
2053381,1327,Fail
2053521,1056,Pass
2054019,2302,Pass
2055321,645,Fail
2055671,2007,Withdrawn
2056416,4187,Distinction
2056486,4399,Pass
2056643,7926,Distinction
2056643,7926,Pass
2056947,205,Fail
2057105,5832,Pass
2057803,3418,Pass
2057959,2466,Distinction
2058815,3941,Withdrawn
2060467,2695,Fail
2061889,23,Pass
2062879,2386,Fail
2062995,650,Pass
2063436,18,Withdrawn
2063578,17957,Distinction
2063578,17957,Distinction
2064873,9549,Distinction
2064873,9549,Pass
2065691,1430,Withdrawn
2065756,4169,Pass
2065972,2693,Pass
2066504,62,Withdrawn
2067146,68,Fail
2067377,2721,Pass
2067555,214,Distinction
2067799,911,Fail
2067969,1299,Pass
2068627,358,Withdrawn
2068918,903,Withdrawn
2070517,5590,Distinction
2071595,1043,Fail
2072166,207,Withdrawn
2072671,205,Fail
2073016,1022,Withdrawn
2073016,1022,Fail
2074627,2341,Pass
2075945,2964,Pass
2076177,68,Withdrawn
2077023,710,Pass
2078353,593,Fail
2078479,4689,Distinction
2078768,3322,Pass
2080340,751,Fail
2080474,1146,Pass
2080539,896,Pass
2080885,192,Pass
2080916,978,Withdrawn
2080916,978,Withdrawn
2080916,978,Withdrawn
2081123,2180,Pass
2081937,851,Distinction
2081955,858,Pass
2082180,518,Withdrawn
2082180,518,Withdrawn
2082180,518,Fail
2082318,441,Withdrawn
2082318,441,Pass
2082945,541,Pass
2083576,743,Pass
2083701,1251,Pass
2083877,685,Pass
2084066,1967,Fail
2084711,825,Pass
2085209,7427,Pass
2086400,3501,Pass
2087100,4237,Distinction
2087182,877,Fail
2087698,2908,Distinction
2087747,1024,Pass
2088765,19196,Pass
2088765,19196,Pass
2088982,289,Withdrawn
2088982,289,Withdrawn
2089582,2648,Pass
2090053,4499,Pass
2091096,1538,Pass
2091193,2305,Pass
2091230,2918,Distinction
2091387,1224,Distinction
2092834,5456,Pass
2093150,6355,Pass
2094350,312,Fail
2094546,468,Withdrawn
2094546,468,Withdrawn
2094849,711,Withdrawn
2094849,711,Withdrawn
2095379,259,Pass
2095576,3949,Pass
2096251,3832,Pass
2096918,1479,Withdrawn
2096918,1479,Fail
2097046,3884,Fail
2097916,5460,Distinction
2098108,583,Fail
2098405,2830,Pass
2101566,466,Withdrawn
2103305,214,Withdrawn
2103552,2923,Withdrawn
2104123,1566,Pass
2104426,274,Pass
2104505,701,Pass
2104819,1235,Withdrawn
2105230,1664,Fail
2106955,6370,Distinction
2107747,1592,Withdrawn
2108614,1836,Distinction
2108821,3326,Pass
2109013,288,Withdrawn
2109119,4477,Pass
2109119,4477,Distinction
2110039,300,Withdrawn
2110039,300,Withdrawn
2111015,431,Pass
2111313,525,Pass
2111666,422,Withdrawn
2112088,1979,Pass
2112291,4960,Fail
2112670,364,Withdrawn
2113778,253,Withdrawn
2114529,1880,Withdrawn
2115250,2326,Distinction
2115680,9,Withdrawn
2115711,1450,Pass
2122180,4712,Distinction
2126013,872,Withdrawn
2127889,5590,Pass
2128283,6922,Withdrawn
2128283,6922,Withdrawn
2128283,6922,Pass
2128304,979,Pass
2131008,1744,Pass
2131908,1003,Distinction
2132811,1034,Pass
2132966,551,Pass
2133207,156,Pass
2133234,351,Withdrawn
2133242,4267,Withdrawn
2134237,2018,Fail
2134237,2018,Pass
2134304,4137,Fail
2134304,4137,Pass
2134578,218,Withdrawn
2134578,218,Pass
2135315,396,Pass
2137171,4037,Pass
2137171,4037,Pass
2137413,1859,Fail
2137785,531,Pass
2138146,1538,Withdrawn
2138146,1538,Pass
2138904,115,Withdrawn
2138970,2114,Pass
2139037,4882,Distinction
2139037,4882,Distinction
2139273,956,Withdrawn
2139273,956,Withdrawn
2139273,956,Pass
2139353,2388,Withdrawn
2139353,2388,Pass
2140087,2389,Pass
2140300,4968,Pass
2140311,1179,Pass
2140444,1431,Fail
2141085,3204,Pass
2142055,396,Pass
2142243,1888,Pass
2142516,2125,Pass
2142579,912,Fail
2142662,174,Withdrawn
2142853,2041,Fail
2143065,3661,Pass
2143312,6691,Distinction
2143440,3489,Pass
2143739,3907,Pass
2143752,1888,Pass
2143922,459,Distinction
2145940,2422,Pass
2146277,6446,Pass
2146277,6446,Distinction
2146792,2385,Pass
2146936,4695,Fail
2147620,3177,Pass
2147687,322,Fail
2147713,1622,Pass
2147889,63,Withdrawn
2147929,293,Pass
2148297,2,Withdrawn
2148540,3508,Pass
2148681,2346,Pass
2148859,508,Pass
2149225,319,Withdrawn
2149324,526,Withdrawn
2149487,1737,Pass
2149701,212,Withdrawn
2149735,1289,Pass
2150849,487,Withdrawn
2151019,782,Fail
2151748,386,Withdrawn
2152928,5,Fail
2153026,277,Withdrawn
2153153,3385,Pass
2153200,1279,Fail
2154220,469,Withdrawn
2154361,2777,Fail
2154361,2777,Pass
2155014,1454,Pass
2156058,735,Distinction
2156172,327,Withdrawn
2156514,1446,Pass
2156733,253,Withdrawn
2157412,1067,Pass
2158048,851,Withdrawn
2158196,544,Withdrawn
2158399,4085,Pass
2159868,1154,Pass
2160316,6587,Distinction
2160453,1343,Pass
2161710,900,Withdrawn
2161710,900,Fail
2162388,191,Fail
2162410,3163,Distinction
2164251,10094,Distinction
2164266,654,Fail
2164705,231,Fail
2164944,286,Fail
2165164,1621,Pass
2166000,1782,Withdrawn
2168833,20,Withdrawn
2170320,1225,Fail
2171264,312,Fail
2171627,1346,Pass
2171834,3184,Pass
2171834,3184,Pass
2172136,2025,Distinction
2172136,2025,Distinction
2172163,796,Pass
2172709,181,Pass
2173572,530,Pass
2173643,2015,Pass
2173688,181,Fail
2173721,582,Fail
2174129,1216,Distinction
2174835,211,Pass
2175266,433,Withdrawn
2176759,3685,Pass
2177423,334,Withdrawn
2177720,836,Fail
2177871,1059,Pass
2178466,1162,Fail
2178686,8552,Distinction
2178837,5648,Pass
2178929,2660,Distinction
2179304,5037,Withdrawn
2180090,9631,Distinction
2180710,1991,Fail
2180994,935,Distinction
2181205,935,Pass
2181700,720,Pass
2182255,1587,Fail
2182293,6,Fail
2182333,5488,Withdrawn
2182333,5488,Distinction
2182846,4214,Pass
2184026,13,Withdrawn
2185729,4587,Pass
2186992,6973,Distinction
2187146,1866,Distinction
2187308,1185,Pass
2187422,2279,Pass
2187588,1774,Withdrawn
2187588,1774,Pass
2188084,363,Fail
2188469,183,Fail
2188680,650,Withdrawn
2188680,650,Withdrawn
2189002,2537,Pass
2189620,298,Pass
2191588,2134,Fail
2191819,16,Withdrawn
2192061,2478,Distinction
2192113,312,Withdrawn
2192113,312,Withdrawn
2193185,1660,Pass
2193231,241,Fail
2194100,1401,Pass
2195318,4692,Pass
2195445,3329,Pass
2195479,374,Withdrawn
2195853,976,Fail
2195853,976,Fail
2195971,804,Fail
2196054,1332,Pass
2196923,447,Pass
2197016,1455,Pass
2197175,6726,Pass
2197511,1977,Pass
2197766,3938,Distinction
2198914,1209,Pass
2198952,1256,Pass
2198970,2335,Withdrawn
2198970,2335,Withdrawn
2199455,1445,Pass
2201235,931,Pass
2202076,2301,Withdrawn
2202076,2301,Withdrawn
2202076,2301,Pass
2203216,232,Withdrawn
2204293,4568,Pass
2204389,2611,Pass
2204941,1435,Withdrawn
2205383,3502,Fail
2205559,358,Withdrawn
2207474,1456,Pass
2207874,265,Fail
2208424,1080,Pass
2209728,2220,Pass
2209846,653,Withdrawn
2210318,107,Distinction
2210666,66,Fail
2210989,749,Distinction
2211448,63,Fail
2211630,118,Withdrawn
2211797,4070,Pass
2211797,4070,Pass
2213424,1071,Distinction
2213814,88,Withdrawn
2213982,120,Withdrawn
2214589,331,Withdrawn
2214631,411,Pass
2214722,410,Withdrawn
2215898,2028,Pass
2216178,1,Fail
2216442,274,Withdrawn
2216442,274,Fail
2216682,612,Pass
2216778,1269,Pass
2218693,4381,Pass
2221654,821,Pass
2221869,611,Fail
2221869,611,Withdrawn
2222615,3230,Pass
2223401,281,Withdrawn
2224174,1558,Distinction
2225190,13,Fail
2226202,1528,Pass
2226301,380,Pass
2226620,1320,Fail
2227004,47,Withdrawn
2227568,1298,Distinction
2227786,519,Fail
2228010,2052,Pass
2228206,1234,Withdrawn
2228206,1234,Withdrawn
2228601,2890,Distinction
2229389,1752,Pass
2229783,2367,Fail
2229783,2367,Pass
2229785,246,Withdrawn
2229865,3236,Pass
2230251,801,Pass
2230407,705,Withdrawn
2230457,263,Withdrawn
2231018,1064,Pass
2231512,369,Distinction
2231614,1502,Distinction
2231810,3448,Pass
2231961,736,Distinction
2232218,2005,Withdrawn
2232218,2005,Pass
2232340,2106,Fail
2232976,450,Withdrawn
2235019,519,Fail
2236538,270,Fail
2236738,1093,Distinction
2237223,332,Fail
2237567,618,Withdrawn
2237813,32,Fail
2238019,1124,Fail
2238148,5492,Distinction
2238424,395,Withdrawn
2238679,118,Fail
2238904,183,Fail
2239140,245,Fail
2239650,9905,Distinction
2239746,13604,Pass
2239848,2165,Pass
2240349,3109,Pass
2241036,244,Fail
2241250,136,Fail
2242067,1260,Pass
2242290,595,Fail
2242383,280,Withdrawn
2242383,280,Withdrawn
2242595,4568,Fail
2242732,3578,Pass
2243505,2011,Pass
2243551,119,Fail
2243703,263,Pass
2244214,64,Withdrawn
2244285,4177,Pass
2244332,13879,Distinction
2244724,286,Fail
2245011,86,Withdrawn
2246073,635,Pass
2247222,673,Pass
2248072,253,Pass
2248122,276,Pass
2248243,1274,Pass
2248715,1079,Pass
2248779,2,Fail
2248789,3748,Fail
2249143,1166,Pass
2249372,4180,Pass
2250842,2219,Distinction
2251500,1164,Fail
2252437,3392,Withdrawn
2252437,3392,Withdrawn
2252437,3392,Pass
2252750,1077,Pass
2252765,3247,Distinction
2252905,36,Fail
2252963,517,Pass
2253576,34,Fail
2254252,4992,Fail
2254271,662,Fail
2254619,1660,Pass
2254637,3279,Pass
2255516,4826,Distinction
2255601,2543,Withdrawn
2256134,1249,Withdrawn
2256318,3024,Withdrawn
2256318,3024,Pass
2257112,8456,Pass
2257112,8456,Distinction
2257400,1667,Pass
2257740,3687,Pass
2257853,14560,Pass
2258124,1079,Distinction
2258228,404,Fail
2259662,1189,Pass
2260861,1109,Pass
2261138,1358,Withdrawn
2261142,1662,Fail
2262510,329,Distinction
2262671,60,Fail
2264054,2570,Pass
2264282,75,Withdrawn
2264569,73,Withdrawn
2265234,83,Withdrawn
2265419,1255,Withdrawn
2265935,1231,Withdrawn
2266377,105,Fail
2266650,133,Fail
2266889,621,Pass
2267712,150,Fail
2268049,273,Withdrawn
2268379,1685,Pass
2268380,663,Pass
2269148,232,Withdrawn
2269480,610,Distinction
2269561,171,Fail
2270562,1926,Distinction
2270880,1237,Pass
2271264,259,Pass
2271644,321,Pass
2271743,250,Withdrawn
2271743,250,Fail
2271766,288,Pass
2272023,816,Withdrawn
2272474,400,Pass
2272630,154,Withdrawn
2272874,739,Fail
2273119,105,Withdrawn
2273256,887,Withdrawn
2273828,2122,Withdrawn
2273828,2122,Withdrawn
2274542,5605,Pass
2274929,130,Withdrawn
2274938,911,Fail
2276854,19,Withdrawn
2276893,3,Withdrawn
2277009,1441,Pass
2277857,2672,Pass
2277941,6,Withdrawn
2278095,953,Pass
2278101,2585,Pass
2278390,5795,Fail
2278464,307,Pass
2279403,1963,Pass
2279449,1660,Pass
2279538,56,Fail
2280038,78,Fail
2280314,1463,Pass
2280643,1411,Pass
2280739,2950,Fail
2281286,390,Pass
2281292,706,Pass
2281441,4655,Pass
2281483,5644,Pass
2281870,82,Withdrawn
2282040,1221,Pass
2282129,129,Fail
2282141,208,Withdrawn
2282620,1882,Fail
2283708,3223,Withdrawn
2284294,3469,Distinction
2284583,1283,Pass
2285156,1017,Distinction
2285405,610,Pass
2285527,1685,Pass
2285527,1685,Pass
2286312,1719,Pass
2286544,1979,Pass
2286574,1319,Fail
2288454,2243,Pass
2288599,391,Withdrawn
2288599,391,Fail
2288607,1341,Distinction
2289032,271,Fail
2289071,1004,Pass
2289145,4953,Pass
2289847,1661,Pass
2290090,544,Pass
2290267,2758,Pass
2290604,1914,Pass
2290883,4591,Pass
2290886,2244,Pass
2291598,1882,Pass
2291760,319,Pass
2292047,406,Withdrawn
2292724,1379,Pass
2293443,2316,Distinction
2293511,4920,Distinction
2293923,303,Pass
2294490,899,Fail
2296163,2272,Pass
2296716,191,Fail
2296749,319,Pass
2296908,76,Withdrawn
2297016,2504,Pass
2297770,5,Withdrawn
2297896,566,Pass
2298106,3671,Distinction
2298316,352,Withdrawn
2298402,216,Withdrawn
2298895,5302,Pass
2298895,5302,Distinction
2299338,701,Distinction
2299682,326,Withdrawn
2299745,282,Fail
2299808,3865,Distinction
2300911,432,Withdrawn
2300911,432,Withdrawn
2300913,558,Fail
2301111,60,Withdrawn
2301511,1112,Fail
2301830,6801,Pass
2302925,3679,Withdrawn
2303034,481,Fail
2303083,3,Fail
2303413,3425,Pass
2303848,55,Withdrawn
2304417,6318,Pass
2305237,857,Withdrawn
2305237,857,Withdrawn
2305237,857,Withdrawn
2305957,91,Withdrawn
2305957,91,Withdrawn
2306016,3032,Distinction
2306410,2703,Pass
2306519,545,Pass
2307237,197,Fail
2308026,242,Pass
2308528,874,Pass
2308564,144,Pass
2310615,1557,Pass
2311714,1339,Pass
2312279,9652,Pass
2312620,1129,Withdrawn
2312783,1652,Fail
2312809,425,Pass
2313257,28,Withdrawn
2314761,1658,Withdrawn
2314761,1658,Pass
2315082,126,Withdrawn
2316201,2669,Pass
2316717,1899,Withdrawn
2317273,301,Pass
2317337,275,Withdrawn
2318055,1726,Withdrawn
2318055,1726,Pass
2318161,395,Pass
2318590,1036,Withdrawn
2318763,682,Fail
2320306,2004,Pass
2321492,54,Withdrawn
2321660,234,Pass
2321898,67,Fail
2322046,245,Withdrawn
2322120,8,Fail
2322342,1143,Distinction
2322813,17,Withdrawn
2323944,4422,Pass
2325606,258,Withdrawn
2326041,1500,Withdrawn
2326401,188,Withdrawn
2326475,1669,Pass
2326597,642,Pass
2327045,2413,Pass
2327072,477,Pass
2327472,2902,Pass
2327472,2902,Pass
2327494,1888,Fail
2327494,1888,Pass
2327710,1173,Withdrawn
2328759,91,Withdrawn
2329342,565,Pass
2329539,368,Withdrawn
2329539,368,Withdrawn
2330254,2867,Pass
2330534,1478,Fail
2331750,1877,Pass
2332060,1545,Pass
2332934,1581,Fail
2333156,5218,Distinction
2333244,2900,Withdrawn
2333244,2900,Pass
2333415,2297,Pass
2334319,1869,Pass
2334930,248,Pass
2336550,465,Pass
2336654,99,Fail
2336922,2594,Withdrawn
2336922,2594,Pass
2337362,3654,Pass
2337441,178,Fail
2337889,4175,Pass
2337919,28,Withdrawn
2338255,1544,Pass
2338290,2370,Withdrawn
2338290,2370,Pass
2338422,2421,Pass
2338535,555,Withdrawn
2338535,555,Fail
2338586,330,Distinction
2338614,51,Withdrawn
2339267,2359,Pass
2339333,454,Pass
2339528,593,Distinction
2339789,2807,Distinction
2340165,2282,Distinction
2340190,5,Fail
2340230,3273,Pass
2340230,3273,Withdrawn
2340746,1629,Pass
2340786,4809,Distinction
2340786,4809,Distinction
2341415,3264,Distinction
2341420,2807,Pass
2341830,1766,Pass
2341839,610,Withdrawn
2342045,296,Withdrawn
2342238,118,Withdrawn
2342399,465,Pass
2342426,1814,Fail
2343293,2532,Fail
2343337,1613,Distinction
2343354,274,Pass
2343413,471,Pass
2343785,3859,Pass
2343809,875,Withdrawn
2343809,875,Pass
2344901,445,Fail
2344957,6342,Pass
2345307,205,Withdrawn
2345438,3191,Pass
2345751,5620,Pass
2345900,5351,Distinction
2346145,3378,Pass
2346679,5812,Pass
2347802,2135,Distinction
2348111,3353,Pass
2348120,960,Withdrawn
2348961,557,Pass
2349805,25,Fail
2349825,491,Withdrawn
2349926,84,Fail
2350300,177,Fail
2351235,126,Withdrawn
2351589,1087,Distinction
2351969,1859,Pass
2352039,647,Withdrawn
2352039,647,Withdrawn
2352280,3481,Pass
2352407,2453,Pass
2353764,924,Pass
2353766,86,Withdrawn
2354732,1746,Fail
2355214,806,Fail
2355274,2184,Pass
2355470,216,Pass
2355555,41,Fail
2355701,83,Withdrawn
2356049,19,Withdrawn
2356196,267,Fail
2356318,393,Fail
2356801,1503,Pass
2356809,1076,Distinction
2357019,495,Pass
2357168,361,Withdrawn
2357629,3007,Distinction
2357806,58,Withdrawn
2358056,1588,Fail
2358258,997,Pass
2358423,2184,Pass
2358707,3331,Withdrawn
2358707,3331,Withdrawn
2358707,3331,Pass
2358969,2106,Withdrawn
2358969,2106,Pass
2359191,2844,Pass
2359504,581,Fail
2360071,15,Withdrawn
2360322,1750,Pass
2360559,4480,Pass
2361633,2461,Pass
2362169,1759,Pass
2363168,2751,Pass
2363863,4481,Distinction
2363875,547,Pass
2364160,3692,Pass
2364471,7182,Pass
2364565,5498,Pass
2364637,389,Pass
2364905,1611,Fail
2365602,609,Fail
2366024,1698,Fail
2366070,354,Withdrawn
2366117,6569,Distinction
2366656,2749,Distinction
2366701,28,Withdrawn
2366701,28,Withdrawn
2367058,368,Withdrawn
2367058,368,Withdrawn
2367155,2148,Pass
2367887,70,Withdrawn
2367887,70,Withdrawn
2369187,446,Pass
2369266,2146,Pass
2369415,729,Pass
2371311,96,Fail
2372088,100,Withdrawn
2372573,24,Withdrawn
2372788,5633,Withdrawn
2372788,5633,Distinction
2373245,565,Distinction
2373648,170,Withdrawn
2374002,8447,Distinction
2374051,924,Fail
2374376,106,Withdrawn
2374404,2257,Pass
2375123,843,Withdrawn
2375123,843,Pass
2375144,2108,Withdrawn
2375259,539,Withdrawn
2375526,785,Fail
2375627,712,Withdrawn
2375627,712,Pass
2375759,3089,Distinction
2375975,4298,Pass
2376496,749,Pass
2376512,2382,Pass
2376512,2382,Pass
2376628,313,Pass
2376717,83,Withdrawn
2377567,1352,Distinction
2377623,3718,Pass
2377769,1626,Withdrawn
2377769,1626,Pass
2378208,2113,Pass
2378591,230,Fail
2379431,181,Fail
2379512,3932,Pass
2380539,1031,Pass
2380602,7,Withdrawn
2381745,2598,Withdrawn
2381745,2598,Withdrawn
2381845,1855,Fail
2382048,1237,Distinction
2382253,354,Fail
2382965,4,Withdrawn
2383036,1665,Withdrawn
2383036,1665,Pass
2383307,3307,Pass
2383780,4625,Fail
2383921,4677,Pass
2383983,1992,Pass
2384666,436,Withdrawn
2384687,594,Withdrawn
2384819,354,Distinction
2385665,1019,Pass
2386281,769,Pass
2386732,6660,Distinction
2386867,147,Withdrawn
2387054,6738,Distinction
2387566,321,Fail
2387725,1279,Withdrawn
2388030,300,Fail
2388492,198,Withdrawn
2388623,1584,Fail
2388623,1584,Pass
2389267,4467,Pass
2389754,2263,Withdrawn
2389754,2263,Pass
2389837,428,Withdrawn
2390117,392,Distinction
2390547,358,Withdrawn
2391004,1343,Pass
2391004,1343,Pass
2391303,256,Fail
2391689,624,Pass
2391984,818,Withdrawn
2392327,1389,Fail
2392554,324,Pass
2392789,663,Pass
2392824,644,Pass
2393230,3218,Pass
2393261,1237,Pass
2393945,5135,Pass
2394090,2221,Withdrawn
2394090,2221,Pass
2394090,2221,Distinction
2394352,219,Withdrawn
2394741,312,Fail
2395016,577,Withdrawn
2395222,207,Fail
2395804,2379,Pass
2396381,3978,Pass
2396471,993,Pass
2396643,365,Fail
2396786,166,Fail
2396985,4064,Fail
2397661,1657,Pass
2398169,46,Fail
2398260,370,Withdrawn
2398313,3219,Pass
2399380,38,Withdrawn
2399758,3089,Pass
2399951,1038,Fail
2400764,1097,Fail
2400764,1097,Fail
2400851,1083,Pass
2401304,1555,Pass
2403701,14536,Pass
2404408,802,Fail
2404530,106,Fail
2405801,205,Withdrawn
2405934,3013,Fail
2406709,3787,Distinction
2407594,1751,Pass
2407762,1305,Fail
2408307,4426,Distinction
2409396,11,Withdrawn
2410140,28,Withdrawn
2410459,187,Fail
2410519,5318,Distinction
2410519,5318,Distinction
2410544,716,Pass
2410609,365,Pass
2410632,684,Fail
2411595,1022,Pass
2411661,574,Fail
2411773,3536,Pass
2411778,1497,Withdrawn
2411981,484,Withdrawn
2411981,484,Withdrawn
2411981,484,Withdrawn
2412002,3344,Distinction
2412152,6408,Pass
2412967,2458,Pass
2413037,1563,Withdrawn
2413191,2683,Pass
2413895,3,Fail
2414945,421,Fail
2414973,255,Pass
2415414,958,Distinction
2415436,1328,Pass
2415480,1435,Distinction
2415526,1780,Pass
2415962,79,Withdrawn
2416024,1224,Fail
2416424,2802,Pass
2416501,4531,Pass
2416774,491,Pass
2417433,2113,Withdrawn
2417433,2113,Fail
2417702,491,Pass
2417975,3862,Pass
2418045,895,Pass
2418277,418,Pass
2418580,1312,Pass
2418732,4823,Distinction
2418732,4823,Distinction
2418877,596,Withdrawn
2418877,596,Fail
2419081,574,Withdrawn
2419115,3328,Distinction
2419926,2391,Pass
2420364,407,Pass
2420725,613,Fail
2420909,133,Pass
2421609,472,Fail
2421929,217,Fail
2421961,1214,Withdrawn
2421961,1214,Fail
2421961,1214,Fail
2422639,26,Withdrawn
2423002,5239,Pass
2423078,17,Withdrawn
2423078,17,Fail
2423655,424,Fail
2424257,3822,Fail
2424697,233,Withdrawn
2424750,2804,Pass
2425156,475,Pass
2425726,659,Withdrawn
2425993,737,Pass
2426332,1863,Pass
2426442,211,Withdrawn
2426864,372,Pass
2427845,3907,Pass
2427886,1795,Fail
2428341,321,Pass
2429854,953,Withdrawn
2429854,953,Fail
2430070,1028,Pass
2430405,996,Pass
2432551,531,Fail
2432655,1216,Pass
2432796,963,Pass
2433069,2474,Distinction
2433216,208,Fail
2433221,4487,Pass
2434017,1286,Withdrawn
2434159,172,Pass
2434339,1384,Distinction
2434369,2871,Distinction
2434666,588,Distinction
2435726,1528,Pass
2435795,2483,Pass
2435965,240,Withdrawn
2436089,1954,Fail
2436400,3089,Withdrawn
2436400,3089,Distinction
2436584,342,Fail
2436584,342,Withdrawn
2436707,142,Fail
2436711,2585,Pass
2436812,577,Fail
2436873,1433,Withdrawn
2437051,724,Withdrawn
2437065,1942,Distinction
2437428,246,Fail
2437591,8279,Withdrawn
2437591,8279,Distinction
2437837,2684,Pass
2437930,1385,Pass
2438784,3334,Pass
2439201,762,Pass
2439239,5398,Withdrawn
2439239,5398,Pass
2440301,2335,Pass
2440756,199,Pass
2441910,1045,Fail
2442423,478,Pass
2442685,81,Pass
2443165,179,Withdrawn
2444088,1620,Distinction
2444109,102,Withdrawn
2444501,102,Withdrawn
2444632,1370,Pass
2444641,434,Fail
2444703,226,Fail
2444705,1573,Pass
2445085,5046,Pass
2445088,226,Withdrawn
2445410,4306,Pass
2445562,350,Pass
2445949,20,Fail
2446109,3407,Pass
2446144,584,Pass
2446599,653,Pass
2446694,821,Fail
2446778,233,Withdrawn
2446778,233,Withdrawn
2447469,240,Withdrawn
2447528,1094,Fail
2448082,1056,Fail
2448699,176,Fail
2449399,1027,Pass
2449490,380,Withdrawn
2449737,1461,Withdrawn
2449819,4925,Pass
2449878,622,Pass
2450600,4295,Distinction
2450650,2191,Pass
2451003,4400,Pass
2451269,746,Pass
2451523,5229,Distinction
2451672,719,Fail
2451726,1325,Withdrawn
2451726,1325,Pass
2452045,583,Pass
2452111,461,Withdrawn
2452289,1333,Pass
2452606,1639,Pass
2452902,1371,Withdrawn
2452902,1371,Pass
2453657,141,Fail
2453691,2212,Distinction
2454119,36,Withdrawn
2454351,58,Withdrawn
2454653,5602,Pass
2454878,3970,Fail
2454878,3970,Pass
2454933,955,Fail
2455066,3830,Pass
2455578,1083,Pass
2455893,1678,Pass
2456387,800,Withdrawn
2456431,2151,Fail
2456480,183,Fail
2456612,1494,Pass
2457147,2878,Pass
2457256,1611,Pass
2457440,1747,Pass
2457907,865,Pass
2458203,1243,Distinction
2458355,4187,Pass
2458925,4433,Fail
2458984,133,Pass
2459051,52,Fail
2459279,52,Fail
2459292,1710,Pass
2459418,396,Fail
2459878,1452,Pass
2460002,132,Fail
2460080,3424,Pass
2460752,2234,Pass
2460775,718,Distinction
2461190,967,Fail
2461936,951,Pass
2462576,241,Pass
2462584,530,Pass
2462607,5100,Pass
2462628,1399,Withdrawn
2462628,1399,Pass
2462862,128,Withdrawn
2463213,12238,Pass
2463282,1983,Withdrawn
2463282,1983,Withdrawn
2463282,1983,Withdrawn
2463950,379,Pass
2464118,1260,Pass
2464118,1260,Pass
2464386,1169,Pass
2464683,3814,Pass
2464683,3814,Withdrawn
2464901,19,Withdrawn
2464963,656,Pass
2465105,2927,Fail
2465186,175,Fail
2465209,619,Withdrawn
2465589,2870,Pass
2465589,2870,Withdrawn
2465876,1349,Pass
2466123,4,Withdrawn
2467267,90,Pass
2468232,2481,Withdrawn
2468232,2481,Withdrawn
2468280,103,Pass
2468706,682,Distinction
2469321,4099,Pass
2469673,523,Fail
2469688,4769,Pass
2469688,4769,Pass
2470326,1261,Fail
2470326,1261,Fail
2470672,1120,Fail
2470694,3115,Withdrawn
2470694,3115,Fail
2471283,980,Pass
2471673,324,Distinction
2471812,62,Withdrawn
2472033,1244,Pass
2472132,1617,Pass
2472145,1070,Pass
2472178,1215,Fail
2472995,408,Fail
2473025,1321,Pass
2473058,171,Withdrawn
2473058,171,Withdrawn
2473456,1687,Pass
2473538,1473,Pass
2473780,1593,Distinction
2474006,1400,Pass
2474436,197,Fail
2474493,249,Pass
2474849,142,Withdrawn
2474925,497,Fail
2474995,6124,Pass
2475591,1969,Pass
2475780,221,Pass
2475886,9,Fail
2476144,656,Withdrawn
2476144,656,Pass
2476409,256,Pass
2476649,647,Pass
2476998,1565,Pass
2477040,289,Fail
2477052,3086,Pass
2477545,54,Withdrawn
2477792,428,Withdrawn
2478799,651,Withdrawn
2478799,651,Fail
2479086,1363,Withdrawn
2479086,1363,Fail
2479413,5385,Pass
2479954,323,Pass
2480886,3761,Withdrawn
2480886,3761,Fail
2481224,1893,Pass
2481482,3054,Pass
2481629,1192,Pass
2481646,3856,Pass
2481765,737,Pass
2481901,1949,Pass
2482085,109,Withdrawn
2482700,1616,Pass
2482710,5364,Pass
2482885,381,Fail
2482994,306,Withdrawn
2482994,306,Fail
2483179,3793,Distinction
2483382,294,Withdrawn
2483568,1881,Pass
2484189,154,Withdrawn
2484726,2221,Pass
2485582,4723,Distinction
2485655,8585,Withdrawn
2485655,8585,Distinction
2486127,1690,Pass
2486159,573,Pass
2486769,1885,Fail
2486769,1885,Fail
2486930,1605,Pass
2487430,440,Pass
2487541,1914,Distinction
2487573,1857,Pass
2487785,787,Withdrawn
2487785,787,Pass
2487982,14807,Pass
2487990,1639,Pass
2488251,2590,Pass
2488382,1133,Pass
2488713,290,Withdrawn
2488965,39,Withdrawn
2492219,3029,Pass
2492787,2275,Distinction
2492827,980,Pass
2493107,101,Withdrawn
2494258,340,Withdrawn
2494258,340,Pass
2494306,593,Pass
2494338,279,Withdrawn
2494507,664,Pass
2494700,3527,Pass
2494999,1046,Fail
2495139,105,Fail
2495352,310,Fail
2496748,3667,Pass
2497090,46,Withdrawn
2497189,23,Withdrawn
2497624,1766,Pass
2498139,1083,Distinction
2498299,1669,Distinction
2498388,1467,Pass
2498388,1467,Pass
2498614,781,Withdrawn
2498700,2864,Pass
2499307,4305,Fail
2499307,4305,Pass
2499525,2222,Pass
2499779,1156,Fail
2499949,125,Withdrawn
2500064,635,Fail
2500149,3812,Pass
2500258,2403,Pass
2501479,855,Fail
2501578,31,Withdrawn
2501768,2234,Pass
2502127,3305,Distinction
2502504,796,Pass
2502516,2936,Distinction
2502707,1175,Withdrawn
2502707,1175,Withdrawn
2503063,3925,Pass
2503063,3925,Pass
2503273,8105,Pass
2503799,2124,Fail
2504129,336,Fail
2505058,187,Fail
2505299,2352,Pass
2505389,22,Withdrawn
2505501,143,Pass
2505859,1643,Pass
2507271,1745,Withdrawn
2507842,1204,Withdrawn
2507993,1055,Pass
2508153,598,Pass
2508403,2289,Withdrawn
2508785,723,Fail
2509321,718,Pass
2509639,1227,Pass
2510414,159,Fail
2510667,5838,Pass
2511519,1156,Distinction
2511859,959,Pass
2512392,4104,Withdrawn
2512392,4104,Pass
2513245,1088,Pass
2513333,468,Fail
2513954,2762,Distinction
2513997,274,Fail
2514044,555,Pass
2514368,377,Distinction
2514379,215,Fail
2514431,6880,Pass
2514898,1828,Pass
2514949,6034,Fail
2516163,4150,Distinction
2516497,40,Fail
2516503,3070,Pass
2516931,209,Fail
2516939,898,Distinction
2517387,369,Withdrawn
2517389,508,Pass
2517778,370,Withdrawn
2517826,59,Withdrawn
2517864,480,Pass
2518069,1617,Pass
2518589,7,Withdrawn
2518617,413,Fail
2518653,670,Distinction
2519138,4393,Pass
2519622,1888,Withdrawn
2519972,817,Fail
2520067,641,Withdrawn
2520290,4020,Pass
2520539,1968,Pass
2520649,544,Pass
2520868,990,Pass
2521459,1078,Pass
2521655,9118,Pass
2521745,198,Fail
2521837,30,Withdrawn
2521865,3945,Pass
2522093,8808,Distinction
2522335,1257,Distinction
2522927,4477,Pass
2522932,5983,Withdrawn
2522932,5983,Fail
2522932,5983,Fail
2523035,1300,Pass
2523146,643,Withdrawn
2523146,643,Fail
2523350,789,Pass
2523430,343,Withdrawn
2523736,470,Pass
2523751,701,Withdrawn
2523915,1268,Pass
2523989,151,Pass
2524127,238,Pass
2524295,57,Pass
2524572,1754,Withdrawn
2524572,1754,Withdrawn
2525062,2897,Distinction
2525633,328,Withdrawn
2525964,1640,Pass
2526483,222,Fail
2526485,1331,Pass
2526493,1640,Distinction
2526537,1520,Withdrawn
2526784,962,Pass
2527066,1349,Pass
2527077,1190,Fail
2528352,105,Withdrawn
2528352,105,Fail
2528966,446,Pass
2529052,323,Fail
2529279,1189,Pass
2529306,269,Fail
2529419,3668,Pass
2529663,795,Pass
2530976,1384,Pass
2531031,1865,Pass
2531298,295,Fail
2532302,1216,Pass
2532320,13769,Distinction
2532322,439,Pass
2532323,2409,Pass
2532643,275,Fail
2532647,251,Fail
2532652,259,Withdrawn
2532785,4526,Distinction
2532840,806,Withdrawn
2533195,755,Pass
2533297,403,Fail
2533383,1438,Pass
2533391,2015,Distinction
2533407,1187,Pass
2533504,6824,Distinction
2533590,32,Fail
2533609,277,Withdrawn
2533650,111,Fail
2534165,4993,Pass
2534954,4139,Pass
2535160,45,Fail
2535666,7000,Pass
2535788,1499,Fail
2536214,386,Fail
2536991,1080,Distinction
2537695,954,Distinction
2537777,3734,Fail
2537898,1108,Pass
2537934,156,Fail
2538123,84,Withdrawn
2538792,691,Pass
2539092,44,Fail
2539641,125,Pass
2539666,114,Fail
2539858,2444,Distinction
2540168,919,Withdrawn
2540195,747,Fail
2540362,315,Fail
2540424,273,Withdrawn
2540424,273,Withdrawn
2540450,19,Fail
2540724,1250,Distinction
2540746,38,Withdrawn
2540871,2177,Fail
2540922,1300,Pass
2541120,487,Distinction
2541388,1486,Pass
2541992,385,Withdrawn
2542116,1275,Pass
2542182,1233,Pass
2542209,3849,Fail
2542291,523,Pass
2542310,127,Fail
2542342,22,Fail
2542431,1355,Pass
2542645,432,Fail
2542724,228,Withdrawn
2542803,626,Withdrawn
2542803,626,Withdrawn
2543208,3601,Pass
2543267,1917,Fail
2543600,1745,Pass
2543637,561,Fail
2544448,425,Fail
2544643,6152,Distinction
2544678,353,Withdrawn
2544678,353,Fail
2544766,1342,Pass
2545047,1675,Pass
2545113,4648,Pass
2545113,4648,Withdrawn
2545413,380,Fail
2545488,464,Withdrawn
2545629,1443,Pass
2545923,4863,Distinction
2546095,2055,Pass
2546315,3758,Distinction
2546445,2372,Withdrawn
2546595,8,Withdrawn
2546763,18,Fail
2546792,353,Withdrawn
2546792,353,Withdrawn
2546976,154,Withdrawn
2547032,181,Withdrawn
2547321,939,Pass
2547402,912,Pass
2548055,5068,Pass
2548877,4713,Pass
2549875,652,Pass
2549939,1726,Pass
2550054,1455,Fail
2550279,2809,Pass
2550290,236,Fail
2550534,1300,Withdrawn
2550946,653,Distinction
2550960,1550,Pass
2551220,1327,Pass
2551797,694,Pass
2551932,539,Withdrawn
2552412,3768,Fail
2552472,519,Withdrawn
2552672,4261,Pass
2552708,837,Pass
2552831,1079,Fail
2553363,5152,Pass
2553749,1540,Withdrawn
2553890,1061,Pass
2554047,15,Withdrawn
2554552,2377,Pass
2554973,1951,Withdrawn
2554973,1951,Withdrawn
2554973,1951,Fail
2555098,71,Fail
2555225,3478,Pass
2555340,4441,Pass
2555596,2605,Withdrawn
2555596,2605,Withdrawn
2555596,2605,Pass
2555893,182,Withdrawn
2556060,2823,Distinction
2556345,1037,Fail
2556345,1037,Withdrawn
2557008,9118,Distinction
2557283,7262,Pass
2557563,608,Pass
2557885,361,Withdrawn
2558071,2558,Pass
2558365,845,Withdrawn
2558365,845,Withdrawn
2558365,845,Fail
2558463,2073,Pass
2558536,76,Withdrawn
2558713,696,Fail
2558893,680,Withdrawn
2559144,2167,Distinction
2559144,2167,Pass
2559575,650,Pass
2559992,168,Fail
2560219,239,Fail
2560520,1147,Distinction
2560595,3613,Distinction
2560868,381,Pass
2561282,601,Fail
2561313,3604,Pass
2561811,1110,Withdrawn
2561811,1110,Fail
2561862,5664,Withdrawn
2561862,5664,Distinction
2561971,1224,Pass
2562034,248,Pass
2562704,312,Withdrawn
2563095,9137,Withdrawn
2563095,9137,Pass
2563715,509,Pass
2564333,4260,Withdrawn
2564333,4260,Withdrawn
2564333,4260,Pass
2564619,1950,Pass
2564711,1729,Distinction
2564744,92,Pass
2566163,1591,Pass
2566592,1359,Pass
2567038,2300,Pass
2567038,2300,Distinction
2567054,3997,Distinction
2567158,963,Pass
2567288,1141,Fail
2567561,2700,Pass
2567571,9875,Pass
2567715,961,Fail
2568059,508,Pass
2568893,1302,Withdrawn
2569051,1687,Fail
2569090,424,Withdrawn
2569163,661,Distinction
2569324,493,Withdrawn
2569324,493,Pass
2569416,3309,Distinction
2569653,227,Fail
2569834,2060,Withdrawn
2569834,2060,Pass
2569912,11,Withdrawn
2569912,11,Withdrawn
2569942,4178,Pass
2570092,334,Distinction
2570253,5911,Pass
2570274,3157,Pass
2570396,1207,Pass
2570633,1,Withdrawn
2570929,7031,Pass
2571054,173,Pass
2571447,229,Fail
2571497,1162,Pass
2572118,74,Fail
2572145,92,Fail
2572441,4084,Pass
2573353,433,Fail
2574281,187,Fail
2574365,384,Distinction
2574453,70,Withdrawn
2574528,988,Pass
2574583,1890,Pass
2574822,65,Withdrawn
2574825,127,Fail
2574909,2252,Withdrawn
2574909,2252,Pass
2574990,1855,Fail
2575119,214,Fail
2575914,1031,Withdrawn
2575914,1031,Pass
2575994,161,Fail
2576122,261,Withdrawn
2576122,261,Fail
2576298,102,Withdrawn
2576298,102,Fail
2576637,1875,Distinction
2577091,262,Withdrawn
2577437,249,Withdrawn
2577480,772,Withdrawn
2577480,772,Withdrawn
2577893,7064,Pass
2578004,111,Withdrawn
2578532,954,Pass
2578567,529,Fail
2578676,1260,Pass
2578704,851,Withdrawn
2578802,626,Pass
2578992,2510,Pass
2578995,1326,Pass
2578996,3284,Pass
2579401,1415,Pass
2579459,653,Distinction
2579558,289,Withdrawn
2579673,75,Fail
2579683,96,Withdrawn
2579891,3019,Pass
2580196,599,Fail
2580439,334,Pass
2580545,3473,Pass
2580626,3067,Distinction
2581477,5956,Pass
2581528,511,Pass
2581536,4796,Pass
2581603,1771,Pass
2581654,1755,Pass
2581779,1486,Pass
2581800,195,Withdrawn
2581822,1495,Withdrawn
2581822,1495,Pass
2583791,504,Fail
2583997,20,Fail
2584244,2956,Pass
2584834,462,Pass
2584873,1443,Pass
2585270,1503,Withdrawn
2585270,1503,Pass
2585285,2766,Pass
2585330,4577,Pass
2585395,105,Withdrawn
2585937,331,Pass
2586026,10,Fail
2586560,2905,Pass
2586748,58,Withdrawn
2586748,58,Withdrawn
2587329,1489,Pass
2588201,3894,Pass
2588201,3894,Pass
2588215,376,Withdrawn
2588215,376,Fail
2588294,217,Withdrawn
2588296,61,Withdrawn
2588379,105,Fail
2588467,55,Fail
2588543,1252,Fail
2588655,414,Withdrawn
2588655,414,Fail
2588742,309,Pass
2589096,1237,Withdrawn
2589352,3274,Pass
2590189,2386,Pass
2590531,887,Withdrawn
2590564,1353,Distinction
2590864,637,Pass
2590948,101,Fail
2590999,2787,Distinction
2591421,864,Withdrawn
2591421,864,Pass
2591672,68,Fail
2591974,459,Distinction
2592923,191,Fail
2592973,5352,Pass
2593175,19,Withdrawn
2593689,501,Pass
2593755,776,Pass
2593920,1095,Pass
2594139,1868,Pass
2594368,388,Pass
2594888,540,Pass
2595058,200,Fail
2595204,1438,Fail
2595457,337,Withdrawn
2595457,337,Fail
2595526,20,Withdrawn
2595526,20,Withdrawn
2595641,1638,Pass
2595665,1210,Pass
2595730,2726,Withdrawn
2595730,2726,Pass
2595841,969,Fail
2595968,83,Withdrawn
2596553,993,Withdrawn
2596621,13349,Pass
2596621,13349,Distinction
2597117,5486,Distinction
2597543,626,Pass
2597673,24,Withdrawn
2598220,2,Fail
2598509,1245,Pass
2598631,201,Fail
2598861,58,Withdrawn
2598871,2049,Pass
2598913,562,Fail
2598961,6792,Distinction
2598961,6792,Distinction
2599162,1017,Fail
2599162,1017,Withdrawn
2599179,1915,Pass
2599352,1160,Pass
2599784,941,Pass
2599817,989,Pass
2599883,5358,Distinction
2599883,5358,Withdrawn
2599883,5358,Pass
2600688,582,Pass
2600862,1966,Distinction
2600887,2569,Pass
2601889,2473,Pass
2602235,803,Withdrawn
2602235,803,Fail
2602253,1,Withdrawn
2602264,3038,Distinction
2602264,3038,Distinction
2602338,816,Fail
2602486,3135,Pass
2602542,4071,Withdrawn
2602542,4071,Distinction
2602679,518,Distinction
2602809,8660,Pass
2603027,6019,Pass
2603195,1478,Pass
2603195,1478,Pass
2604212,8959,Fail
2604660,404,Withdrawn
2604698,70,Withdrawn
2604856,2245,Withdrawn
2604856,2245,Fail
2604975,2820,Pass
2605030,66,Withdrawn
2605337,3344,Pass
2606098,491,Pass
2606636,9156,Distinction
2606765,236,Pass
2606802,306,Fail
2606871,843,Withdrawn
2606890,3913,Pass
2607641,516,Pass
2607824,2696,Pass
2607849,3683,Distinction
2607945,168,Withdrawn
2608143,37,Withdrawn
2608235,950,Pass
2608453,2176,Fail
2608626,1727,Distinction
2608828,1200,Pass
2609069,29,Withdrawn
2609574,45,Withdrawn
2609768,41,Withdrawn
2609908,985,Pass
2609908,985,Pass
2609955,126,Fail
2610581,93,Withdrawn
2610745,662,Pass
2610837,184,Withdrawn
2610837,184,Withdrawn
2610857,1,Withdrawn
2611371,1007,Pass
2611512,301,Fail
2611779,2033,Fail
2611847,108,Fail
2611986,664,Fail
2612069,611,Fail
2612102,4334,Distinction
2612342,1382,Fail
2612483,417,Distinction
2612561,2658,Pass
2612725,363,Withdrawn
2612725,363,Withdrawn
2612728,572,Withdrawn
2613116,1181,Pass
2613219,558,Fail
2613225,1,Withdrawn
2613296,1775,Pass
2613331,2087,Pass
2613746,3391,Withdrawn
2613746,3391,Pass
2613930,4091,Distinction
2614093,527,Pass
2614277,4468,Pass
2614546,1363,Withdrawn
2614777,1574,Pass
2615169,2513,Withdrawn
2615169,2513,Pass
2615761,56,Fail
2615849,1902,Withdrawn
2615849,1902,Pass
2615892,4171,Pass
2615956,421,Fail
2616787,623,Pass
2616950,5196,Pass
2616950,5196,Pass
2616978,5037,Distinction
2617002,1473,Pass
2617541,6357,Pass
2617596,3652,Distinction
2617635,895,Fail
2617635,895,Pass
2617839,292,Pass
2617999,1290,Pass
2618352,641,Withdrawn
2619025,7219,Pass
2619025,7219,Distinction
2619107,437,Distinction
2619184,5162,Withdrawn
2619496,591,Distinction
2619719,1951,Withdrawn
2619903,14,Fail
2620178,473,Distinction
2620279,136,Withdrawn
2620432,49,Withdrawn
2620584,92,Fail
2620636,259,Fail
2620661,1739,Pass
2620661,1739,Pass
2620930,2603,Distinction
2620947,476,Distinction
2621379,188,Withdrawn
2621590,221,Fail
2621695,469,Pass
2621734,1741,Withdrawn
2621734,1741,Fail
2622441,1620,Pass
2622441,1620,Pass
2622465,1827,Pass
2622627,929,Withdrawn
2622627,929,Pass
2622634,220,Withdrawn
2622634,220,Withdrawn
2622652,1086,Pass
2623196,4212,Pass
2623263,6675,Distinction
2623263,6675,Distinction
2623427,3750,Fail
2623427,3750,Pass
2623496,3075,Pass
2623532,623,Withdrawn
2623656,735,Pass
2623960,792,Withdrawn
2624028,4129,Pass
2624040,927,Pass
2624569,277,Withdrawn
2624720,3704,Fail
2624961,365,Fail
2625021,26,Fail
2625315,3744,Fail
2625545,189,Fail
2625693,1600,Pass
2626179,578,Pass
2626410,1184,Withdrawn
2626410,1184,Fail
2626417,342,Withdrawn
2626779,2598,Pass
2627398,138,Withdrawn
2627449,1201,Pass
2627491,1123,Withdrawn
2627992,6112,Pass
2628025,223,Fail
2628246,8,Withdrawn
2629436,1491,Fail
2629503,29,Withdrawn
2630087,90,Withdrawn
2630284,549,Withdrawn
2630284,549,Withdrawn
2630284,549,Withdrawn
2630469,152,Withdrawn
2631092,13,Withdrawn
2631225,1220,Withdrawn
2631298,700,Withdrawn
2631545,109,Fail
2631703,731,Distinction
2631935,28,Withdrawn
2632165,2202,Pass
2632491,310,Fail
2633052,475,Fail
2633226,1044,Pass
2633235,2330,Pass
2633981,245,Withdrawn
2634238,361,Fail
2634238,361,Fail
2634319,3405,Distinction
2634654,248,Fail
2634868,3989,Distinction
2634946,411,Withdrawn
2635116,306,Withdrawn
2635163,1084,Pass
2635505,458,Pass
2635658,137,Withdrawn
2635829,2443,Distinction
2636225,1950,Pass
2636552,216,Withdrawn
2636552,216,Fail
2636696,171,Pass
2636885,1333,Withdrawn
2636885,1333,Fail
2636921,470,Withdrawn
2637000,1013,Withdrawn
2637000,1013,Fail
2637219,4403,Distinction
2637239,60,Withdrawn
2637912,339,Fail
2638377,945,Pass
2638403,1196,Pass
2638464,73,Withdrawn
2638532,297,Pass
2638818,1651,Distinction
2639021,165,Withdrawn
2639115,3552,Pass
2639310,4785,Pass
2639310,4785,Pass
2639319,7139,Pass
2639339,42,Withdrawn
2639410,1749,Withdrawn
2639449,797,Pass
2639451,1526,Distinction
2639540,1964,Pass
2639611,417,Pass
2639641,2042,Pass
2640063,166,Fail
2640965,41,Fail
2640992,1450,Fail
2641155,4109,Pass
2641156,1501,Pass
2641236,1380,Withdrawn
2641254,6832,Pass
2641364,7324,Pass
2641393,1867,Pass
2641486,440,Pass
2641657,270,Pass
2641682,239,Fail
2641935,1176,Pass
2642029,1067,Distinction
2642498,196,Withdrawn
2642532,1536,Pass
2642616,1803,Pass
2642697,2355,Distinction
2642717,1985,Pass
2642830,561,Pass
2642935,4385,Distinction
2642994,511,Withdrawn
2642994,511,Withdrawn
2643002,2434,Pass
2643007,1014,Pass
2643028,1228,Pass
2643034,341,Withdrawn
2643122,704,Pass
2643240,457,Withdrawn
2643472,1854,Pass
2643555,1330,Pass
2643574,4550,Pass
2643777,367,Fail
2643829,2205,Fail
2644404,1457,Pass
2644404,1457,Pass
2645061,1401,Pass
2645731,893,Distinction
2645733,1596,Pass
2646291,1188,Pass
2646317,8782,Pass
2646737,681,Withdrawn
2646737,681,Fail
2646795,81,Withdrawn
2647043,3733,Fail
2647226,1271,Pass
2647314,3156,Pass
2647893,1067,Distinction
2648035,2920,Pass
2648187,312,Pass
2648271,463,Withdrawn
2648271,463,Withdrawn
2648271,463,Withdrawn
2648317,149,Withdrawn
2648611,1513,Pass
2649121,19,Withdrawn
2649800,1249,Pass
2649826,5974,Distinction
2649914,817,Distinction
2649947,677,Pass
2649948,3365,Fail
2650282,641,Pass
2650337,821,Pass
2650555,2257,Pass
2650741,3572,Fail
2650741,3572,Pass
2652066,3,Withdrawn
2652209,1877,Pass
2652268,56,Fail
2652523,296,Fail
2652532,198,Withdrawn
2653027,14,Fail
2653570,95,Fail
2653689,418,Fail
2654302,181,Pass
2654409,3437,Pass
2654602,619,Withdrawn
2654602,619,Withdrawn
2654628,1368,Pass
2654928,1785,Pass
2655370,1654,Pass
2655683,1841,Fail
2655763,606,Fail
2656100,873,Pass
2656282,405,Withdrawn
2656860,269,Withdrawn
2657781,1346,Pass
2657913,2352,Pass
2657915,1664,Distinction
2658268,580,Fail
2658271,243,Withdrawn
2658277,443,Fail
2658314,2910,Pass
2658856,2775,Pass
2658898,852,Pass
2659042,8049,Distinction
2659530,1366,Distinction
2659556,444,Fail
2659650,6128,Pass
2659756,881,Fail
2660408,512,Pass
2660510,333,Pass
2661012,5,Withdrawn
2661162,1976,Pass
2661696,129,Withdrawn
2661827,2773,Pass
2661870,378,Pass
2662152,2117,Pass
2662178,627,Pass
2662451,1,Withdrawn
2662716,147,Fail
2662742,61,Fail
2663010,1015,Pass
2663131,2077,Pass
2663195,1112,Pass
2664024,808,Pass
2664036,3,Fail
2664301,51,Fail
2665399,2298,Distinction
2665767,640,Withdrawn
2666213,1463,Pass
2666246,612,Pass
2666577,588,Pass
2666831,3997,Pass
2667478,2833,Withdrawn
2667478,2833,Fail
2668106,2386,Distinction
2668106,2386,Withdrawn
2668550,419,Fail
2668945,1167,Withdrawn
2668945,1167,Fail
2669206,854,Pass
2669736,2189,Pass
2669816,280,Fail
2669995,984,Pass
2670012,18,Withdrawn
2670300,1629,Pass
2670570,1389,Pass
2671132,3720,Pass
2671469,2179,Pass
2672138,768,Distinction
2672155,48,Withdrawn
2672686,5809,Distinction
2672734,792,Withdrawn
2673510,230,Withdrawn
2674773,3220,Pass
2674822,96,Fail
2675343,451,Pass
2675393,83,Fail
2676809,309,Fail
2676920,4083,Pass
2677097,2217,Withdrawn
2677097,2217,Pass
2677135,419,Pass
2677210,867,Pass
2677541,2206,Withdrawn
2677541,2206,Distinction
2677624,1158,Pass
2677955,1272,Pass
2677969,303,Fail
2678338,1652,Fail
2678380,900,Pass
2678429,5239,Pass
2678580,347,Withdrawn
2678587,6,Withdrawn
2678643,2287,Pass
2678993,1343,Withdrawn
2679386,855,Distinction
2679694,32,Fail
2679821,275,Withdrawn
2680312,4966,Pass
2680344,1920,Pass
2680380,1636,Pass
2680742,659,Pass
2680770,251,Withdrawn
2680885,149,Distinction
2680988,1872,Fail
2681198,6269,Withdrawn
2681198,6269,Withdrawn
2681198,6269,Withdrawn
2681198,6269,Pass
2681270,2585,Pass
2681277,974,Withdrawn
2681277,974,Withdrawn
2681471,464,Withdrawn
2681505,61,Pass
2681782,86,Withdrawn
2681783,260,Pass
2681940,898,Pass
2682002,813,Distinction
2682682,3532,Distinction
2682693,158,Fail
2682745,52,Withdrawn
2682834,98,Withdrawn
2683697,35,Fail
2683836,781,Pass
2683857,9674,Withdrawn
2683857,9674,Pass
2684003,616,Distinction
2684043,586,Pass
2684048,387,Withdrawn
2684417,134,Withdrawn
2684847,1090,Pass
2684993,2469,Pass
2685154,17,Withdrawn
2685247,491,Distinction
2685827,1121,Withdrawn
2685827,1121,Pass
2685831,840,Pass
2685863,1391,Pass
2685865,2815,Pass
2686035,1705,Withdrawn
2686053,2336,Distinction
2686074,2343,Withdrawn
2686074,2343,Pass
2686365,48,Fail
2686536,4322,Pass
2686578,3065,Distinction
2686578,3065,Distinction
2686609,3302,Withdrawn
2686609,3302,Pass
2686712,2554,Fail
2686712,2554,Fail
2686865,497,Pass
2686866,402,Fail
2686875,3419,Pass
2687045,4603,Withdrawn
2687045,4603,Withdrawn
2687176,1052,Fail
2687378,1175,Pass
2687739,31,Withdrawn
2687858,1908,Pass
2687989,3891,Pass
2688067,289,Pass
2688166,680,Pass
2688202,281,Withdrawn
2688202,281,Withdrawn
2688422,368,Withdrawn
2688495,2068,Distinction
2688692,372,Pass
2688945,772,Pass
2689013,527,Withdrawn
2689210,6560,Pass
2689480,826,Pass
2689501,375,Withdrawn
2689536,767,Pass
2689863,1011,Pass
2689958,3929,Distinction
2690062,257,Withdrawn
2690136,34,Fail
2691100,641,Pass
2691206,2297,Distinction
2691244,472,Pass
2691267,2294,Withdrawn
2691267,2294,Pass
2691566,206,Fail
2691740,2811,Fail
2691780,323,Withdrawn
2691780,323,Withdrawn
2691780,323,Withdrawn
2691861,964,Fail
2692101,344,Withdrawn
2692101,344,Fail
2692186,708,Pass
2692327,2408,Distinction
2692384,975,Pass
2692514,6661,Pass
2692577,985,Distinction
2692632,606,Withdrawn
2692948,493,Pass
2692969,2408,Pass
2693243,2643,Distinction
2693772,20,Withdrawn
2693932,2597,Pass
2694139,1382,Withdrawn
2694424,4218,Pass
2694680,48,Fail
2694788,100,Fail
2694886,911,Pass
2694919,1369,Pass
2694933,935,Pass
2695362,564,Distinction
2695608,3252,Pass
2696376,282,Fail
2697181,1599,Pass
2697608,26,Withdrawn
2697630,1109,Pass
2697773,148,Fail
2697885,1986,Pass
2697921,4086,Withdrawn
2697921,4086,Fail
2697921,4086,Pass
2698125,1243,Pass
2698251,1511,Fail
2698257,758,Pass
2698535,4241,Withdrawn
2698535,4241,Pass
2698577,717,Fail
2698588,605,Distinction
